#VRML V2.0 utf8
#kicad StepUp wrl exported

Shape { geometry IndexedFaceSet 
{ creaseAngle 1.00 coordIndex [0,1,2,-1,2,1,3,-1,3,4,5,-1,1,4,3,-1,5,6,7,-1,4,6,5,-1,7,8,9,-1,6,8,7,-1,9,10,11,-1,8,10,9,-1,11,12,13,-1,13,12,14,-1,10,12,11,-1,12,15,14,-1,14,16,17,-1,15,16,14,-1,17,18,19,-1,19,18,20,-1,16,18,17,-1,18,21,20,-1,21,22,20,-1,20,22,23,-1,22,24,23,-1,23,24,25,-1,24,26,25,-1,25,26,27,-1,27,26,28,-1,26,29,28,-1,28,30,31,-1,29,30,28,-1,31,32,33,-1,30,32,31,-1,33,34,35,-1,32,34,33,-1,35,36,37,-1,34,36,35,-1,37,38,39,-1,36,38,37,-1,39,40,41,-1,38,40,39,-1,41,42,43,-1,40,42,41,-1,43,44,45,-1,42,44,43,-1,45,46,47,-1,44,46,45,-1,47,48,49,-1,46,48,47,-1,49,50,51,-1,48,50,49,-1,51,52,53,-1,50,52,51,-1,53,54,55,-1,52,54,53,-1,55,56,57,-1,54,56,55,-1,57,58,59,-1,56,58,57,-1,59,60,61,-1,58,60,59,-1,61,62,63,-1,60,62,61,-1,63,64,65,-1,62,64,63,-1,65,66,67,-1,64,66,65,-1,67,68,69,-1,69,68,70,-1,66,68,67,-1,68,71,70,-1,71,72,70,-1,70,72,73,-1,73,72,74,-1,72,75,74,-1,75,76,74,-1,74,76,77,-1,77,76,78,-1,76,79,78,-1,79,80,78,-1,78,80,81,-1,81,80,82,-1,80,83,82,-1,82,83,84,-1,83,85,84,-1,85,86,84,-1,84,86,87,-1,86,88,87,-1,87,88,89,-1,89,88,90,-1,88,91,90,-1,91,92,90,-1,90,92,93,-1,93,92,94,-1,92,95,94,-1,95,96,94,-1,94,96,97,-1,96,98,97,-1,97,98,99,-1,99,100,101,-1,98,100,99,-1,101,102,103,-1,100,102,101,-1,103,104,105,-1,102,104,103,-1,105,106,107,-1,104,106,105,-1,107,108,109,-1,106,108,107,-1,109,110,111,-1,108,110,109,-1,111,112,113,-1,113,112,114,-1,110,112,111,-1,112,115,114,-1,114,116,117,-1,115,116,114,-1,117,118,119,-1,116,118,117,-1,119,120,121,-1,118,120,119,-1,121,122,123,-1,120,122,121,-1,122,124,123,-1,123,124,125,-1,124,126,125,-1,125,126,127,-1,126,128,127,-1,127,128,129,-1,128,130,129,-1,129,130,131,-1,130,132,131,-1,131,132,133,-1,132,134,133,-1,133,134,135,-1,134,136,135,-1,135,136,137,-1,136,138,137,-1,137,138,139,-1,139,138,140,-1,138,141,140,-1,141,142,140,-1,140,142,143,-1,142,144,143,-1,143,144,145,-1,145,144,146,-1,144,147,146,-1,147,148,146,-1,146,148,149,-1,148,150,149,-1,149,150,151,-1,150,152,151,-1,151,152,153,-1,152,154,153,-1,153,154,155,-1,154,156,155,-1,155,156,157,-1,157,156,158,-1,156,159,158,-1,159,160,158,-1,158,160,161,-1,160,162,161,-1,161,162,163,-1,162,164,163,-1,163,164,165,-1,165,166,167,-1,164,166,165,-1,167,166,168,-1,166,169,168,-1,168,170,171,-1,171,170,172,-1,169,170,168,-1,170,173,172,-1,172,174,175,-1,173,174,172,-1,174,176,175,-1,175,176,177,-1,176,178,177,-1,177,178,179,-1,178,180,179,-1,179,180,181,-1,180,182,181,-1,181,182,183,-1,183,182,184,-1,182,185,184,-1,185,186,184,-1,184,186,187,-1,187,186,188,-1,186,189,188,-1,188,189,190,-1,189,191,190,-1,190,191,192,-1,191,193,192,-1,193,194,192,-1,192,194,195,-1,194,196,195,-1,195,196,197,-1,196,198,197,-1,197,198,199,-1,199,200,201,-1,198,200,199,-1,201,202,203,-1,200,202,201,-1,203,204,205,-1,202,204,203,-1,205,206,207,-1,204,206,205,-1,207,208,209,-1,206,208,207,-1,209,210,211,-1,208,210,209,-1,211,212,213,-1,210,212,211,-1,213,214,215,-1,212,214,213,-1,215,216,217,-1,214,216,215,-1,217,218,219,-1,216,218,217,-1,219,220,221,-1,218,220,219,-1,221,222,223,-1,220,222,221,-1,223,224,225,-1,222,224,223,-1,224,226,225,-1,225,226,227,-1,226,228,227,-1,227,228,229,-1,228,230,229,-1,229,230,231,-1,230,232,231,-1,231,232,233,-1,233,234,235,-1,232,234,233,-1,235,236,237,-1,234,236,235,-1,237,238,239,-1,236,238,237,-1,239,240,241,-1,238,240,239,-1,241,242,243,-1,240,242,241,-1,243,244,245,-1,242,244,243,-1,245,246,247,-1,244,246,245,-1,247,248,249,-1,246,248,247,-1,249,250,251,-1,248,250,249,-1,251,0,2,-1,250,0,251,-1]
coord Coordinate { point [4.45668 -3.1496 0.3937,4.45546 -3.10054 0.3937,4.45668 -3.1496 1.88976,4.45546 -3.10054 1.88976,4.45179 -3.0516 0.3937,4.45179 -3.0516 1.88976,4.44569 -3.00291 0.3937,4.44569 -3.00291 1.88976,4.43717 -2.95457 0.3937,4.43717 -2.95457 1.88976,4.42625 -2.90673 0.3937,4.42625 -2.90673 1.88976,4.41296 -2.85949 0.3937,4.41296 -2.85949 1.88976,4.39733 -2.81297 1.88976,4.39733 -2.81297 0.3937,4.3794 -2.76728 0.3937,4.3794 -2.76728 1.88976,4.35921 -2.72255 0.3937,4.35921 -2.72255 1.88976,4.33682 -2.67888 1.88976,4.33682 -2.67888 0.3937,4.31229 -2.63638 0.3937,4.31229 -2.63638 1.88976,4.28566 -2.59515 0.3937,4.28566 -2.59515 1.88976,4.25701 -2.55531 0.3937,4.25701 -2.55531 1.88976,4.22641 -2.51694 1.88976,4.22641 -2.51694 0.3937,4.19394 -2.48014 0.3937,4.19394 -2.48014 1.88976,4.15967 -2.44501 0.3937,4.15967 -2.44501 1.88976,4.1237 -2.41163 0.3937,4.1237 -2.41163 1.88976,4.0861 -2.38008 0.3937,4.0861 -2.38008 1.88976,4.04698 -2.35045 0.3937,4.04698 -2.35045 1.88976,4.00644 -2.3228 0.3937,4.00644 -2.3228 1.88976,3.96456 -2.29721 0.3937,3.96456 -2.29721 1.88976,3.92146 -2.27374 0.3937,3.92146 -2.27374 1.88976,3.87724 -2.25245 0.3937,3.87724 -2.25245 1.88976,3.83202 -2.23339 0.3937,3.83202 -2.23339 1.88976,3.7859 -2.2166 0.3937,3.7859 -2.2166 1.88976,3.73901 -2.20214 0.3937,3.73901 -2.20214 1.88976,3.69145 -2.19003 0.3937,3.69145 -2.19003 1.88976,3.64335 -2.1803 0.3937,3.64335 -2.1803 1.88976,3.59482 -2.17299 0.3937,3.59482 -2.17299 1.88976,3.54599 -2.1681 0.3937,3.54599 -2.1681 1.88976,3.49697 -2.16566 0.3937,3.49697 -2.16566 1.88976,3.4479 -2.16566 0.3937,3.4479 -2.16566 1.88976,3.39888 -2.1681 0.3937,3.39888 -2.1681 1.88976,3.35005 -2.17299 0.3937,3.35005 -2.17299 1.88976,3.30152 -2.1803 1.88976,3.30152 -2.1803 0.3937,3.25342 -2.19003 0.3937,3.25342 -2.19003 1.88976,3.20586 -2.20214 1.88976,3.20586 -2.20214 0.3937,3.15896 -2.2166 0.3937,3.15896 -2.2166 1.88976,3.11285 -2.23339 1.88976,3.11285 -2.23339 0.3937,3.06762 -2.25245 0.3937,3.06762 -2.25245 1.88976,3.02341 -2.27374 1.88976,3.02341 -2.27374 0.3937,2.98031 -2.29721 1.88976,2.98031 -2.29721 0.3937,2.93843 -2.3228 0.3937,2.93843 -2.3228 1.88976,2.89788 -2.35045 0.3937,2.89788 -2.35045 1.88976,2.85876 -2.38008 1.88976,2.85876 -2.38008 0.3937,2.82117 -2.41163 0.3937,2.82117 -2.41163 1.88976,2.78519 -2.44501 1.88976,2.78519 -2.44501 0.3937,2.75093 -2.48014 0.3937,2.75093 -2.48014 1.88976,2.71845 -2.51694 0.3937,2.71845 -2.51694 1.88976,2.68786 -2.55531 0.3937,2.68786 -2.55531 1.88976,2.65921 -2.59515 0.3937,2.65921 -2.59515 1.88976,2.63258 -2.63638 0.3937,2.63258 -2.63638 1.88976,2.60804 -2.67888 0.3937,2.60804 -2.67888 1.88976,2.58566 -2.72255 0.3937,2.58566 -2.72255 1.88976,2.56547 -2.76728 0.3937,2.56547 -2.76728 1.88976,2.54754 -2.81297 0.3937,2.54754 -2.81297 1.88976,2.53191 -2.85949 1.88976,2.53191 -2.85949 0.3937,2.51862 -2.90673 0.3937,2.51862 -2.90673 1.88976,2.5077 -2.95457 0.3937,2.5077 -2.95457 1.88976,2.49918 -3.00291 0.3937,2.49918 -3.00291 1.88976,2.49307 -3.0516 0.3937,2.49307 -3.0516 1.88976,2.48941 -3.10054 0.3937,2.48941 -3.10054 1.88976,2.48818 -3.1496 0.3937,2.48818 -3.1496 1.88976,2.48941 -3.19866 0.3937,2.48941 -3.19866 1.88976,2.49307 -3.2476 0.3937,2.49307 -3.2476 1.88976,2.49918 -3.29629 0.3937,2.49918 -3.29629 1.88976,2.5077 -3.34463 0.3937,2.5077 -3.34463 1.88976,2.51862 -3.39247 0.3937,2.51862 -3.39247 1.88976,2.53191 -3.43971 0.3937,2.53191 -3.43971 1.88976,2.54754 -3.48623 1.88976,2.54754 -3.48623 0.3937,2.56547 -3.53192 0.3937,2.56547 -3.53192 1.88976,2.58566 -3.57665 0.3937,2.58566 -3.57665 1.88976,2.60804 -3.62032 1.88976,2.60804 -3.62032 0.3937,2.63258 -3.66282 0.3937,2.63258 -3.66282 1.88976,2.65921 -3.70405 0.3937,2.65921 -3.70405 1.88976,2.68786 -3.74389 0.3937,2.68786 -3.74389 1.88976,2.71845 -3.78226 0.3937,2.71845 -3.78226 1.88976,2.75093 -3.81906 0.3937,2.75093 -3.81906 1.88976,2.78519 -3.85419 1.88976,2.78519 -3.85419 0.3937,2.82117 -3.88757 0.3937,2.82117 -3.88757 1.88976,2.85876 -3.91912 0.3937,2.85876 -3.91912 1.88976,2.89788 -3.94875 0.3937,2.89788 -3.94875 1.88976,2.93843 -3.9764 0.3937,2.93843 -3.9764 1.88976,2.98031 -4.00199 1.88976,2.98031 -4.00199 0.3937,3.02341 -4.02546 0.3937,3.02341 -4.02546 1.88976,3.06762 -4.04675 1.88976,3.06762 -4.04675 0.3937,3.11285 -4.06581 0.3937,3.11285 -4.06581 1.88976,3.15896 -4.0826 0.3937,3.15896 -4.0826 1.88976,3.20586 -4.09706 0.3937,3.20586 -4.09706 1.88976,3.25342 -4.10917 0.3937,3.25342 -4.10917 1.88976,3.30152 -4.1189 0.3937,3.30152 -4.1189 1.88976,3.35005 -4.12621 1.88976,3.35005 -4.12621 0.3937,3.39888 -4.1311 0.3937,3.39888 -4.1311 1.88976,3.4479 -4.13354 1.88976,3.4479 -4.13354 0.3937,3.49697 -4.13354 1.88976,3.49697 -4.13354 0.3937,3.54599 -4.1311 1.88976,3.54599 -4.1311 0.3937,3.59482 -4.12621 0.3937,3.59482 -4.12621 1.88976,3.64335 -4.1189 0.3937,3.64335 -4.1189 1.88976,3.69145 -4.10917 0.3937,3.69145 -4.10917 1.88976,3.73901 -4.09706 0.3937,3.73901 -4.09706 1.88976,3.7859 -4.0826 0.3937,3.7859 -4.0826 1.88976,3.83202 -4.06581 0.3937,3.83202 -4.06581 1.88976,3.87724 -4.04675 0.3937,3.87724 -4.04675 1.88976,3.92146 -4.02546 0.3937,3.92146 -4.02546 1.88976,3.96456 -4.00199 0.3937,3.96456 -4.00199 1.88976,4.00644 -3.9764 0.3937,4.00644 -3.9764 1.88976,4.04698 -3.94875 0.3937,4.04698 -3.94875 1.88976,4.0861 -3.91912 0.3937,4.0861 -3.91912 1.88976,4.1237 -3.88757 0.3937,4.1237 -3.88757 1.88976,4.15967 -3.85419 0.3937,4.15967 -3.85419 1.88976,4.19394 -3.81906 0.3937,4.19394 -3.81906 1.88976,4.22641 -3.78226 0.3937,4.22641 -3.78226 1.88976,4.25701 -3.74389 0.3937,4.25701 -3.74389 1.88976,4.28566 -3.70405 0.3937,4.28566 -3.70405 1.88976,4.31229 -3.66282 0.3937,4.31229 -3.66282 1.88976,4.33682 -3.62032 0.3937,4.33682 -3.62032 1.88976,4.35921 -3.57665 0.3937,4.35921 -3.57665 1.88976,4.3794 -3.53192 0.3937,4.3794 -3.53192 1.88976,4.39733 -3.48623 0.3937,4.39733 -3.48623 1.88976,4.41296 -3.43971 0.3937,4.41296 -3.43971 1.88976,4.42625 -3.39247 0.3937,4.42625 -3.39247 1.88976,4.43717 -3.34463 0.3937,4.43717 -3.34463 1.88976,4.44569 -3.29629 0.3937,4.44569 -3.29629 1.88976,4.45179 -3.2476 0.3937,4.45179 -3.2476 1.88976,4.45546 -3.19866 0.3937,4.45546 -3.19866 1.88976]
}}
appearance Appearance{material Material{diffuseColor 0.917647 0.917647 0.917647
transparency 0}}}
Shape { geometry IndexedFaceSet 
{ creaseAngle 1.00 coordIndex [0,1,2,-1,3,4,0,-1,0,5,1,-1,4,6,0,-1,7,2,8,-1,7,8,9,-1,7,10,3,-1,7,11,10,-1,7,0,2,-1,7,3,0,-1,12,9,13,-1,12,13,14,-1,12,15,11,-1,12,16,15,-1,12,7,9,-1,12,11,7,-1,17,14,18,-1,17,18,19,-1,17,20,16,-1,17,21,20,-1,17,12,14,-1,17,16,12,-1,22,19,23,-1,22,23,24,-1,22,17,19,-1,22,21,17,-1,22,25,21,-1,22,26,25,-1,27,24,28,-1,27,28,29,-1,27,22,24,-1,27,26,22,-1,27,30,26,-1,27,31,30,-1,32,29,33,-1,32,33,34,-1,32,35,31,-1,32,36,35,-1,32,27,29,-1,32,31,27,-1,37,36,32,-1,37,34,38,-1,37,38,39,-1,37,40,36,-1,37,41,40,-1,37,32,34,-1,42,39,43,-1,42,43,44,-1,42,37,39,-1,42,41,37,-1,42,45,41,-1,42,46,45,-1,47,44,48,-1,47,48,49,-1,47,42,44,-1,47,50,46,-1,47,51,50,-1,47,46,42,-1,52,49,53,-1,52,53,54,-1,52,55,51,-1,52,56,55,-1,52,47,49,-1,52,51,47,-1,57,52,54,-1,57,56,52,-1,57,54,58,-1,57,58,59,-1,57,60,56,-1,57,61,60,-1,62,59,63,-1,62,63,64,-1,62,57,59,-1,62,65,61,-1,62,66,65,-1,62,61,57,-1,67,64,68,-1,67,68,69,-1,67,70,66,-1,67,71,70,-1,67,62,64,-1,67,66,62,-1,72,71,67,-1,72,69,73,-1,72,73,74,-1,72,75,71,-1,72,76,75,-1,72,67,69,-1,77,74,78,-1,77,78,79,-1,77,72,74,-1,77,76,72,-1,77,80,76,-1,77,81,80,-1,82,79,83,-1,82,83,84,-1,82,77,79,-1,82,85,81,-1,82,86,85,-1,82,81,77,-1,87,84,88,-1,87,88,89,-1,87,90,86,-1,87,91,90,-1,87,82,84,-1,87,86,82,-1,92,87,89,-1,92,91,87,-1,92,89,93,-1,92,93,94,-1,92,95,91,-1,92,96,95,-1,97,94,98,-1,97,92,94,-1,97,98,99,-1,97,96,92,-1,97,100,96,-1,97,101,100,-1,102,99,103,-1,102,103,104,-1,102,97,99,-1,102,101,97,-1,102,105,101,-1,102,106,105,-1,107,104,108,-1,107,108,109,-1,107,110,106,-1,107,111,110,-1,107,102,104,-1,107,106,102,-1,112,107,109,-1,112,111,107,-1,112,109,113,-1,112,113,114,-1,112,115,111,-1,112,116,115,-1,117,114,118,-1,117,118,119,-1,117,112,114,-1,117,116,112,-1,117,120,116,-1,117,121,120,-1,122,119,123,-1,122,123,124,-1,122,125,121,-1,122,126,125,-1,122,117,119,-1,122,121,117,-1,127,122,124,-1,127,126,122,-1,127,124,128,-1,127,128,129,-1,127,130,126,-1,127,131,130,-1,132,127,129,-1,132,131,127,-1,132,129,133,-1,132,133,134,-1,132,135,131,-1,132,136,135,-1,137,134,138,-1,137,138,139,-1,137,132,134,-1,137,136,132,-1,137,140,136,-1,137,141,140,-1,142,139,143,-1,142,143,144,-1,142,145,141,-1,142,146,145,-1,142,137,139,-1,142,141,137,-1,147,142,144,-1,147,146,142,-1,147,144,148,-1,147,148,149,-1,147,150,146,-1,147,151,150,-1,152,147,149,-1,152,151,147,-1,152,149,153,-1,152,153,154,-1,152,155,151,-1,152,156,155,-1,157,154,158,-1,157,158,159,-1,157,152,154,-1,157,156,152,-1,157,160,156,-1,157,161,160,-1,162,159,163,-1,162,163,164,-1,162,165,161,-1,162,157,159,-1,162,166,165,-1,162,161,157,-1,167,162,164,-1,167,166,162,-1,167,164,168,-1,167,168,169,-1,167,170,166,-1,167,171,170,-1,172,167,169,-1,172,171,167,-1,172,169,173,-1,172,173,174,-1,172,175,171,-1,172,176,175,-1,177,174,178,-1,177,178,179,-1,177,172,174,-1,177,176,172,-1,177,180,176,-1,177,181,180,-1,182,177,179,-1,182,183,181,-1,182,184,183,-1,182,179,185,-1,182,185,186,-1,182,181,177,-1,187,188,184,-1,187,189,188,-1,187,184,182,-1,187,182,186,-1,187,186,190,-1,187,190,191,-1,192,193,189,-1,192,194,193,-1,192,189,187,-1,192,187,191,-1,192,191,195,-1,192,195,196,-1,197,198,194,-1,197,199,198,-1,197,194,192,-1,197,192,196,-1,197,196,200,-1,197,200,201,-1,202,203,199,-1,202,204,203,-1,202,199,197,-1,202,201,205,-1,202,205,206,-1,202,197,201,-1,207,202,206,-1,207,208,204,-1,207,209,208,-1,207,206,210,-1,207,210,211,-1,207,204,202,-1,212,209,207,-1,212,213,209,-1,212,214,213,-1,212,207,211,-1,212,211,215,-1,212,215,216,-1,217,212,216,-1,217,218,214,-1,217,219,218,-1,217,214,212,-1,217,216,220,-1,217,220,221,-1,222,223,219,-1,222,219,217,-1,222,224,223,-1,222,217,221,-1,222,221,225,-1,222,225,226,-1,227,228,224,-1,227,229,228,-1,227,222,226,-1,227,224,222,-1,227,226,230,-1,227,230,231,-1,232,233,229,-1,232,234,233,-1,232,227,231,-1,232,229,227,-1,232,231,235,-1,232,235,236,-1,237,238,234,-1,237,239,238,-1,237,232,236,-1,237,234,232,-1,237,236,240,-1,237,240,241,-1,242,243,239,-1,242,244,243,-1,242,237,241,-1,242,239,237,-1,242,241,245,-1,242,245,246,-1,247,248,249,-1,247,242,246,-1,247,244,242,-1,247,250,244,-1,247,251,250,-1,247,246,248,-1,252,249,253,-1,252,253,254,-1,252,247,249,-1,252,255,251,-1,252,256,255,-1,252,251,247,-1,257,254,258,-1,257,258,259,-1,257,252,254,-1,257,260,256,-1,257,261,260,-1,257,256,252,-1,262,259,263,-1,262,263,264,-1,262,265,261,-1,262,266,265,-1,262,257,259,-1,262,261,257,-1,267,264,268,-1,267,268,269,-1,267,270,266,-1,267,271,270,-1,267,262,264,-1,267,266,262,-1,272,269,273,-1,272,273,274,-1,272,275,271,-1,272,276,275,-1,272,271,267,-1,272,267,269,-1,277,274,278,-1,277,278,279,-1,277,280,276,-1,277,281,280,-1,277,272,274,-1,277,276,272,-1,282,277,279,-1,282,281,277,-1,282,279,283,-1,282,283,284,-1,282,285,281,-1,282,286,285,-1,287,284,288,-1,287,286,282,-1,287,288,289,-1,287,282,284,-1,287,290,286,-1,287,291,290,-1,292,289,293,-1,292,293,294,-1,292,291,287,-1,292,287,289,-1,292,295,291,-1,292,296,295,-1,297,294,298,-1,297,298,299,-1,297,292,294,-1,297,300,296,-1,297,301,300,-1,297,296,292,-1,302,299,303,-1,302,303,304,-1,302,305,301,-1,302,306,305,-1,302,301,297,-1,302,297,299,-1,307,304,308,-1,307,308,309,-1,307,310,306,-1,307,311,310,-1,307,306,302,-1,307,302,304,-1,312,5,0,-1,312,309,313,-1,312,313,5,-1,312,314,311,-1,312,6,314,-1,312,0,6,-1,312,311,307,-1,312,307,309,-1]
coord Coordinate { point [4.41731 -3.1496 1.92913,4.45668 -3.1496 1.88976,4.45546 -3.10054 1.88976,4.37682 -3.10446 1.9685,4.37794 -3.1496 1.9685,4.45546 -3.19866 1.88976,4.37682 -3.19474 1.9685,4.41262 -3.05552 1.92913,4.45179 -3.0516 1.88976,4.44569 -3.00291 1.88976,4.37344 -3.05944 1.9685,4.36783 -3.01464 1.9685,4.39858 -2.96238 1.92913,4.43717 -2.95457 1.88976,4.42625 -2.90673 1.88976,4.35999 -2.97018 1.9685,4.34994 -2.92616 1.9685,4.37534 -2.87109 1.92913,4.41296 -2.85949 1.88976,4.39733 -2.81297 1.88976,4.33771 -2.8827 1.9685,4.32334 -2.8399 1.9685,4.34312 -2.78258 1.92913,4.3794 -2.76728 1.88976,4.35921 -2.72255 1.88976,4.30684 -2.79787 1.9685,4.28827 -2.75671 1.9685,4.30225 -2.69771 1.92913,4.33682 -2.67888 1.88976,4.31229 -2.63638 1.88976,4.26767 -2.71654 1.9685,4.2451 -2.67744 1.9685,4.25313 -2.61733 1.92913,4.28566 -2.59515 1.88976,4.25701 -2.55531 1.88976,4.2206 -2.63951 1.9685,4.19425 -2.60285 1.9685,4.19625 -2.54224 1.92913,4.22641 -2.51694 1.88976,4.19394 -2.48014 1.88976,4.16609 -2.56755 1.9685,4.13622 -2.5337 1.9685,4.13218 -2.47319 1.92913,4.15967 -2.44501 1.88976,4.1237 -2.41163 1.88976,4.10469 -2.50138 1.9685,4.0716 -2.47067 1.9685,4.06156 -2.41086 1.92913,4.0861 -2.38008 1.88976,4.04698 -2.35045 1.88976,4.03701 -2.44164 1.9685,4.00102 -2.41438 1.9685,3.98508 -2.35588 1.92913,4.00644 -2.3228 1.88976,3.96456 -2.29721 1.88976,3.96372 -2.38895 1.9685,3.92519 -2.36541 1.9685,3.9035 -2.30878 1.92913,3.92146 -2.27374 1.88976,3.87724 -2.25245 1.88976,3.88554 -2.34381 1.9685,3.84486 -2.32422 1.9685,3.81764 -2.27004 1.92913,3.83202 -2.23339 1.88976,3.7859 -2.2166 1.88976,3.80325 -2.30668 1.9685,3.76083 -2.29124 1.9685,3.72835 -2.24004 1.92913,3.73901 -2.20214 1.88976,3.69145 -2.19003 1.88976,3.71768 -2.27793 1.9685,3.67393 -2.26679 1.9685,3.63651 -2.21907 1.92913,3.64335 -2.1803 1.88976,3.59482 -2.17299 1.88976,3.62967 -2.25785 1.9685,3.58503 -2.25112 1.9685,3.54304 -2.20736 1.92913,3.54599 -2.1681 1.88976,3.49697 -2.16566 1.88976,3.5401 -2.24662 1.9685,3.49501 -2.24437 1.9685,3.44888 -2.20501 1.92913,3.4479 -2.16566 1.88976,3.39888 -2.1681 1.88976,3.44986 -2.24437 1.9685,3.40477 -2.24662 1.9685,3.35494 -2.21205 1.92913,3.35005 -2.17299 1.88976,3.30152 -2.1803 1.88976,3.35984 -2.25112 1.9685,3.31519 -2.25785 1.9685,3.26218 -2.22841 1.92913,3.25342 -2.19003 1.88976,3.20586 -2.20214 1.88976,3.27094 -2.26679 1.9685,3.22719 -2.27793 1.9685,3.1715 -2.25392 1.92913,3.15896 -2.2166 1.88976,3.11285 -2.23339 1.88976,3.18404 -2.29124 1.9685,3.14161 -2.30668 1.9685,3.08382 -2.28834 1.92913,3.06762 -2.25245 1.88976,3.02341 -2.27374 1.88976,3.10001 -2.32422 1.9685,3.05933 -2.34381 1.9685,2.99999 -2.33131 1.92913,2.98031 -2.29721 1.88976,2.93843 -2.3228 1.88976,3.01968 -2.36541 1.9685,2.98115 -2.38895 1.9685,2.92087 -2.38242 1.92913,2.89788 -2.35045 1.88976,2.85876 -2.38008 1.88976,2.94385 -2.41438 1.9685,2.90786 -2.44164 1.9685,2.84722 -2.44115 1.92913,2.82117 -2.41163 1.88976,2.78519 -2.44501 1.88976,2.87327 -2.47067 1.9685,2.84017 -2.50138 1.9685,2.77979 -2.50692 1.92913,2.75093 -2.48014 1.88976,2.71845 -2.51694 1.88976,2.80865 -2.5337 1.9685,2.77877 -2.56755 1.9685,2.71924 -2.57908 1.92913,2.68786 -2.55531 1.88976,2.65921 -2.59515 1.88976,2.75062 -2.60285 1.9685,2.72427 -2.63951 1.9685,2.66618 -2.65691 1.92913,2.63258 -2.63638 1.88976,2.60804 -2.67888 1.88976,2.69977 -2.67744 1.9685,2.6772 -2.71654 1.9685,2.62113 -2.73963 1.92913,2.58566 -2.72255 1.88976,2.56547 -2.76728 1.88976,2.6566 -2.75671 1.9685,2.63803 -2.79787 1.9685,2.58454 -2.82643 1.92913,2.54754 -2.81297 1.88976,2.53191 -2.85949 1.88976,2.62153 -2.8399 1.9685,2.60715 -2.8827 1.9685,2.55677 -2.91644 1.92913,2.51862 -2.90673 1.88976,2.5077 -2.95457 1.88976,2.59492 -2.92616 1.9685,2.58488 -2.97018 1.9685,2.53811 -3.00877 1.92913,2.49918 -3.00291 1.88976,2.49307 -3.0516 1.88976,2.57704 -3.01464 1.9685,2.57142 -3.05944 1.9685,2.52873 -3.1025 1.92913,2.48941 -3.10054 1.88976,2.48818 -3.1496 1.88976,2.56805 -3.10446 1.9685,2.56692 -3.1496 1.9685,2.52873 -3.1967 1.92913,2.48941 -3.19866 1.88976,2.49307 -3.2476 1.88976,2.56805 -3.19474 1.9685,2.57142 -3.23976 1.9685,2.53811 -3.29043 1.92913,2.49918 -3.29629 1.88976,2.5077 -3.34463 1.88976,2.57704 -3.28456 1.9685,2.58488 -3.32902 1.9685,2.55677 -3.38276 1.92913,2.51862 -3.39247 1.88976,2.53191 -3.43971 1.88976,2.59492 -3.37304 1.9685,2.60715 -3.4165 1.9685,2.58454 -3.47277 1.92913,2.54754 -3.48623 1.88976,2.56547 -3.53192 1.88976,2.62153 -3.4593 1.9685,2.63803 -3.50133 1.9685,2.62113 -3.55957 1.92913,2.6566 -3.54249 1.9685,2.6772 -3.58266 1.9685,2.58566 -3.57665 1.88976,2.60804 -3.62032 1.88976,2.66618 -3.64229 1.92913,2.69977 -3.62176 1.9685,2.72427 -3.65969 1.9685,2.63258 -3.66282 1.88976,2.65921 -3.70405 1.88976,2.71924 -3.72012 1.92913,2.75062 -3.69635 1.9685,2.77877 -3.73165 1.9685,2.68786 -3.74389 1.88976,2.71845 -3.78226 1.88976,2.77979 -3.79228 1.92913,2.80865 -3.7655 1.9685,2.84017 -3.79782 1.9685,2.75093 -3.81906 1.88976,2.78519 -3.85419 1.88976,2.84722 -3.85805 1.92913,2.87327 -3.82853 1.9685,2.90786 -3.85756 1.9685,2.82117 -3.88757 1.88976,2.85876 -3.91912 1.88976,2.92087 -3.91678 1.92913,2.94385 -3.88482 1.9685,2.98115 -3.91025 1.9685,2.89788 -3.94875 1.88976,2.93843 -3.9764 1.88976,2.99999 -3.96789 1.92913,3.01968 -3.93379 1.9685,3.05933 -3.95539 1.9685,2.98031 -4.00199 1.88976,3.02341 -4.02546 1.88976,3.08382 -4.01086 1.92913,3.10001 -3.97498 1.9685,3.14161 -3.99252 1.9685,3.06762 -4.04675 1.88976,3.11285 -4.06581 1.88976,3.1715 -4.04528 1.92913,3.18404 -4.00796 1.9685,3.22719 -4.02127 1.9685,3.15896 -4.0826 1.88976,3.20586 -4.09706 1.88976,3.26218 -4.07079 1.92913,3.27094 -4.03241 1.9685,3.31519 -4.04135 1.9685,3.25342 -4.10917 1.88976,3.30152 -4.1189 1.88976,3.35494 -4.08715 1.92913,3.35984 -4.04808 1.9685,3.40477 -4.05258 1.9685,3.35005 -4.12621 1.88976,3.39888 -4.1311 1.88976,3.44888 -4.09419 1.92913,3.44986 -4.05483 1.9685,3.49501 -4.05483 1.9685,3.4479 -4.13354 1.88976,3.49697 -4.13354 1.88976,3.54304 -4.09184 1.92913,3.5401 -4.05258 1.9685,3.58503 -4.04808 1.9685,3.54599 -4.1311 1.88976,3.59482 -4.12621 1.88976,3.63651 -4.08013 1.92913,3.64335 -4.1189 1.88976,3.69145 -4.10917 1.88976,3.62967 -4.04135 1.9685,3.67393 -4.03241 1.9685,3.72835 -4.05916 1.92913,3.73901 -4.09706 1.88976,3.7859 -4.0826 1.88976,3.71768 -4.02127 1.9685,3.76083 -4.00796 1.9685,3.81764 -4.02916 1.92913,3.83202 -4.06581 1.88976,3.87724 -4.04675 1.88976,3.80325 -3.99252 1.9685,3.84486 -3.97498 1.9685,3.9035 -3.99042 1.92913,3.92146 -4.02546 1.88976,3.96456 -4.00199 1.88976,3.88554 -3.95539 1.9685,3.92519 -3.93379 1.9685,3.98508 -3.94332 1.92913,4.00644 -3.9764 1.88976,4.04698 -3.94875 1.88976,3.96372 -3.91025 1.9685,4.00102 -3.88482 1.9685,4.06156 -3.88834 1.92913,4.0861 -3.91912 1.88976,4.1237 -3.88757 1.88976,4.03701 -3.85756 1.9685,4.0716 -3.82853 1.9685,4.13218 -3.82601 1.92913,4.15967 -3.85419 1.88976,4.19394 -3.81906 1.88976,4.10469 -3.79782 1.9685,4.13622 -3.7655 1.9685,4.19625 -3.75696 1.92913,4.22641 -3.78226 1.88976,4.25701 -3.74389 1.88976,4.16609 -3.73165 1.9685,4.19425 -3.69635 1.9685,4.25313 -3.68187 1.92913,4.28566 -3.70405 1.88976,4.31229 -3.66282 1.88976,4.2206 -3.65969 1.9685,4.2451 -3.62176 1.9685,4.30225 -3.60149 1.92913,4.33682 -3.62032 1.88976,4.35921 -3.57665 1.88976,4.26767 -3.58266 1.9685,4.28827 -3.54249 1.9685,4.34312 -3.51662 1.92913,4.3794 -3.53192 1.88976,4.39733 -3.48623 1.88976,4.30684 -3.50133 1.9685,4.32334 -3.4593 1.9685,4.37534 -3.42811 1.92913,4.41296 -3.43971 1.88976,4.42625 -3.39247 1.88976,4.33771 -3.4165 1.9685,4.34994 -3.37304 1.9685,4.39858 -3.33682 1.92913,4.43717 -3.34463 1.88976,4.44569 -3.29629 1.88976,4.35999 -3.32902 1.9685,4.36783 -3.28456 1.9685,4.41262 -3.24368 1.92913,4.45179 -3.2476 1.88976,4.37344 -3.23976 1.9685]
}}
appearance Appearance{material Material{diffuseColor 0.917647 0.917647 0.917647
transparency 0}}}
Shape { geometry IndexedFaceSet 
{ creaseAngle 1.00 coordIndex [0,1,2,-1,3,2,1,-1,4,0,2,-1,5,2,3,-1,6,4,2,-1,7,2,5,-1,8,6,2,-1,9,2,7,-1,10,8,2,-1,11,2,9,-1,12,10,2,-1,13,2,11,-1,14,12,2,-1,15,2,13,-1,16,14,2,-1,17,2,15,-1,18,16,2,-1,19,2,17,-1,20,18,2,-1,21,2,19,-1,22,20,2,-1,23,2,21,-1,24,22,2,-1,25,2,23,-1,26,24,2,-1,27,2,25,-1,28,2,27,-1,29,26,2,-1,29,30,26,-1,29,31,30,-1,29,32,31,-1,29,33,32,-1,29,34,33,-1,29,35,34,-1,29,36,35,-1,29,37,36,-1,29,38,37,-1,29,39,38,-1,29,40,39,-1,29,41,40,-1,29,42,41,-1,29,43,42,-1,44,29,2,-1,45,44,2,-1,46,44,45,-1,47,45,2,-1,48,46,45,-1,49,46,48,-1,50,51,52,-1,50,53,51,-1,50,54,53,-1,50,55,54,-1,50,56,55,-1,50,57,56,-1,50,58,57,-1,50,59,58,-1,50,60,59,-1,50,61,60,-1,50,43,29,-1,50,52,43,-1,50,29,62,-1,63,47,2,-1,64,65,66,-1,64,66,67,-1,68,65,64,-1,69,63,2,-1,70,47,63,-1,71,65,68,-1,71,72,65,-1,73,74,69,-1,75,76,77,-1,75,77,78,-1,79,74,73,-1,80,69,2,-1,80,73,69,-1,81,82,76,-1,81,76,75,-1,83,73,80,-1,84,80,2,-1,85,82,81,-1,86,79,87,-1,88,89,90,-1,88,90,91,-1,88,91,92,-1,88,92,93,-1,88,93,94,-1,88,94,84,-1,88,84,2,-1,95,86,87,-1,96,88,2,-1,97,98,99,-1,100,99,101,-1,100,97,99,-1,102,100,101,-1,103,104,105,-1,103,105,106,-1,103,106,102,-1,107,108,109,-1,107,109,110,-1,107,110,104,-1,107,104,103,-1,111,96,2,-1,111,112,96,-1,113,114,61,-1,113,115,114,-1,113,61,50,-1,113,72,71,-1,113,50,72,-1,116,101,117,-1,116,103,102,-1,116,102,101,-1,118,82,85,-1,118,85,86,-1,118,95,119,-1,118,119,108,-1,118,86,95,-1,118,108,107,-1,118,113,71,-1,118,71,120,-1,118,120,121,-1,118,121,82,-1,122,112,111,-1,123,124,115,-1,123,115,113,-1,125,126,127,-1,125,128,126,-1,129,118,107,-1,130,113,118,-1,131,132,133,-1,134,135,124,-1,134,136,135,-1,134,124,123,-1,137,129,125,-1,138,136,134,-1,138,139,136,-1,140,123,141,-1,140,134,123,-1,142,143,139,-1,142,139,138,-1,144,143,142,-1,144,145,143,-1,146,142,138,-1,146,138,147,-1,148,149,145,-1,148,145,144,-1,150,151,149,-1,150,149,148,-1,152,144,153,-1,152,148,144,-1,154,155,151,-1,154,151,150,-1,156,157,155,-1,156,155,154,-1,158,150,159,-1,158,154,150,-1,160,157,156,-1,161,160,156,-1,161,156,162,-1,163,2,28,-1,163,164,157,-1,163,165,164,-1,163,166,165,-1,163,167,166,-1,163,168,167,-1,163,169,168,-1,163,170,169,-1,163,171,170,-1,163,172,171,-1,163,28,172,-1,163,157,160,-1,163,160,173,-1,174,163,173,-1,175,176,177,-1,175,177,178,-1,175,178,179,-1,175,179,180,-1,175,181,182,-1,175,183,184,-1,175,180,181,-1,175,185,186,-1,175,182,183,-1,175,184,185,-1,187,163,174,-1,188,174,173,-1,188,173,189,-1,190,163,187,-1,191,163,190,-1,192,193,175,-1,194,186,195,-1,196,195,186,-1,197,186,194,-1,198,190,187,-1,198,187,199,-1,200,196,186,-1,201,186,197,-1,202,200,186,-1,203,186,201,-1,204,202,186,-1,205,175,186,-1,205,186,203,-1,206,204,186,-1,207,163,191,-1,208,175,205,-1,209,206,186,-1,210,175,208,-1,211,209,186,-1,211,186,212,-1,213,175,210,-1,214,211,212,-1,215,175,213,-1,216,214,212,-1,217,175,215,-1,218,216,212,-1,219,192,175,-1,219,175,217,-1,220,218,212,-1,221,192,219,-1,222,220,212,-1,223,192,221,-1,224,222,212,-1,225,163,207,-1,226,192,223,-1,227,224,212,-1,228,192,226,-1,229,227,212,-1,230,192,228,-1,231,232,233,-1,231,233,234,-1,235,229,212,-1,236,192,230,-1,237,235,212,-1,238,192,236,-1,239,207,191,-1,239,191,240,-1,241,192,238,-1,241,234,192,-1,242,234,241,-1,243,234,242,-1,244,234,243,-1,245,234,244,-1,245,231,234,-1,246,231,245,-1,247,231,246,-1,248,249,250,-1,248,250,251,-1,252,231,247,-1,253,254,225,-1,253,225,255,-1,256,251,231,-1,256,231,252,-1,257,163,225,-1,257,225,254,-1,257,254,258,-1,259,260,261,-1,259,237,212,-1,259,262,263,-1,259,264,265,-1,259,266,111,-1,259,261,267,-1,259,268,269,-1,259,263,260,-1,259,265,262,-1,259,270,271,-1,259,111,2,-1,259,271,264,-1,259,272,237,-1,259,212,270,-1,259,273,272,-1,259,274,273,-1,259,275,274,-1,259,276,275,-1,259,277,276,-1,259,269,266,-1,259,278,277,-1,259,279,278,-1,259,280,279,-1,259,267,268,-1,281,280,259,-1,282,251,256,-1,283,281,259,-1,284,285,163,-1,286,251,282,-1,287,283,259,-1,288,248,251,-1,288,251,286,-1,289,287,259,-1,290,248,288,-1,291,289,259,-1,292,248,290,-1,293,291,259,-1,294,257,258,-1,294,258,295,-1,296,297,298,-1,296,298,299,-1,300,293,259,-1,301,300,259,-1,302,301,259,-1,303,302,259,-1,304,303,259,-1,305,304,259,-1,306,305,259,-1,307,306,259,-1,308,309,310,-1,308,310,311,-1,312,307,259,-1,313,312,259,-1,314,313,259,-1,315,299,248,-1,315,248,316,-1,317,316,248,-1,317,248,292,-1,318,299,315,-1,319,292,320,-1,319,317,292,-1,321,299,318,-1,322,320,323,-1,322,319,320,-1,324,299,321,-1,325,323,326,-1,325,322,323,-1,327,296,299,-1,327,299,324,-1,328,314,259,-1,329,326,330,-1,329,325,326,-1,331,296,327,-1,332,329,330,-1,332,330,333,-1,334,296,331,-1,335,332,333,-1,335,333,336,-1,337,296,334,-1,338,328,259,-1,339,335,336,-1,339,336,340,-1,341,296,337,-1,341,311,296,-1,342,340,343,-1,342,339,340,-1,344,311,341,-1,345,338,259,-1,346,342,343,-1,346,343,347,-1,348,311,344,-1,349,346,347,-1,349,347,350,-1,351,345,259,-1,352,311,348,-1,353,350,354,-1,353,349,350,-1,355,308,311,-1,355,311,352,-1,356,351,259,-1,357,353,354,-1,358,308,355,-1,359,356,259,-1,360,354,361,-1,360,357,354,-1,362,308,358,-1,363,359,259,-1,364,361,365,-1,364,360,361,-1,366,367,368,-1,366,368,369,-1,370,308,362,-1,371,363,259,-1,372,365,373,-1,372,364,365,-1,374,308,370,-1,375,373,376,-1,375,372,373,-1,377,369,308,-1,377,308,374,-1,378,376,379,-1,378,375,376,-1,380,369,377,-1,381,379,382,-1,381,378,379,-1,383,369,380,-1,384,382,385,-1,384,381,382,-1,386,369,383,-1,387,385,388,-1,387,384,385,-1,389,369,386,-1,389,366,369,-1,390,388,391,-1,390,387,388,-1,392,366,389,-1,393,391,394,-1,393,390,391,-1,395,366,392,-1,396,394,397,-1,396,393,394,-1,398,366,395,-1,399,396,397,-1,400,401,402,-1,400,402,403,-1,404,366,398,-1,405,397,406,-1,405,399,397,-1,407,366,404,-1,407,403,366,-1,408,406,409,-1,408,405,406,-1,410,403,407,-1,411,409,412,-1,411,408,409,-1,413,285,284,-1,414,403,410,-1,415,412,416,-1,415,411,412,-1,417,403,414,-1,418,416,419,-1,418,415,416,-1,420,400,403,-1,420,403,417,-1,421,418,419,-1,421,419,422,-1,423,424,400,-1,425,400,420,-1,426,421,422,-1,426,422,427,-1,428,400,425,-1,429,426,427,-1,429,427,430,-1,431,400,428,-1,431,423,400,-1,432,433,434,-1,432,434,424,-1,432,424,423,-1,435,429,430,-1,435,430,436,-1,437,423,431,-1,438,435,436,-1,438,436,439,-1,440,423,437,-1,441,294,442,-1,443,442,294,-1,444,294,441,-1,445,443,294,-1,446,294,444,-1,447,438,439,-1,447,439,448,-1,449,445,294,-1,450,294,446,-1,451,423,440,-1,452,294,450,-1,453,432,423,-1,454,294,452,-1,455,447,448,-1,455,448,456,-1,457,294,454,-1,458,423,451,-1,459,294,457,-1,460,455,456,-1,460,456,461,-1,462,294,459,-1,463,423,458,-1,464,460,461,-1,464,461,465,-1,466,294,462,-1,467,423,463,-1,468,257,294,-1,468,294,466,-1,469,464,465,-1,469,465,470,-1,471,423,467,-1,472,257,468,-1,473,469,470,-1,474,257,472,-1,475,423,471,-1,476,470,477,-1,476,473,470,-1,478,257,474,-1,479,480,481,-1,479,481,453,-1,482,476,477,-1,482,477,483,-1,484,413,257,-1,484,257,478,-1,485,482,483,-1,485,483,486,-1,487,413,484,-1,488,485,486,-1,489,413,487,-1,490,413,489,-1,491,492,493,-1,494,413,490,-1,495,413,494,-1,496,413,495,-1,497,413,496,-1,498,499,500,-1,498,501,499,-1,498,502,501,-1,498,503,502,-1,498,504,503,-1,498,505,504,-1,498,506,505,-1,498,507,506,-1,498,508,507,-1,498,509,508,-1,498,510,509,-1,498,511,510,-1,512,511,498,-1,513,492,491,-1,514,512,498,-1,515,514,498,-1,516,498,517,-1,518,519,520,-1,518,521,519,-1,518,522,521,-1,518,523,522,-1,518,524,523,-1,518,525,524,-1,518,526,525,-1,518,527,526,-1,518,528,527,-1,518,529,528,-1,518,530,529,-1,518,531,488,-1,518,532,530,-1,518,533,531,-1,518,534,532,-1,518,535,534,-1,518,488,486,-1,518,536,535,-1,518,537,536,-1,518,538,537,-1,518,539,538,-1,518,371,259,-1,518,540,371,-1,518,541,540,-1,518,486,541,-1,518,542,533,-1,518,543,542,-1,518,544,543,-1,518,545,544,-1,518,546,545,-1,518,547,546,-1,518,548,547,-1,518,549,548,-1,518,550,549,-1,518,551,550,-1,518,552,551,-1,518,520,552,-1,553,515,498,-1,553,554,515,-1,553,555,554,-1,553,556,555,-1,553,557,556,-1,553,558,557,-1,553,559,558,-1,553,560,559,-1,553,561,560,-1,553,562,561,-1,553,563,562,-1,553,564,563,-1,553,565,564,-1,553,566,565,-1,553,567,566,-1,553,568,567,-1,553,497,568,-1,553,413,497,-1,553,498,516,-1,569,553,570,-1,569,570,518,-1,569,518,259,-1,569,285,413,-1,569,413,553,-1,285,2,163,-1,120,571,121,-1,571,47,70,-1,70,121,571,-1,86,74,79,-1,80,95,83,-1,83,95,87,-1,88,116,89,-1,89,116,117,-1,128,96,112,-1,128,112,126,-1,111,137,122,-1,122,137,127,-1,127,137,125,-1,176,132,131,-1,176,131,177,-1,178,261,260,-1,178,260,179,-1,267,572,268,-1,269,573,266,-1,262,181,180,-1,262,180,263,-1,182,574,183,-1,184,271,270,-1,184,270,185,-1,264,575,265,-1,294,498,576,-1,576,498,577,-1,577,498,578,-1,578,498,579,-1,579,498,500,-1,294,576,580,-1,294,580,581,-1,294,581,582,-1,294,582,583,-1,294,583,449,-1,175,118,129,-1,175,129,137,-1,175,137,176,-1,423,553,516,-1,423,516,513,-1,423,513,491,-1,423,491,479,-1,423,479,453,-1,518,423,584,-1,584,423,585,-1,585,423,586,-1,586,423,587,-1,587,423,588,-1,588,423,475,-1,518,584,589,-1,518,589,539,-1]
coord Coordinate { point [-5.09705 -5.1344 0.3937,-5.12249 -5.11003 0.3937,-5.9055 -5.9055 0.3937,-5.14576 -5.08358 0.3937,-5.06964 -5.15654 0.3937,-5.16671 -5.05525 0.3937,-5.04045 -5.17627 0.3937,-5.18518 -5.02525 0.3937,-5.00969 -5.19345 0.3937,-5.20105 -4.99379 0.3937,-4.97759 -5.20796 0.3937,-5.21418 -4.9611 0.3937,-4.94437 -5.2197 0.3937,-5.2245 -4.92741 0.3937,-4.91027 -5.22858 0.3937,-5.23192 -4.89297 0.3937,-4.87555 -5.23453 0.3937,-5.2364 -4.85803 0.3937,-4.84044 -5.23752 0.3937,-5.23789 -4.82283 0.3937,-4.80521 -5.23752 0.3937,-5.2364 -4.78762 0.3937,-4.7701 -5.23453 0.3937,-5.23192 -4.75268 0.3937,-4.73538 -5.22858 0.3937,-5.2245 -4.71824 0.3937,-4.70128 -5.2197 0.3937,-5.21418 -4.68455 0.3937,-5.20105 -4.65186 0.3937,-2.64138 -5.30708 0.3937,-4.66806 -5.20796 0.3937,-4.63596 -5.19345 0.3937,-4.6052 -5.17627 0.3937,-4.57601 -5.15654 0.3937,-4.5486 -5.1344 0.3937,-4.52316 -5.11003 0.3937,-4.49989 -5.08358 0.3937,-4.47894 -5.05525 0.3937,-4.46047 -5.02525 0.3937,-4.4446 -4.99379 0.3937,-4.43147 -4.9611 0.3937,-4.42115 -4.92741 0.3937,-4.41373 -4.89297 0.3937,-4.40925 -4.85803 0.3937,-2.54541 -5.30708 0.3937,-2.18669 -5.30708 0.3937,-2.39262 -5.05099 0.3937,-2.08812 -5.30708 0.3937,-2.33871 -5.04432 0.3937,-2.36448 -4.9955 0.3937,-2.6135 -4.5694 0.3937,-4.40925 -4.78762 0.3937,-4.40776 -4.82282 0.3937,-4.41373 -4.75268 0.3937,-4.42115 -4.71824 0.3937,-4.43147 -4.68455 0.3937,-4.4446 -4.65186 0.3937,-4.46047 -4.6204 0.3937,-4.47894 -4.5904 0.3937,-4.49989 -4.56207 0.3937,-4.52316 -4.53562 0.3937,-4.5486 -4.51125 0.3937,-2.40861 -4.92346 0.3937,-1.8458 -5.30708 0.3937,-2.33952 -4.80812 0.3937,-2.4074 -4.75834 0.3937,-2.37884 -4.80958 0.3937,-2.36083 -4.8469 0.3937,-2.31291 -4.76581 0.3937,-1.76646 -5.30708 0.3937,-1.8458 -4.9946 0.3937,-2.19373 -4.5694 0.3937,-2.51737 -4.5694 0.3937,-1.57132 -5.0862 0.3937,-1.76646 -4.9946 0.3937,-1.76953 -4.85343 0.3937,-1.86205 -4.79051 0.3937,-1.82865 -4.8543 0.3937,-1.79956 -4.91458 0.3937,-1.57132 -4.99614 0.3937,-1.24965 -5.30708 0.3937,-1.73318 -4.78501 0.3937,-1.98197 -4.5694 0.3937,-1.34401 -5.0862 0.3937,-1.02034 -5.30708 0.3937,-1.61511 -4.5694 0.3937,-1.52414 -4.5694 0.3937,-1.34401 -4.99614 0.3937,-0.531277 -5.30708 0.3937,-0.795039 -5.09267 0.3937,-0.801866 -5.15568 0.3937,-0.822347 -5.21048 0.3937,-0.854195 -5.25424 0.3937,-0.89519 -5.28412 0.3937,-0.949244 -5.30134 0.3937,-1.24965 -4.5694 0.3937,-0.451934 -5.30708 0.3937,-0.871928 -4.88498 0.3937,-0.907788 -4.91358 0.3937,-0.860963 -4.93949 0.3937,-0.845165 -4.84837 0.3937,-0.825229 -4.97892 0.3937,-0.828479 -4.80522 0.3937,-0.730707 -4.65732 0.3937,-0.848515 -4.65722 0.3937,-0.829316 -4.70474 0.3937,-0.822917 -4.75704 0.3937,-0.730707 -4.5694 0.3937,-0.961608 -4.57474 0.3937,-0.914288 -4.59074 0.3937,-0.877758 -4.61802 0.3937,0.0627239 -5.30708 0.3937,-0.258937 -5.0862 0.3937,-2.05459 -3.16154 0.3937,-4.57601 -4.48911 0.3937,-4.6052 -4.46938 0.3937,-0.531277 -4.65732 0.3937,-0.802587 -5.03042 0.3937,-1.5748 -3.5433 0.3937,-1.02322 -4.5694 0.3937,-2.10527 -4.5694 0.3937,-2.07954 -4.5694 0.3937,-0.0316299 -5.0862 0.3937,-2.05459 -2.90104 0.3937,-4.63596 -4.4522 0.3937,-0.252504 -4.65732 0.3937,-0.258937 -4.99614 0.3937,-0.0316299 -4.99614 0.3937,-0.451934 -4.65732 0.3937,-0.252504 -4.5694 0.3937,-1.5748 -3.16154 0.3937,0.387501 -5.08265 0.3937,0.326721 -5.0917 0.3937,0.355436 -5.2009 0.3937,-2.05459 -2.63661 0.3937,-4.66806 -4.43769 0.3937,-4.70128 -4.42595 0.3937,0.0627242 -4.5694 0.3937,-2.05459 -2.37611 0.3937,-4.73538 -4.41707 0.3937,-1.5748 -2.63661 0.3937,-1.5748 -2.90104 0.3937,-2.05459 -2.11168 0.3937,-4.7701 -4.41112 0.3937,-2.05459 -1.85118 0.3937,-4.80521 -4.40813 0.3937,-1.5748 -2.11168 0.3937,-1.5748 -2.37611 0.3937,-2.05459 -1.58674 0.3937,-4.84044 -4.40813 0.3937,-2.05459 -1.32624 0.3937,-4.87555 -4.41112 0.3937,-1.5748 -1.58674 0.3937,-1.5748 -1.85118 0.3937,-2.05459 -1.06181 0.3937,-4.91027 -4.41707 0.3937,-2.05459 -0.80131 0.3937,-4.94437 -4.42595 0.3937,-1.5748 -1.06181 0.3937,-1.5748 -1.32624 0.3937,-2.05459 -0.536877 0.3937,-1.5748 -0.536877 0.3937,-1.5748 -0.80131 0.3937,-5.61022 3.5433 0.3937,-4.97759 -4.43769 0.3937,-5.00969 -4.4522 0.3937,-5.04045 -4.46938 0.3937,-5.06964 -4.48911 0.3937,-5.09705 -4.51125 0.3937,-5.12249 -4.53562 0.3937,-5.14576 -4.56207 0.3937,-5.16671 -4.5904 0.3937,-5.18518 -4.6204 0.3937,-2.05459 -0.276377 0.3937,-2.05459 -0.0119437 0.3937,1.5748 -3.5433 0.3937,0.183213 -4.5694 0.3937,0.531814 -4.5694 0.3937,0.63957 -4.5694 0.3937,0.781101 -4.5694 0.3937,0.860444 -4.5694 0.3937,0.999831 -4.5694 0.3937,1.08206 -4.5694 0.3937,1.39869 -4.5694 0.3937,1.47589 -4.5694 0.3937,1.62385 -4.5694 0.3937,1.7032 -4.5694 0.3937,-2.05459 0.248557 0.3937,-1.5748 -0.0119437 0.3937,-1.5748 -0.276377 0.3937,-2.05459 0.51299 0.3937,-2.05459 0.77349 0.3937,1.9046 -3.07431 0.3937,1.5748 -3.07431 0.3937,2.75093 -3.81906 0.3937,2.78519 -3.85419 0.3937,2.82117 -3.88757 0.3937,2.71845 -3.78226 0.3937,-1.5748 0.51299 0.3937,-1.5748 0.248557 0.3937,2.85876 -3.91912 0.3937,2.68786 -3.74389 0.3937,2.89788 -3.94875 0.3937,2.65921 -3.70405 0.3937,2.93843 -3.9764 0.3937,2.63258 -3.66282 0.3937,2.98031 -4.00199 0.3937,-2.05459 1.03792 0.3937,2.60804 -3.62032 0.3937,3.02341 -4.02546 0.3937,2.58566 -3.57665 0.3937,3.06762 -4.04675 0.3937,1.7032 -5.30708 0.3937,2.56547 -3.53192 0.3937,3.11285 -4.06581 0.3937,2.54754 -3.48623 0.3937,3.15896 -4.0826 0.3937,2.53191 -3.43971 0.3937,3.20586 -4.09706 0.3937,2.51862 -3.39247 0.3937,3.25342 -4.10917 0.3937,2.5077 -3.34463 0.3937,3.30152 -4.1189 0.3937,2.49918 -3.29629 0.3937,3.35005 -4.12621 0.3937,-2.05459 1.29842 0.3937,2.49307 -3.2476 0.3937,3.39888 -4.1311 0.3937,2.48941 -3.19866 0.3937,3.4479 -4.13354 0.3937,2.48818 -3.1496 0.3937,1.9046 -2.54937 0.3937,1.5748 -2.54937 0.3937,1.5748 -2.87171 0.3937,1.9046 -2.87171 0.3937,3.49697 -4.13354 0.3937,2.48941 -3.10054 0.3937,3.54599 -4.1311 0.3937,2.49307 -3.0516 0.3937,-1.5748 1.03792 0.3937,-1.5748 0.77349 0.3937,2.49918 -3.00291 0.3937,2.5077 -2.95457 0.3937,2.51862 -2.90673 0.3937,2.53191 -2.85949 0.3937,2.54754 -2.81297 0.3937,2.56547 -2.76728 0.3937,2.58566 -2.72255 0.3937,1.9046 -2.02444 0.3937,1.5748 -2.02444 0.3937,1.5748 -2.34677 0.3937,1.9046 -2.34677 0.3937,2.60804 -2.67888 0.3937,-1.5748 1.56286 0.3937,-2.05459 1.56286 0.3937,-1.5748 1.29842 0.3937,2.63258 -2.63638 0.3937,-3.5433 3.5433 0.3937,-2.05459 1.82336 0.3937,5.9055 -5.9055 0.3937,0.781101 -5.30708 0.3937,0.63957 -5.30708 0.3937,0.99983 -5.30708 0.3937,0.860444 -5.30708 0.3937,1.3932 -5.30708 0.3937,1.07703 -5.30708 0.3937,0.139923 -5.30708 0.3937,0.562371 -5.30708 0.3937,0.387166 -5.30708 0.3937,0.315295 -5.30708 0.3937,1.62385 -5.30708 0.3937,1.47589 -5.30708 0.3937,3.59482 -4.12621 0.3937,3.64335 -4.1189 0.3937,3.69145 -4.10917 0.3937,3.73901 -4.09706 0.3937,3.7859 -4.0826 0.3937,3.83202 -4.06581 0.3937,3.87724 -4.04675 0.3937,3.92146 -4.02546 0.3937,3.96456 -4.00199 0.3937,4.00644 -3.9764 0.3937,2.65921 -2.59515 0.3937,4.04698 -3.94875 0.3937,-5.61022 5.70865 0.3937,-5.9055 5.9055 0.3937,2.68786 -2.55531 0.3937,4.0861 -3.91912 0.3937,2.71845 -2.51694 0.3937,4.1237 -3.88757 0.3937,2.75093 -2.48014 0.3937,4.15967 -3.85419 0.3937,2.78519 -2.44501 0.3937,4.19394 -3.81906 0.3937,-1.5748 1.9685 0.3937,-1.5748 1.82336 0.3937,1.9046 -1.49951 0.3937,1.5748 -1.49951 0.3937,1.5748 -1.82184 0.3937,1.9046 -1.82184 0.3937,4.22641 -3.78226 0.3937,4.25701 -3.74389 0.3937,4.28566 -3.70405 0.3937,4.31229 -3.66282 0.3937,4.33682 -3.62032 0.3937,4.35921 -3.57665 0.3937,4.3794 -3.53192 0.3937,4.39733 -3.48623 0.3937,1.9046 -0.974573 0.3937,1.5748 -0.974573 0.3937,1.5748 -1.29691 0.3937,1.9046 -1.29691 0.3937,4.41296 -3.43971 0.3937,4.42625 -3.39247 0.3937,4.43717 -3.34463 0.3937,2.69709 -1.58676 0.3937,2.72793 -1.61838 0.3937,2.76031 -1.64842 0.3937,2.66787 -1.55365 0.3937,2.79415 -1.67682 0.3937,2.82117 -2.41163 0.3937,2.64033 -1.51912 0.3937,2.82936 -1.70348 0.3937,2.85876 -2.38008 0.3937,2.61455 -1.48325 0.3937,2.86585 -1.72837 0.3937,2.89788 -2.35045 0.3937,2.59058 -1.44615 0.3937,4.44569 -3.29629 0.3937,2.90354 -1.7514 0.3937,2.93843 -2.3228 0.3937,2.5685 -1.4079 0.3937,2.94233 -1.77252 0.3937,2.98031 -2.29721 0.3937,2.54835 -1.3686 0.3937,2.98212 -1.79168 0.3937,3.02341 -2.27374 0.3937,2.53018 -1.32834 0.3937,4.45179 -3.2476 0.3937,3.02282 -1.80884 0.3937,3.06762 -2.25245 0.3937,2.51405 -1.28722 0.3937,3.06433 -1.82395 0.3937,3.11285 -2.23339 0.3937,2.49998 -1.24535 0.3937,4.45546 -3.19866 0.3937,3.10653 -1.83697 0.3937,3.15896 -2.2166 0.3937,2.48802 -1.20283 0.3937,3.14934 -1.84787 0.3937,3.20586 -2.20214 0.3937,4.45668 -3.1496 0.3937,2.47819 -1.15977 0.3937,3.19263 -1.85662 0.3937,3.25342 -2.19003 0.3937,2.47052 -1.11628 0.3937,4.45546 -3.10054 0.3937,3.2363 -1.8632 0.3937,2.46503 -1.07245 0.3937,4.45179 -3.0516 0.3937,3.28025 -1.8676 0.3937,3.30152 -2.1803 0.3937,2.46173 -1.0284 0.3937,4.44569 -3.00291 0.3937,3.32437 -1.8698 0.3937,3.35005 -2.17299 0.3937,1.9046 -0.44964 0.3937,1.5748 -0.44964 0.3937,1.5748 -0.771974 0.3937,1.9046 -0.771974 0.3937,2.46062 -0.98425 0.3937,4.43717 -2.95457 0.3937,3.36853 -1.8698 0.3937,3.39888 -2.1681 0.3937,2.46173 -0.940095 0.3937,3.41265 -1.8676 0.3937,3.4479 -2.16566 0.3937,2.46503 -0.89605 0.3937,3.4566 -1.8632 0.3937,3.49697 -2.16566 0.3937,2.47052 -0.852225 0.3937,3.50027 -1.85662 0.3937,3.54599 -2.1681 0.3937,2.47819 -0.808727 0.3937,3.54356 -1.84787 0.3937,3.59482 -2.17299 0.3937,2.48802 -0.765666 0.3937,3.58637 -1.83697 0.3937,3.64335 -2.1803 0.3937,2.49998 -0.723148 0.3937,3.62857 -1.82395 0.3937,3.69145 -2.19003 0.3937,2.51405 -0.68128 0.3937,3.67008 -1.80884 0.3937,3.73901 -2.20214 0.3937,2.53018 -0.640165 0.3937,3.71078 -1.79168 0.3937,3.7859 -2.2166 0.3937,2.54835 -0.599905 0.3937,3.75057 -1.77252 0.3937,1.9046 0.0752936 0.3937,1.5748 0.0752936 0.3937,1.5748 -0.24704 0.3937,1.9046 -0.24704 0.3937,2.5685 -0.560601 0.3937,3.78936 -1.7514 0.3937,3.83202 -2.23339 0.3937,2.59058 -0.52235 0.3937,3.82705 -1.72837 0.3937,3.87724 -2.25245 0.3937,2.61455 -0.485247 0.3937,3.86354 -1.70348 0.3937,3.92146 -2.27374 0.3937,-3.5433 5.70865 0.3937,2.64033 -0.449385 0.3937,3.89875 -1.67682 0.3937,3.96456 -2.29721 0.3937,2.66787 -0.414853 0.3937,3.93259 -1.64842 0.3937,4.00644 -2.3228 0.3937,2.69709 -0.381736 0.3937,3.96497 -1.61838 0.3937,4.04698 -2.35045 0.3937,1.9685 0.3937 0.3937,1.9046 0.277893 0.3937,2.72793 -0.350117 0.3937,3.99581 -1.58676 0.3937,4.0861 -2.38008 0.3937,2.76031 -0.320075 0.3937,4.02503 -1.55365 0.3937,4.1237 -2.41163 0.3937,2.79415 -0.291684 0.3937,1.9046 0.600227 0.3937,1.5748 0.600227 0.3937,1.5748 0.277893 0.3937,4.05257 -1.51912 0.3937,4.15967 -2.44501 0.3937,2.82936 -0.265015 0.3937,4.07835 -1.48325 0.3937,4.19394 -2.48014 0.3937,2.86585 -0.240134 0.3937,-0.271684 2.90891 0.3937,-0.247186 2.88381 0.3937,-0.220379 2.8612 0.3937,-0.293646 2.93625 0.3937,-0.191516 2.84127 0.3937,-0.312866 2.96559 0.3937,4.10232 -1.44615 0.3937,4.22641 -2.51694 0.3937,-0.160864 2.82423 0.3937,-0.329165 2.99665 0.3937,2.90354 -0.217103 0.3937,-0.34239 3.02913 0.3937,1.9046 0.802826 0.3937,-0.352419 3.06274 0.3937,4.1244 -1.4079 0.3937,4.25701 -2.55531 0.3937,-0.359157 3.09716 0.3937,2.94233 -0.195979 0.3937,-0.362542 3.13206 0.3937,4.14455 -1.3686 0.3937,4.28566 -2.59515 0.3937,-0.362542 3.16714 0.3937,2.98212 -0.176815 0.3937,4.16272 -1.32834 0.3937,4.31229 -2.63638 0.3937,-0.359157 3.20204 0.3937,3.02282 -0.159659 0.3937,-0.352419 3.23646 0.3937,4.17885 -1.28722 0.3937,4.33682 -2.67888 0.3937,3.06433 -0.144552 0.3937,-0.34239 3.27007 0.3937,4.19292 -1.24535 0.3937,-0.329165 3.30255 0.3937,3.10653 -0.131533 0.3937,4.20488 -1.20283 0.3937,4.35921 -2.72255 0.3937,-0.312866 3.33361 0.3937,1.9046 1.12516 0.3937,1.5748 1.12516 0.3937,1.5748 0.802826 0.3937,4.21471 -1.15977 0.3937,4.3794 -2.76728 0.3937,-0.293646 3.36295 0.3937,4.22238 -1.11628 0.3937,4.39733 -2.81297 0.3937,-0.271684 3.39029 0.3937,4.22787 -1.07245 0.3937,-0.247186 3.41539 0.3937,-0.220379 3.438 0.3937,1.9046 1.32776 0.3937,1.5748 1.65009 0.3937,1.5748 1.32776 0.3937,-0.191516 3.45793 0.3937,-0.160864 3.47497 0.3937,-0.12871 3.48898 0.3937,-0.0953539 3.49982 0.3937,1.5748 1.9685 0.3937,0.176396 2.83238 0.3937,0.144956 2.81684 0.3937,0.206188 2.85088 0.3937,0.234056 2.87218 0.3937,0.259738 2.89606 0.3937,0.282995 2.92232 0.3937,0.30361 2.95069 0.3937,0.321391 2.98092 0.3937,0.33617 3.01273 0.3937,0.347811 3.04581 0.3937,0.356204 3.07986 0.3937,0.361272 3.11457 0.3937,0.362966 3.1496 0.3937,0.361272 3.18463 0.3937,1.9046 1.65009 0.3937,0.356204 3.21934 0.3937,0.347811 3.25339 0.3937,1.9046 1.85269 0.3937,1.5748 1.85269 0.3937,4.7244 0.3937 0.3937,4.05257 -0.449385 0.3937,4.07835 -0.485247 0.3937,4.02503 -0.414853 0.3937,3.99581 -0.381736 0.3937,3.96497 -0.350117 0.3937,3.93259 -0.320075 0.3937,3.89875 -0.291684 0.3937,3.86354 -0.265015 0.3937,3.82705 -0.240134 0.3937,3.78936 -0.217103 0.3937,3.75057 -0.195979 0.3937,3.71078 -0.176815 0.3937,4.23117 -1.0284 0.3937,3.67008 -0.159659 0.3937,4.23227 -0.98425 0.3937,3.62857 -0.144552 0.3937,3.58637 -0.131533 0.3937,3.54356 -0.120634 0.3937,3.50027 -0.111883 0.3937,3.4566 -0.1053 0.3937,3.41265 -0.100902 0.3937,4.42625 -2.90673 0.3937,4.41296 -2.85949 0.3937,4.23117 -0.940095 0.3937,4.22787 -0.89605 0.3937,4.22238 -0.852225 0.3937,4.21471 -0.808727 0.3937,4.20488 -0.765666 0.3937,4.19292 -0.723148 0.3937,4.17885 -0.68128 0.3937,4.16272 -0.640165 0.3937,4.14455 -0.599905 0.3937,4.1244 -0.560601 0.3937,4.10232 -0.52235 0.3937,1.9685 5.5118 0.3937,0.33617 3.28647 0.3937,0.321391 3.31828 0.3937,0.30361 3.34851 0.3937,0.282995 3.37688 0.3937,0.259738 3.40314 0.3937,0.234056 3.42702 0.3937,0.206188 3.44832 0.3937,0.176396 3.46682 0.3937,0.144956 3.48236 0.3937,0.112163 3.4948 0.3937,0.0783224 3.50402 0.3937,0.0437507 3.50992 0.3937,0.00877062 3.51246 0.3937,-0.0262914 3.51161 0.3937,-0.0611079 3.50739 0.3937,5.9055 5.9055 0.3937,4.7244 5.5118 0.3937,-2.31512 -4.91696 0.3937,0.562371 -4.68768 0.3937,0.139923 -4.67223 0.3937,1.39869 -5.15198 0.3937,1.07703 -4.72537 0.3937,0.00877062 2.78674 0.3937,0.0437507 2.78928 0.3937,0.0783224 2.79518 0.3937,0.112163 2.8044 0.3937,-0.0262914 2.78759 0.3937,-0.0611079 2.79181 0.3937,-0.0953539 2.79938 0.3937,-0.12871 2.81022 0.3937,3.32437 -0.0987003 0.3937,3.28025 -0.100902 0.3937,3.2363 -0.1053 0.3937,3.19263 -0.111883 0.3937,3.14934 -0.120634 0.3937,3.36853 -0.0987003 0.3937]
}}
appearance Appearance{material Material{diffuseColor 0.917647 0.917647 0.917647
transparency 0}}}
Shape { geometry IndexedFaceSet 
{ creaseAngle 1.00 coordIndex [0,1,2,-1,3,4,5,-1,6,0,7,-1,8,3,5,-1,8,9,10,-1,8,10,11,-1,8,11,12,-1,8,12,13,-1,8,13,3,-1,8,5,1,-1,14,1,0,-1,14,0,6,-1,14,6,15,-1,14,15,16,-1,14,16,17,-1,14,17,18,-1,19,14,20,-1,21,22,23,-1,21,23,24,-1,21,24,8,-1,25,26,27,-1,28,26,25,-1,28,29,26,-1,30,31,32,-1,33,28,34,-1,35,33,36,-1,37,35,38,-1,39,8,1,-1,39,40,41,-1,39,41,42,-1,39,42,43,-1,39,1,14,-1,39,43,30,-1,39,32,44,-1,39,44,45,-1,39,45,21,-1,39,21,8,-1,39,14,19,-1,39,19,29,-1,39,30,32,-1,46,35,37,-1,47,35,46,-1,48,49,39,-1,50,51,48,-1,52,35,47,-1,52,47,53,-1,52,53,54,-1,52,33,35,-1,55,50,48,-1,56,57,55,-1,58,52,59,-1,58,59,60,-1,58,33,52,-1,61,58,62,-1,61,33,58,-1,63,56,55,-1,63,64,65,-1,63,65,56,-1,66,61,67,-1,68,69,63,-1,70,61,66,-1,71,68,63,-1,72,28,33,-1,72,70,73,-1,72,33,61,-1,72,61,70,-1,72,29,28,-1,74,75,71,-1,76,72,77,-1,78,79,80,-1,78,80,81,-1,78,81,74,-1,78,74,71,-1,82,76,83,-1,82,83,84,-1,85,63,55,-1,85,71,63,-1,85,78,71,-1,86,82,87,-1,86,76,82,-1,88,76,86,-1,89,76,88,-1,89,72,76,-1,90,91,92,-1,90,92,93,-1,90,93,85,-1,94,72,89,-1,94,89,95,-1,96,72,94,-1,97,72,96,-1,98,99,100,-1,101,98,100,-1,101,100,102,-1,101,102,90,-1,103,97,104,-1,105,97,103,-1,106,107,108,-1,106,108,101,-1,109,105,110,-1,111,106,101,-1,112,97,105,-1,112,105,109,-1,113,114,115,-1,113,115,111,-1,116,72,97,-1,116,112,117,-1,116,117,118,-1,116,97,112,-1,119,116,120,-1,119,39,29,-1,119,48,39,-1,119,55,48,-1,119,29,72,-1,119,72,116,-1,121,122,123,-1,124,55,119,-1,125,90,85,-1,125,101,90,-1,125,123,113,-1,125,111,101,-1,125,113,111,-1,125,121,123,-1,125,55,124,-1,125,85,55,-1]
coord Coordinate { point [2.90786 -3.85756 1.9685,2.84017 -3.79782 1.9685,2.87327 -3.82853 1.9685,2.75062 -3.69635 1.9685,2.77877 -3.73165 1.9685,2.80865 -3.7655 1.9685,2.98115 -3.91025 1.9685,2.94385 -3.88482 1.9685,2.62153 -3.4593 1.9685,2.63803 -3.50133 1.9685,2.6566 -3.54249 1.9685,2.6772 -3.58266 1.9685,2.69977 -3.62176 1.9685,2.72427 -3.65969 1.9685,3.18404 -4.00796 1.9685,3.01968 -3.93379 1.9685,3.05933 -3.95539 1.9685,3.10001 -3.97498 1.9685,3.14161 -3.99252 1.9685,3.27094 -4.03241 1.9685,3.22719 -4.02127 1.9685,2.57704 -3.28456 1.9685,2.58488 -3.32902 1.9685,2.59492 -3.37304 1.9685,2.60715 -3.4165 1.9685,3.44986 -4.05483 1.9685,3.35984 -4.04808 1.9685,3.40477 -4.05258 1.9685,3.49501 -4.05483 1.9685,3.31519 -4.04135 1.9685,2.57142 -3.05944 1.9685,2.56805 -3.10446 1.9685,2.56692 -3.1496 1.9685,3.58503 -4.04808 1.9685,3.5401 -4.05258 1.9685,3.67393 -4.03241 1.9685,3.62967 -4.04135 1.9685,3.76083 -4.00796 1.9685,3.71768 -4.02127 1.9685,2.62153 -2.8399 1.9685,2.60715 -2.8827 1.9685,2.59492 -2.92616 1.9685,2.58488 -2.97018 1.9685,2.57704 -3.01464 1.9685,2.56805 -3.19474 1.9685,2.57142 -3.23976 1.9685,3.80325 -3.99252 1.9685,3.84486 -3.97498 1.9685,2.6566 -2.75671 1.9685,2.63803 -2.79787 1.9685,2.69977 -2.67744 1.9685,2.6772 -2.71654 1.9685,3.96372 -3.91025 1.9685,3.88554 -3.95539 1.9685,3.92519 -3.93379 1.9685,2.72427 -2.63951 1.9685,2.77877 -2.56755 1.9685,2.75062 -2.60285 1.9685,4.0716 -3.82853 1.9685,4.00102 -3.88482 1.9685,4.03701 -3.85756 1.9685,4.13622 -3.7655 1.9685,4.10469 -3.79782 1.9685,2.87327 -2.47067 1.9685,2.84017 -2.50138 1.9685,2.80865 -2.5337 1.9685,4.19425 -3.69635 1.9685,4.16609 -3.73165 1.9685,2.94385 -2.41438 1.9685,2.90786 -2.44164 1.9685,4.2206 -3.65969 1.9685,2.98115 -2.38895 1.9685,4.26767 -3.58266 1.9685,4.2451 -3.62176 1.9685,3.05933 -2.34381 1.9685,3.01968 -2.36541 1.9685,4.30684 -3.50133 1.9685,4.28827 -3.54249 1.9685,3.22719 -2.27793 1.9685,3.18404 -2.29124 1.9685,3.14161 -2.30668 1.9685,3.10001 -2.32422 1.9685,4.34994 -3.37304 1.9685,4.32334 -3.4593 1.9685,4.33771 -3.4165 1.9685,3.27094 -2.26679 1.9685,4.36783 -3.28456 1.9685,4.35999 -3.32902 1.9685,4.37344 -3.23976 1.9685,4.37682 -3.19474 1.9685,3.44986 -2.24437 1.9685,3.40477 -2.24662 1.9685,3.35984 -2.25112 1.9685,3.31519 -2.25785 1.9685,4.37682 -3.10446 1.9685,4.37794 -3.1496 1.9685,4.37344 -3.05944 1.9685,4.36783 -3.01464 1.9685,3.62967 -2.25785 1.9685,3.58503 -2.25112 1.9685,3.5401 -2.24662 1.9685,3.67393 -2.26679 1.9685,3.49501 -2.24437 1.9685,4.34994 -2.92616 1.9685,4.35999 -2.97018 1.9685,4.33771 -2.8827 1.9685,3.80325 -2.30668 1.9685,3.76083 -2.29124 1.9685,3.71768 -2.27793 1.9685,4.30684 -2.79787 1.9685,4.32334 -2.8399 1.9685,3.84486 -2.32422 1.9685,4.28827 -2.75671 1.9685,3.96372 -2.38895 1.9685,3.92519 -2.36541 1.9685,3.88554 -2.34381 1.9685,4.2206 -2.63951 1.9685,4.26767 -2.71654 1.9685,4.2451 -2.67744 1.9685,4.16609 -2.56755 1.9685,4.19425 -2.60285 1.9685,4.0716 -2.47067 1.9685,4.03701 -2.44164 1.9685,4.00102 -2.41438 1.9685,4.13622 -2.5337 1.9685,4.10469 -2.50138 1.9685]
}}
appearance Appearance{material Material{diffuseColor 0.917647 0.917647 0.917647
transparency 0}}}
Shape { geometry IndexedFaceSet 
{ creaseAngle 1.00 coordIndex [0,1,2,-1,0,2,3,-1]
coord Coordinate { point [5.9055 5.9055 0,-5.9055 5.9055 0,-5.9055 5.9055 0.3937,5.9055 5.9055 0.3937]
}}
appearance Appearance{material Material{diffuseColor 0.917647 0.917647 0.917647
transparency 0}}}
Shape { geometry IndexedFaceSet 
{ creaseAngle 1.00 coordIndex [0,1,2,-1,0,2,3,-1]
coord Coordinate { point [-5.9055 5.9055 0,-5.9055 -5.9055 0,-5.9055 -5.9055 0.3937,-5.9055 5.9055 0.3937]
}}
appearance Appearance{material Material{diffuseColor 0.917647 0.917647 0.917647
transparency 0}}}
Shape { geometry IndexedFaceSet 
{ creaseAngle 1.00 coordIndex [0,1,2,-1,0,2,3,-1]
coord Coordinate { point [5.9055 -5.9055 0,5.9055 5.9055 0,5.9055 5.9055 0.3937,5.9055 -5.9055 0.3937]
}}
appearance Appearance{material Material{diffuseColor 0.917647 0.917647 0.917647
transparency 0}}}
Shape { geometry IndexedFaceSet 
{ creaseAngle 1.00 coordIndex [0,1,2,-1,0,2,3,-1]
coord Coordinate { point [-5.9055 -5.9055 0,5.9055 -5.9055 0,5.9055 -5.9055 0.3937,-5.9055 -5.9055 0.3937]
}}
appearance Appearance{material Material{diffuseColor 0.917647 0.917647 0.917647
transparency 0}}}
Shape { geometry IndexedFaceSet 
{ creaseAngle 1.00 coordIndex [0,1,2,-1,2,1,3,-1,1,4,3,-1,3,4,5,-1,4,6,5,-1,5,6,7,-1,6,8,7,-1,7,8,9,-1,8,10,9,-1,9,10,11,-1,10,12,11,-1,11,12,13,-1,13,14,15,-1,12,14,13,-1,15,14,16,-1,14,17,16,-1,16,18,19,-1,17,18,16,-1,19,20,21,-1,18,20,19,-1,21,22,23,-1,20,22,21,-1,23,24,25,-1,22,24,23,-1,24,26,25,-1,25,26,27,-1,26,28,27,-1,27,28,29,-1,29,28,30,-1,28,31,30,-1,31,32,30,-1,30,32,33,-1,32,34,33,-1,33,34,35,-1,34,36,35,-1,35,36,37,-1,36,38,37,-1,37,38,39,-1,39,38,40,-1,38,41,40,-1,41,42,40,-1,40,42,43,-1,42,44,43,-1,43,44,45,-1,44,46,45,-1,45,46,47,-1,47,46,48,-1,46,49,48,-1,49,50,48,-1,48,50,51,-1,51,52,53,-1,50,52,51,-1,53,54,55,-1,52,54,53,-1,55,56,57,-1,54,56,55,-1,57,58,59,-1,56,58,57,-1,59,60,61,-1,58,60,59,-1,61,62,63,-1,60,62,61,-1,63,64,65,-1,65,64,66,-1,62,64,63,-1,64,67,66,-1,66,68,69,-1,69,68,70,-1,67,68,66,-1,68,71,70,-1,70,72,73,-1,73,72,74,-1,71,72,70,-1,72,75,74,-1,74,75,76,-1,75,77,76,-1,77,78,76,-1,76,78,79,-1,78,80,79,-1,79,80,81,-1,81,80,82,-1,80,83,82,-1,82,84,85,-1,83,84,82,-1,85,86,87,-1,84,86,85,-1,87,88,89,-1,89,88,90,-1,86,88,87,-1,88,91,90,-1,90,92,93,-1,91,92,90,-1,93,94,95,-1,95,94,96,-1,92,94,93,-1,94,97,96,-1,96,98,99,-1,97,98,96,-1,99,100,101,-1,101,100,102,-1,98,100,99,-1,102,103,104,-1,100,103,102,-1,103,105,104,-1,104,106,107,-1,105,106,104,-1,107,108,109,-1,109,108,110,-1,106,108,107,-1,108,111,110,-1,110,112,113,-1,111,112,110,-1,113,114,115,-1,115,114,116,-1,112,114,113,-1,114,117,116,-1,116,118,119,-1,119,118,120,-1,117,118,116,-1,120,121,122,-1,118,121,120,-1,122,123,124,-1,121,123,122,-1,123,125,124,-1,125,126,124,-1,124,126,127,-1,126,128,127,-1,127,128,129,-1,129,128,130,-1,130,131,132,-1,128,131,130,-1,131,133,132,-1,133,134,132,-1,132,134,135,-1,135,134,136,-1,134,137,136,-1,137,138,136,-1,136,138,139,-1,139,138,140,-1,138,141,140,-1,141,142,140,-1,140,142,143,-1,142,144,143,-1,143,144,145,-1,145,144,146,-1,144,147,146,-1,147,0,146,-1,146,0,2,-1]
coord Coordinate { point [-4.40776 -4.82282 0.3937,-4.40925 -4.78762 0.3937,-4.40776 -4.82282 0,-4.40925 -4.78762 0,-4.41373 -4.75268 0.3937,-4.41373 -4.75268 0,-4.42115 -4.71824 0.3937,-4.42115 -4.71824 0,-4.43147 -4.68455 0.3937,-4.43147 -4.68455 0,-4.4446 -4.65186 0.3937,-4.4446 -4.65186 0,-4.46047 -4.6204 0.3937,-4.46047 -4.6204 0,-4.47894 -4.5904 0.3937,-4.47894 -4.5904 0,-4.49989 -4.56207 0,-4.49989 -4.56207 0.3937,-4.52316 -4.53562 0.3937,-4.52316 -4.53562 0,-4.5486 -4.51125 0.3937,-4.5486 -4.51125 0,-4.57601 -4.48911 0.3937,-4.57601 -4.48911 0,-4.6052 -4.46938 0.3937,-4.6052 -4.46938 0,-4.63596 -4.4522 0.3937,-4.63596 -4.4522 0,-4.66806 -4.43769 0.3937,-4.66806 -4.43769 0,-4.70128 -4.42595 0,-4.70128 -4.42595 0.3937,-4.73538 -4.41707 0.3937,-4.73538 -4.41707 0,-4.7701 -4.41112 0.3937,-4.7701 -4.41112 0,-4.80521 -4.40813 0.3937,-4.80521 -4.40813 0,-4.84044 -4.40813 0.3937,-4.84044 -4.40813 0,-4.87555 -4.41112 0,-4.87555 -4.41112 0.3937,-4.91027 -4.41707 0.3937,-4.91027 -4.41707 0,-4.94437 -4.42595 0.3937,-4.94437 -4.42595 0,-4.97759 -4.43769 0.3937,-4.97759 -4.43769 0,-5.00969 -4.4522 0,-5.00969 -4.4522 0.3937,-5.04045 -4.46938 0.3937,-5.04045 -4.46938 0,-5.06964 -4.48911 0.3937,-5.06964 -4.48911 0,-5.09705 -4.51125 0.3937,-5.09705 -4.51125 0,-5.12249 -4.53562 0.3937,-5.12249 -4.53562 0,-5.14576 -4.56207 0.3937,-5.14576 -4.56207 0,-5.16671 -4.5904 0.3937,-5.16671 -4.5904 0,-5.18518 -4.6204 0.3937,-5.18518 -4.6204 0,-5.20105 -4.65186 0.3937,-5.20105 -4.65186 0,-5.21418 -4.68455 0,-5.21418 -4.68455 0.3937,-5.2245 -4.71824 0.3937,-5.2245 -4.71824 0,-5.23192 -4.75268 0,-5.23192 -4.75268 0.3937,-5.2364 -4.78762 0.3937,-5.2364 -4.78762 0,-5.23789 -4.82283 0,-5.23789 -4.82283 0.3937,-5.2364 -4.85803 0,-5.2364 -4.85803 0.3937,-5.23192 -4.89297 0.3937,-5.23192 -4.89297 0,-5.2245 -4.92741 0.3937,-5.2245 -4.92741 0,-5.21418 -4.9611 0,-5.21418 -4.9611 0.3937,-5.20105 -4.99379 0.3937,-5.20105 -4.99379 0,-5.18518 -5.02525 0.3937,-5.18518 -5.02525 0,-5.16671 -5.05525 0.3937,-5.16671 -5.05525 0,-5.14576 -5.08358 0,-5.14576 -5.08358 0.3937,-5.12249 -5.11003 0.3937,-5.12249 -5.11003 0,-5.09705 -5.1344 0.3937,-5.09705 -5.1344 0,-5.06964 -5.15654 0,-5.06964 -5.15654 0.3937,-5.04045 -5.17627 0.3937,-5.04045 -5.17627 0,-5.00969 -5.19345 0.3937,-5.00969 -5.19345 0,-4.97759 -5.20796 0,-4.97759 -5.20796 0.3937,-4.94437 -5.2197 0,-4.94437 -5.2197 0.3937,-4.91027 -5.22858 0.3937,-4.91027 -5.22858 0,-4.87555 -5.23453 0.3937,-4.87555 -5.23453 0,-4.84044 -5.23752 0,-4.84044 -5.23752 0.3937,-4.80521 -5.23752 0.3937,-4.80521 -5.23752 0,-4.7701 -5.23453 0.3937,-4.7701 -5.23453 0,-4.73538 -5.22858 0,-4.73538 -5.22858 0.3937,-4.70128 -5.2197 0.3937,-4.70128 -5.2197 0,-4.66806 -5.20796 0,-4.66806 -5.20796 0.3937,-4.63596 -5.19345 0,-4.63596 -5.19345 0.3937,-4.6052 -5.17627 0,-4.6052 -5.17627 0.3937,-4.57601 -5.15654 0.3937,-4.57601 -5.15654 0,-4.5486 -5.1344 0.3937,-4.5486 -5.1344 0,-4.52316 -5.11003 0,-4.52316 -5.11003 0.3937,-4.49989 -5.08358 0,-4.49989 -5.08358 0.3937,-4.47894 -5.05525 0.3937,-4.47894 -5.05525 0,-4.46047 -5.02525 0,-4.46047 -5.02525 0.3937,-4.4446 -4.99379 0.3937,-4.4446 -4.99379 0,-4.43147 -4.9611 0,-4.43147 -4.9611 0.3937,-4.42115 -4.92741 0.3937,-4.42115 -4.92741 0,-4.41373 -4.89297 0.3937,-4.41373 -4.89297 0,-4.40925 -4.85803 0,-4.40925 -4.85803 0.3937]
}}
appearance Appearance{material Material{diffuseColor 0.917647 0.917647 0.917647
transparency 0}}}
Shape { geometry IndexedFaceSet 
{ creaseAngle 1.00 coordIndex [0,1,2,-1,3,1,0,-1]
coord Coordinate { point [-2.64138 -5.30708 0.35433,-2.54541 -5.30708 0.3937,-2.54541 -5.30708 0.35433,-2.64138 -5.30708 0.3937]
}}
appearance Appearance{material Material{diffuseColor 0.917647 0.917647 0.917647
transparency 0}}}
Shape { geometry IndexedFaceSet 
{ creaseAngle 1.00 coordIndex [0,1,2,-1,0,2,3,-1]
coord Coordinate { point [-2.54541 -5.30708 0.3937,-2.39262 -5.05099 0.3937,-2.39262 -5.05099 0.35433,-2.54541 -5.30708 0.35433]
}}
appearance Appearance{material Material{diffuseColor 0.917647 0.917647 0.917647
transparency 0}}}
Shape { geometry IndexedFaceSet 
{ creaseAngle 1.00 coordIndex [0,1,2,-1,0,2,3,-1]
coord Coordinate { point [-2.39262 -5.05099 0.3937,-2.36448 -4.9955 0.3937,-2.36448 -4.9955 0.35433,-2.39262 -5.05099 0.35433]
}}
appearance Appearance{material Material{diffuseColor 0.917647 0.917647 0.917647
transparency 0}}}
Shape { geometry IndexedFaceSet 
{ creaseAngle 1.00 coordIndex [0,1,2,-1,0,2,3,-1]
coord Coordinate { point [-2.36448 -4.9955 0.3937,-2.33871 -5.04432 0.3937,-2.33871 -5.04432 0.35433,-2.36448 -4.9955 0.35433]
}}
appearance Appearance{material Material{diffuseColor 0.917647 0.917647 0.917647
transparency 0}}}
Shape { geometry IndexedFaceSet 
{ creaseAngle 1.00 coordIndex [0,1,2,-1,3,1,0,-1]
coord Coordinate { point [-2.33871 -5.04432 0.35433,-2.18669 -5.30708 0.3937,-2.18669 -5.30708 0.35433,-2.33871 -5.04432 0.3937]
}}
appearance Appearance{material Material{diffuseColor 0.917647 0.917647 0.917647
transparency 0}}}
Shape { geometry IndexedFaceSet 
{ creaseAngle 1.00 coordIndex [0,1,2,-1,0,2,3,-1]
coord Coordinate { point [-2.18669 -5.30708 0.3937,-2.08812 -5.30708 0.3937,-2.08812 -5.30708 0.35433,-2.18669 -5.30708 0.35433]
}}
appearance Appearance{material Material{diffuseColor 0.917647 0.917647 0.917647
transparency 0}}}
Shape { geometry IndexedFaceSet 
{ creaseAngle 1.00 coordIndex [0,1,2,-1,0,2,3,-1]
coord Coordinate { point [-2.08812 -5.30708 0.3937,-2.31512 -4.91696 0.3937,-2.31512 -4.91696 0.35433,-2.08812 -5.30708 0.35433]
}}
appearance Appearance{material Material{diffuseColor 0.917647 0.917647 0.917647
transparency 0}}}
Shape { geometry IndexedFaceSet 
{ creaseAngle 1.00 coordIndex [0,1,2,-1,0,2,3,-1]
coord Coordinate { point [-2.31512 -4.91696 0.3937,-2.10527 -4.5694 0.3937,-2.10527 -4.5694 0.35433,-2.31512 -4.91696 0.35433]
}}
appearance Appearance{material Material{diffuseColor 0.917647 0.917647 0.917647
transparency 0}}}
Shape { geometry IndexedFaceSet 
{ creaseAngle 1.00 coordIndex [0,1,2,-1,3,1,0,-1]
coord Coordinate { point [-2.10527 -4.5694 0.35433,-2.19373 -4.5694 0.3937,-2.19373 -4.5694 0.35433,-2.10527 -4.5694 0.3937]
}}
appearance Appearance{material Material{diffuseColor 0.917647 0.917647 0.917647
transparency 0}}}
Shape { geometry IndexedFaceSet 
{ creaseAngle 1.00 coordIndex [0,1,2,-1,0,2,3,-1]
coord Coordinate { point [-2.19373 -4.5694 0.3937,-2.31291 -4.76581 0.3937,-2.31291 -4.76581 0.35433,-2.19373 -4.5694 0.35433]
}}
appearance Appearance{material Material{diffuseColor 0.917647 0.917647 0.917647
transparency 0}}}
Shape { geometry IndexedFaceSet 
{ creaseAngle 1.00 coordIndex [0,1,2,-1,0,2,3,-1,4,3,5,-1,4,0,3,-1]
coord Coordinate { point [-2.33952 -4.80812 0.3937,-2.36083 -4.8469 0.3937,-2.36083 -4.8469 0.35433,-2.33952 -4.80812 0.35433,-2.31291 -4.76581 0.3937,-2.31291 -4.76581 0.35433]
}}
appearance Appearance{material Material{diffuseColor 0.917647 0.917647 0.917647
transparency 0}}}
Shape { geometry IndexedFaceSet 
{ creaseAngle 1.00 coordIndex [0,1,2,-1,0,2,3,-1,4,3,5,-1,4,0,3,-1]
coord Coordinate { point [-2.37884 -4.80958 0.3937,-2.4074 -4.75834 0.3937,-2.4074 -4.75834 0.35433,-2.37884 -4.80958 0.35433,-2.36083 -4.8469 0.3937,-2.36083 -4.8469 0.35433]
}}
appearance Appearance{material Material{diffuseColor 0.917647 0.917647 0.917647
transparency 0}}}
Shape { geometry IndexedFaceSet 
{ creaseAngle 1.00 coordIndex [0,1,2,-1,0,2,3,-1]
coord Coordinate { point [-2.4074 -4.75834 0.3937,-2.51737 -4.5694 0.3937,-2.51737 -4.5694 0.35433,-2.4074 -4.75834 0.35433]
}}
appearance Appearance{material Material{diffuseColor 0.917647 0.917647 0.917647
transparency 0}}}
Shape { geometry IndexedFaceSet 
{ creaseAngle 1.00 coordIndex [0,1,2,-1,0,2,3,-1]
coord Coordinate { point [-2.51737 -4.5694 0.3937,-2.6135 -4.5694 0.3937,-2.6135 -4.5694 0.35433,-2.51737 -4.5694 0.35433]
}}
appearance Appearance{material Material{diffuseColor 0.917647 0.917647 0.917647
transparency 0}}}
Shape { geometry IndexedFaceSet 
{ creaseAngle 1.00 coordIndex [0,1,2,-1,3,1,0,-1]
coord Coordinate { point [-2.6135 -4.5694 0.35433,-2.40861 -4.92346 0.3937,-2.40861 -4.92346 0.35433,-2.6135 -4.5694 0.3937]
}}
appearance Appearance{material Material{diffuseColor 0.917647 0.917647 0.917647
transparency 0}}}
Shape { geometry IndexedFaceSet 
{ creaseAngle 1.00 coordIndex [0,1,2,-1,0,2,3,-1]
coord Coordinate { point [-2.40861 -4.92346 0.3937,-2.64138 -5.30708 0.3937,-2.64138 -5.30708 0.35433,-2.40861 -4.92346 0.35433]
}}
appearance Appearance{material Material{diffuseColor 0.917647 0.917647 0.917647
transparency 0}}}
Shape { geometry IndexedFaceSet 
{ creaseAngle 1.00 coordIndex [0,1,2,-1,0,2,3,-1]
coord Coordinate { point [-1.8458 -5.30708 0.3937,-1.76646 -5.30708 0.3937,-1.76646 -5.30708 0.35433,-1.8458 -5.30708 0.35433]
}}
appearance Appearance{material Material{diffuseColor 0.917647 0.917647 0.917647
transparency 0}}}
Shape { geometry IndexedFaceSet 
{ creaseAngle 1.00 coordIndex [0,1,2,-1,0,2,3,-1]
coord Coordinate { point [-1.76646 -5.30708 0.3937,-1.76646 -4.9946 0.3937,-1.76646 -4.9946 0.35433,-1.76646 -5.30708 0.35433]
}}
appearance Appearance{material Material{diffuseColor 0.917647 0.917647 0.917647
transparency 0}}}
Shape { geometry IndexedFaceSet 
{ creaseAngle 1.00 coordIndex [0,1,2,-1,3,1,0,-1]
coord Coordinate { point [-1.76646 -4.9946 0.35433,-1.52414 -4.5694 0.3937,-1.52414 -4.5694 0.35433,-1.76646 -4.9946 0.3937]
}}
appearance Appearance{material Material{diffuseColor 0.917647 0.917647 0.917647
transparency 0}}}
Shape { geometry IndexedFaceSet 
{ creaseAngle 1.00 coordIndex [0,1,2,-1,0,2,3,-1]
coord Coordinate { point [-1.52414 -4.5694 0.3937,-1.61511 -4.5694 0.3937,-1.61511 -4.5694 0.35433,-1.52414 -4.5694 0.35433]
}}
appearance Appearance{material Material{diffuseColor 0.917647 0.917647 0.917647
transparency 0}}}
Shape { geometry IndexedFaceSet 
{ creaseAngle 1.00 coordIndex [0,1,2,-1,0,2,3,-1]
coord Coordinate { point [-1.61511 -4.5694 0.3937,-1.73318 -4.78501 0.3937,-1.73318 -4.78501 0.35433,-1.61511 -4.5694 0.35433]
}}
appearance Appearance{material Material{diffuseColor 0.917647 0.917647 0.917647
transparency 0}}}
Shape { geometry IndexedFaceSet 
{ creaseAngle 1.00 coordIndex [0,1,2,-1,0,2,3,-1,4,3,5,-1,4,0,3,-1]
coord Coordinate { point [-1.76953 -4.85343 0.3937,-1.79956 -4.91458 0.3937,-1.79956 -4.91458 0.35433,-1.76953 -4.85343 0.35433,-1.73318 -4.78501 0.3937,-1.73318 -4.78501 0.35433]
}}
appearance Appearance{material Material{diffuseColor 0.917647 0.917647 0.917647
transparency 0}}}
Shape { geometry IndexedFaceSet 
{ creaseAngle 1.00 coordIndex [0,1,2,-1,0,2,3,-1,4,3,5,-1,4,0,3,-1]
coord Coordinate { point [-1.82865 -4.8543 0.3937,-1.86205 -4.79051 0.3937,-1.86205 -4.79051 0.35433,-1.82865 -4.8543 0.35433,-1.79956 -4.91458 0.3937,-1.79956 -4.91458 0.35433]
}}
appearance Appearance{material Material{diffuseColor 0.917647 0.917647 0.917647
transparency 0}}}
Shape { geometry IndexedFaceSet 
{ creaseAngle 1.00 coordIndex [0,1,2,-1,0,2,3,-1]
coord Coordinate { point [-1.86205 -4.79051 0.3937,-1.98197 -4.5694 0.3937,-1.98197 -4.5694 0.35433,-1.86205 -4.79051 0.35433]
}}
appearance Appearance{material Material{diffuseColor 0.917647 0.917647 0.917647
transparency 0}}}
Shape { geometry IndexedFaceSet 
{ creaseAngle 1.00 coordIndex [0,1,2,-1,3,1,0,-1]
coord Coordinate { point [-1.98197 -4.5694 0.35433,-2.07954 -4.5694 0.3937,-2.07954 -4.5694 0.35433,-1.98197 -4.5694 0.3937]
}}
appearance Appearance{material Material{diffuseColor 0.917647 0.917647 0.917647
transparency 0}}}
Shape { geometry IndexedFaceSet 
{ creaseAngle 1.00 coordIndex [0,1,2,-1,0,2,3,-1]
coord Coordinate { point [-2.07954 -4.5694 0.3937,-1.8458 -4.9946 0.3937,-1.8458 -4.9946 0.35433,-2.07954 -4.5694 0.35433]
}}
appearance Appearance{material Material{diffuseColor 0.917647 0.917647 0.917647
transparency 0}}}
Shape { geometry IndexedFaceSet 
{ creaseAngle 1.00 coordIndex [0,1,2,-1,0,2,3,-1]
coord Coordinate { point [-1.8458 -4.9946 0.3937,-1.8458 -5.30708 0.3937,-1.8458 -5.30708 0.35433,-1.8458 -4.9946 0.35433]
}}
appearance Appearance{material Material{diffuseColor 0.917647 0.917647 0.917647
transparency 0}}}
Shape { geometry IndexedFaceSet 
{ creaseAngle 1.00 coordIndex [0,1,2,-1,0,2,3,-1]
coord Coordinate { point [-1.57132 -5.0862 0.3937,-1.34401 -5.0862 0.3937,-1.34401 -5.0862 0.35433,-1.57132 -5.0862 0.35433]
}}
appearance Appearance{material Material{diffuseColor 0.917647 0.917647 0.917647
transparency 0}}}
Shape { geometry IndexedFaceSet 
{ creaseAngle 1.00 coordIndex [0,1,2,-1,3,1,0,-1]
coord Coordinate { point [-1.34401 -5.0862 0.35433,-1.34401 -4.99614 0.3937,-1.34401 -4.99614 0.35433,-1.34401 -5.0862 0.3937]
}}
appearance Appearance{material Material{diffuseColor 0.917647 0.917647 0.917647
transparency 0}}}
Shape { geometry IndexedFaceSet 
{ creaseAngle 1.00 coordIndex [0,1,2,-1,3,1,0,-1]
coord Coordinate { point [-1.34401 -4.99614 0.35433,-1.57132 -4.99614 0.3937,-1.57132 -4.99614 0.35433,-1.34401 -4.99614 0.3937]
}}
appearance Appearance{material Material{diffuseColor 0.917647 0.917647 0.917647
transparency 0}}}
Shape { geometry IndexedFaceSet 
{ creaseAngle 1.00 coordIndex [0,1,2,-1,0,2,3,-1]
coord Coordinate { point [-1.57132 -4.99614 0.3937,-1.57132 -5.0862 0.3937,-1.57132 -5.0862 0.35433,-1.57132 -4.99614 0.35433]
}}
appearance Appearance{material Material{diffuseColor 0.917647 0.917647 0.917647
transparency 0}}}
Shape { geometry IndexedFaceSet 
{ creaseAngle 1.00 coordIndex [0,1,2,-1,0,2,3,-1]
coord Coordinate { point [-1.24965 -5.30708 0.3937,-1.02034 -5.30708 0.3937,-1.02034 -5.30708 0.35433,-1.24965 -5.30708 0.35433]
}}
appearance Appearance{material Material{diffuseColor 0.917647 0.917647 0.917647
transparency 0}}}
Shape { geometry IndexedFaceSet 
{ creaseAngle 1.00 coordIndex [0,1,2,-1,0,2,3,-1,4,3,5,-1,4,0,3,-1]
coord Coordinate { point [-0.949244 -5.30134 0.3937,-0.89519 -5.28412 0.3937,-0.89519 -5.28412 0.35433,-0.949244 -5.30134 0.35433,-1.02034 -5.30708 0.3937,-1.02034 -5.30708 0.35433]
}}
appearance Appearance{material Material{diffuseColor 0.917647 0.917647 0.917647
transparency 0}}}
Shape { geometry IndexedFaceSet 
{ creaseAngle 1.00 coordIndex [0,1,2,-1,0,2,3,-1,4,3,5,-1,4,0,3,-1]
coord Coordinate { point [-0.854195 -5.25424 0.3937,-0.822347 -5.21048 0.3937,-0.822347 -5.21048 0.35433,-0.854195 -5.25424 0.35433,-0.89519 -5.28412 0.3937,-0.89519 -5.28412 0.35433]
}}
appearance Appearance{material Material{diffuseColor 0.917647 0.917647 0.917647
transparency 0}}}
Shape { geometry IndexedFaceSet 
{ creaseAngle 1.00 coordIndex [0,1,2,-1,0,3,1,-1,4,5,6,-1,4,6,1,-1,4,3,5,-1,4,1,3,-1]
coord Coordinate { point [-0.822347 -5.21048 0.3937,-0.801866 -5.15568 0.35433,-0.822347 -5.21048 0.35433,-0.801866 -5.15568 0.3937,-0.796746 -5.1252 0.374015,-0.795039 -5.09267 0.3937,-0.795039 -5.09267 0.35433]
}}
appearance Appearance{material Material{diffuseColor 0.917647 0.917647 0.917647
transparency 0}}}
Shape { geometry IndexedFaceSet 
{ creaseAngle 1.00 coordIndex [0,1,2,-1,0,2,3,-1,4,3,5,-1,4,5,6,-1,4,6,0,-1,4,0,3,-1]
coord Coordinate { point [-0.802587 -5.03042 0.3937,-0.825229 -4.97892 0.3937,-0.825229 -4.97892 0.35433,-0.802587 -5.03042 0.35433,-0.796926 -5.0602 0.374015,-0.795039 -5.09267 0.35433,-0.795039 -5.09267 0.3937]
}}
appearance Appearance{material Material{diffuseColor 0.917647 0.917647 0.917647
transparency 0}}}
Shape { geometry IndexedFaceSet 
{ creaseAngle 1.00 coordIndex [0,1,2,-1,0,2,3,-1,4,3,5,-1,4,0,3,-1]
coord Coordinate { point [-0.860963 -4.93949 0.3937,-0.907788 -4.91358 0.3937,-0.907788 -4.91358 0.35433,-0.860963 -4.93949 0.35433,-0.825229 -4.97892 0.3937,-0.825229 -4.97892 0.35433]
}}
appearance Appearance{material Material{diffuseColor 0.917647 0.917647 0.917647
transparency 0}}}
Shape { geometry IndexedFaceSet 
{ creaseAngle 1.00 coordIndex [0,1,2,-1,0,2,3,-1,4,3,5,-1,4,0,3,-1]
coord Coordinate { point [-0.871928 -4.88498 0.3937,-0.845165 -4.84837 0.3937,-0.845165 -4.84837 0.35433,-0.871928 -4.88498 0.35433,-0.907788 -4.91358 0.3937,-0.907788 -4.91358 0.35433]
}}
appearance Appearance{material Material{diffuseColor 0.917647 0.917647 0.917647
transparency 0}}}
Shape { geometry IndexedFaceSet 
{ creaseAngle 1.00 coordIndex [0,1,2,-1,0,2,3,-1,4,3,5,-1,4,0,3,-1]
coord Coordinate { point [-0.828479 -4.80522 0.3937,-0.822917 -4.75704 0.3937,-0.822917 -4.75704 0.35433,-0.828479 -4.80522 0.35433,-0.845165 -4.84837 0.3937,-0.845165 -4.84837 0.35433]
}}
appearance Appearance{material Material{diffuseColor 0.917647 0.917647 0.917647
transparency 0}}}
Shape { geometry IndexedFaceSet 
{ creaseAngle 1.00 coordIndex [0,1,2,-1,0,2,3,-1,4,3,5,-1,4,0,3,-1]
coord Coordinate { point [-0.829316 -4.70474 0.3937,-0.848515 -4.65722 0.3937,-0.848515 -4.65722 0.35433,-0.829316 -4.70474 0.35433,-0.822917 -4.75704 0.3937,-0.822917 -4.75704 0.35433]
}}
appearance Appearance{material Material{diffuseColor 0.917647 0.917647 0.917647
transparency 0}}}
Shape { geometry IndexedFaceSet 
{ creaseAngle 1.00 coordIndex [0,1,2,-1,0,2,3,-1,4,3,5,-1,4,0,3,-1]
coord Coordinate { point [-0.877758 -4.61802 0.3937,-0.914288 -4.59074 0.3937,-0.914288 -4.59074 0.35433,-0.877758 -4.61802 0.35433,-0.848515 -4.65722 0.3937,-0.848515 -4.65722 0.35433]
}}
appearance Appearance{material Material{diffuseColor 0.917647 0.917647 0.917647
transparency 0}}}
Shape { geometry IndexedFaceSet 
{ creaseAngle 1.00 coordIndex [0,1,2,-1,0,2,3,-1,4,3,5,-1,4,0,3,-1]
coord Coordinate { point [-0.961608 -4.57474 0.3937,-1.02322 -4.5694 0.3937,-1.02322 -4.5694 0.35433,-0.961608 -4.57474 0.35433,-0.914288 -4.59074 0.3937,-0.914288 -4.59074 0.35433]
}}
appearance Appearance{material Material{diffuseColor 0.917647 0.917647 0.917647
transparency 0}}}
Shape { geometry IndexedFaceSet 
{ creaseAngle 1.00 coordIndex [0,1,2,-1,3,1,0,-1]
coord Coordinate { point [-1.02322 -4.5694 0.35433,-1.24965 -4.5694 0.3937,-1.24965 -4.5694 0.35433,-1.02322 -4.5694 0.3937]
}}
appearance Appearance{material Material{diffuseColor 0.917647 0.917647 0.917647
transparency 0}}}
Shape { geometry IndexedFaceSet 
{ creaseAngle 1.00 coordIndex [0,1,2,-1,0,2,3,-1]
coord Coordinate { point [-1.24965 -4.5694 0.3937,-1.24965 -5.30708 0.3937,-1.24965 -5.30708 0.35433,-1.24965 -4.5694 0.35433]
}}
appearance Appearance{material Material{diffuseColor 0.917647 0.917647 0.917647
transparency 0}}}
Shape { geometry IndexedFaceSet 
{ creaseAngle 1.00 coordIndex [0,1,2,-1,0,2,3,-1]
coord Coordinate { point [-0.531277 -5.30708 0.3937,-0.451934 -5.30708 0.3937,-0.451934 -5.30708 0.35433,-0.531277 -5.30708 0.35433]
}}
appearance Appearance{material Material{diffuseColor 0.917647 0.917647 0.917647
transparency 0}}}
Shape { geometry IndexedFaceSet 
{ creaseAngle 1.00 coordIndex [0,1,2,-1,3,1,0,-1]
coord Coordinate { point [-0.451934 -5.30708 0.35433,-0.451934 -4.65732 0.3937,-0.451934 -4.65732 0.35433,-0.451934 -5.30708 0.3937]
}}
appearance Appearance{material Material{diffuseColor 0.917647 0.917647 0.917647
transparency 0}}}
Shape { geometry IndexedFaceSet 
{ creaseAngle 1.00 coordIndex [0,1,2,-1,0,2,3,-1]
coord Coordinate { point [-0.451934 -4.65732 0.3937,-0.252504 -4.65732 0.3937,-0.252504 -4.65732 0.35433,-0.451934 -4.65732 0.35433]
}}
appearance Appearance{material Material{diffuseColor 0.917647 0.917647 0.917647
transparency 0}}}
Shape { geometry IndexedFaceSet 
{ creaseAngle 1.00 coordIndex [0,1,2,-1,3,1,0,-1]
coord Coordinate { point [-0.252504 -4.65732 0.35433,-0.252504 -4.5694 0.3937,-0.252504 -4.5694 0.35433,-0.252504 -4.65732 0.3937]
}}
appearance Appearance{material Material{diffuseColor 0.917647 0.917647 0.917647
transparency 0}}}
Shape { geometry IndexedFaceSet 
{ creaseAngle 1.00 coordIndex [0,1,2,-1,0,2,3,-1]
coord Coordinate { point [-0.252504 -4.5694 0.3937,-0.730707 -4.5694 0.3937,-0.730707 -4.5694 0.35433,-0.252504 -4.5694 0.35433]
}}
appearance Appearance{material Material{diffuseColor 0.917647 0.917647 0.917647
transparency 0}}}
Shape { geometry IndexedFaceSet 
{ creaseAngle 1.00 coordIndex [0,1,2,-1,0,2,3,-1]
coord Coordinate { point [-0.730707 -4.5694 0.3937,-0.730707 -4.65732 0.3937,-0.730707 -4.65732 0.35433,-0.730707 -4.5694 0.35433]
}}
appearance Appearance{material Material{diffuseColor 0.917647 0.917647 0.917647
transparency 0}}}
Shape { geometry IndexedFaceSet 
{ creaseAngle 1.00 coordIndex [0,1,2,-1,0,2,3,-1]
coord Coordinate { point [-0.730707 -4.65732 0.3937,-0.531277 -4.65732 0.3937,-0.531277 -4.65732 0.35433,-0.730707 -4.65732 0.35433]
}}
appearance Appearance{material Material{diffuseColor 0.917647 0.917647 0.917647
transparency 0}}}
Shape { geometry IndexedFaceSet 
{ creaseAngle 1.00 coordIndex [0,1,2,-1,0,2,3,-1]
coord Coordinate { point [-0.531277 -4.65732 0.3937,-0.531277 -5.30708 0.3937,-0.531277 -5.30708 0.35433,-0.531277 -4.65732 0.35433]
}}
appearance Appearance{material Material{diffuseColor 0.917647 0.917647 0.917647
transparency 0}}}
Shape { geometry IndexedFaceSet 
{ creaseAngle 1.00 coordIndex [0,1,2,-1,0,2,3,-1]
coord Coordinate { point [-0.258937 -5.0862 0.3937,-0.0316299 -5.0862 0.3937,-0.0316299 -5.0862 0.35433,-0.258937 -5.0862 0.35433]
}}
appearance Appearance{material Material{diffuseColor 0.917647 0.917647 0.917647
transparency 0}}}
Shape { geometry IndexedFaceSet 
{ creaseAngle 1.00 coordIndex [0,1,2,-1,3,1,0,-1]
coord Coordinate { point [-0.0316299 -5.0862 0.35433,-0.0316299 -4.99614 0.3937,-0.0316299 -4.99614 0.35433,-0.0316299 -5.0862 0.3937]
}}
appearance Appearance{material Material{diffuseColor 0.917647 0.917647 0.917647
transparency 0}}}
Shape { geometry IndexedFaceSet 
{ creaseAngle 1.00 coordIndex [0,1,2,-1,3,1,0,-1]
coord Coordinate { point [-0.0316299 -4.99614 0.35433,-0.258937 -4.99614 0.3937,-0.258937 -4.99614 0.35433,-0.0316299 -4.99614 0.3937]
}}
appearance Appearance{material Material{diffuseColor 0.917647 0.917647 0.917647
transparency 0}}}
Shape { geometry IndexedFaceSet 
{ creaseAngle 1.00 coordIndex [0,1,2,-1,0,2,3,-1]
coord Coordinate { point [-0.258937 -4.99614 0.3937,-0.258937 -5.0862 0.3937,-0.258937 -5.0862 0.35433,-0.258937 -4.99614 0.35433]
}}
appearance Appearance{material Material{diffuseColor 0.917647 0.917647 0.917647
transparency 0}}}
Shape { geometry IndexedFaceSet 
{ creaseAngle 1.00 coordIndex [0,1,2,-1,0,2,3,-1]
coord Coordinate { point [0.0627239 -5.30708 0.3937,0.139923 -5.30708 0.3937,0.139923 -5.30708 0.35433,0.0627239 -5.30708 0.35433]
}}
appearance Appearance{material Material{diffuseColor 0.917647 0.917647 0.917647
transparency 0}}}
Shape { geometry IndexedFaceSet 
{ creaseAngle 1.00 coordIndex [0,1,2,-1,3,1,0,-1]
coord Coordinate { point [0.139923 -5.30708 0.35433,0.139923 -4.67223 0.3937,0.139923 -4.67223 0.35433,0.139923 -5.30708 0.3937]
}}
appearance Appearance{material Material{diffuseColor 0.917647 0.917647 0.917647
transparency 0}}}
Shape { geometry IndexedFaceSet 
{ creaseAngle 1.00 coordIndex [0,1,2,-1,0,2,3,-1]
coord Coordinate { point [0.139923 -4.67223 0.3937,0.315295 -5.30708 0.3937,0.315295 -5.30708 0.35433,0.139923 -4.67223 0.35433]
}}
appearance Appearance{material Material{diffuseColor 0.917647 0.917647 0.917647
transparency 0}}}
Shape { geometry IndexedFaceSet 
{ creaseAngle 1.00 coordIndex [0,1,2,-1,3,1,0,-1]
coord Coordinate { point [0.315295 -5.30708 0.35433,0.387166 -5.30708 0.3937,0.387166 -5.30708 0.35433,0.315295 -5.30708 0.3937]
}}
appearance Appearance{material Material{diffuseColor 0.917647 0.917647 0.917647
transparency 0}}}
Shape { geometry IndexedFaceSet 
{ creaseAngle 1.00 coordIndex [0,1,2,-1,0,2,3,-1]
coord Coordinate { point [0.387166 -5.30708 0.3937,0.562371 -4.68768 0.3937,0.562371 -4.68768 0.35433,0.387166 -5.30708 0.35433]
}}
appearance Appearance{material Material{diffuseColor 0.917647 0.917647 0.917647
transparency 0}}}
Shape { geometry IndexedFaceSet 
{ creaseAngle 1.00 coordIndex [0,1,2,-1,0,2,3,-1]
coord Coordinate { point [0.562371 -4.68768 0.3937,0.562371 -5.30708 0.3937,0.562371 -5.30708 0.35433,0.562371 -4.68768 0.35433]
}}
appearance Appearance{material Material{diffuseColor 0.917647 0.917647 0.917647
transparency 0}}}
Shape { geometry IndexedFaceSet 
{ creaseAngle 1.00 coordIndex [0,1,2,-1,3,1,0,-1]
coord Coordinate { point [0.562371 -5.30708 0.35433,0.63957 -5.30708 0.3937,0.63957 -5.30708 0.35433,0.562371 -5.30708 0.3937]
}}
appearance Appearance{material Material{diffuseColor 0.917647 0.917647 0.917647
transparency 0}}}
Shape { geometry IndexedFaceSet 
{ creaseAngle 1.00 coordIndex [0,1,2,-1,3,1,0,-1]
coord Coordinate { point [0.63957 -5.30708 0.35433,0.63957 -4.5694 0.3937,0.63957 -4.5694 0.35433,0.63957 -5.30708 0.3937]
}}
appearance Appearance{material Material{diffuseColor 0.917647 0.917647 0.917647
transparency 0}}}
Shape { geometry IndexedFaceSet 
{ creaseAngle 1.00 coordIndex [0,1,2,-1,0,2,3,-1]
coord Coordinate { point [0.63957 -4.5694 0.3937,0.531814 -4.5694 0.3937,0.531814 -4.5694 0.35433,0.63957 -4.5694 0.35433]
}}
appearance Appearance{material Material{diffuseColor 0.917647 0.917647 0.917647
transparency 0}}}
Shape { geometry IndexedFaceSet 
{ creaseAngle 1.00 coordIndex [0,1,2,-1,0,2,3,-1]
coord Coordinate { point [0.531814 -4.5694 0.3937,0.387501 -5.08265 0.3937,0.387501 -5.08265 0.35433,0.531814 -4.5694 0.35433]
}}
appearance Appearance{material Material{diffuseColor 0.917647 0.917647 0.917647
transparency 0}}}
Shape { geometry IndexedFaceSet 
{ creaseAngle 1.00 coordIndex [0,1,2,-1,0,2,3,-1]
coord Coordinate { point [0.387501 -5.08265 0.3937,0.355436 -5.2009 0.3937,0.355436 -5.2009 0.35433,0.387501 -5.08265 0.35433]
}}
appearance Appearance{material Material{diffuseColor 0.917647 0.917647 0.917647
transparency 0}}}
Shape { geometry IndexedFaceSet 
{ creaseAngle 1.00 coordIndex [0,1,2,-1,3,1,0,-1]
coord Coordinate { point [0.355436 -5.2009 0.35433,0.326721 -5.0917 0.3937,0.326721 -5.0917 0.35433,0.355436 -5.2009 0.3937]
}}
appearance Appearance{material Material{diffuseColor 0.917647 0.917647 0.917647
transparency 0}}}
Shape { geometry IndexedFaceSet 
{ creaseAngle 1.00 coordIndex [0,1,2,-1,3,1,0,-1]
coord Coordinate { point [0.326721 -5.0917 0.35433,0.183213 -4.5694 0.3937,0.183213 -4.5694 0.35433,0.326721 -5.0917 0.3937]
}}
appearance Appearance{material Material{diffuseColor 0.917647 0.917647 0.917647
transparency 0}}}
Shape { geometry IndexedFaceSet 
{ creaseAngle 1.00 coordIndex [0,1,2,-1,0,2,3,-1]
coord Coordinate { point [0.183213 -4.5694 0.3937,0.0627242 -4.5694 0.3937,0.0627242 -4.5694 0.35433,0.183213 -4.5694 0.35433]
}}
appearance Appearance{material Material{diffuseColor 0.917647 0.917647 0.917647
transparency 0}}}
Shape { geometry IndexedFaceSet 
{ creaseAngle 1.00 coordIndex [0,1,2,-1,0,2,3,-1]
coord Coordinate { point [0.0627242 -4.5694 0.3937,0.0627239 -5.30708 0.3937,0.0627239 -5.30708 0.35433,0.0627242 -4.5694 0.35433]
}}
appearance Appearance{material Material{diffuseColor 0.917647 0.917647 0.917647
transparency 0}}}
Shape { geometry IndexedFaceSet 
{ creaseAngle 1.00 coordIndex [0,1,2,-1,3,1,0,-1]
coord Coordinate { point [0.781101 -5.30708 0.35433,0.860444 -5.30708 0.3937,0.860444 -5.30708 0.35433,0.781101 -5.30708 0.3937]
}}
appearance Appearance{material Material{diffuseColor 0.917647 0.917647 0.917647
transparency 0}}}
Shape { geometry IndexedFaceSet 
{ creaseAngle 1.00 coordIndex [0,1,2,-1,3,1,0,-1]
coord Coordinate { point [0.860444 -5.30708 0.35433,0.860444 -4.5694 0.3937,0.860444 -4.5694 0.35433,0.860444 -5.30708 0.3937]
}}
appearance Appearance{material Material{diffuseColor 0.917647 0.917647 0.917647
transparency 0}}}
Shape { geometry IndexedFaceSet 
{ creaseAngle 1.00 coordIndex [0,1,2,-1,3,1,0,-1]
coord Coordinate { point [0.860444 -4.5694 0.35433,0.781101 -4.5694 0.3937,0.781101 -4.5694 0.35433,0.860444 -4.5694 0.3937]
}}
appearance Appearance{material Material{diffuseColor 0.917647 0.917647 0.917647
transparency 0}}}
Shape { geometry IndexedFaceSet 
{ creaseAngle 1.00 coordIndex [0,1,2,-1,0,2,3,-1]
coord Coordinate { point [0.781101 -4.5694 0.3937,0.781101 -5.30708 0.3937,0.781101 -5.30708 0.35433,0.781101 -4.5694 0.35433]
}}
appearance Appearance{material Material{diffuseColor 0.917647 0.917647 0.917647
transparency 0}}}
Shape { geometry IndexedFaceSet 
{ creaseAngle 1.00 coordIndex [0,1,2,-1,3,1,0,-1]
coord Coordinate { point [0.99983 -5.30708 0.35433,1.07703 -5.30708 0.3937,1.07703 -5.30708 0.35433,0.99983 -5.30708 0.3937]
}}
appearance Appearance{material Material{diffuseColor 0.917647 0.917647 0.917647
transparency 0}}}
Shape { geometry IndexedFaceSet 
{ creaseAngle 1.00 coordIndex [0,1,2,-1,3,1,0,-1]
coord Coordinate { point [1.07703 -5.30708 0.35433,1.07703 -4.72537 0.3937,1.07703 -4.72537 0.35433,1.07703 -5.30708 0.3937]
}}
appearance Appearance{material Material{diffuseColor 0.917647 0.917647 0.917647
transparency 0}}}
Shape { geometry IndexedFaceSet 
{ creaseAngle 1.00 coordIndex [0,1,2,-1,0,2,3,-1]
coord Coordinate { point [1.07703 -4.72537 0.3937,1.3932 -5.30708 0.3937,1.3932 -5.30708 0.35433,1.07703 -4.72537 0.35433]
}}
appearance Appearance{material Material{diffuseColor 0.917647 0.917647 0.917647
transparency 0}}}
Shape { geometry IndexedFaceSet 
{ creaseAngle 1.00 coordIndex [0,1,2,-1,3,1,0,-1]
coord Coordinate { point [1.3932 -5.30708 0.35433,1.47589 -5.30708 0.3937,1.47589 -5.30708 0.35433,1.3932 -5.30708 0.3937]
}}
appearance Appearance{material Material{diffuseColor 0.917647 0.917647 0.917647
transparency 0}}}
Shape { geometry IndexedFaceSet 
{ creaseAngle 1.00 coordIndex [0,1,2,-1,3,1,0,-1]
coord Coordinate { point [1.47589 -5.30708 0.35433,1.47589 -4.5694 0.3937,1.47589 -4.5694 0.35433,1.47589 -5.30708 0.3937]
}}
appearance Appearance{material Material{diffuseColor 0.917647 0.917647 0.917647
transparency 0}}}
Shape { geometry IndexedFaceSet 
{ creaseAngle 1.00 coordIndex [0,1,2,-1,0,2,3,-1]
coord Coordinate { point [1.47589 -4.5694 0.3937,1.39869 -4.5694 0.3937,1.39869 -4.5694 0.35433,1.47589 -4.5694 0.35433]
}}
appearance Appearance{material Material{diffuseColor 0.917647 0.917647 0.917647
transparency 0}}}
Shape { geometry IndexedFaceSet 
{ creaseAngle 1.00 coordIndex [0,1,2,-1,0,2,3,-1]
coord Coordinate { point [1.39869 -4.5694 0.3937,1.39869 -5.15198 0.3937,1.39869 -5.15198 0.35433,1.39869 -4.5694 0.35433]
}}
appearance Appearance{material Material{diffuseColor 0.917647 0.917647 0.917647
transparency 0}}}
Shape { geometry IndexedFaceSet 
{ creaseAngle 1.00 coordIndex [0,1,2,-1,3,1,0,-1]
coord Coordinate { point [1.39869 -5.15198 0.35433,1.08206 -4.5694 0.3937,1.08206 -4.5694 0.35433,1.39869 -5.15198 0.3937]
}}
appearance Appearance{material Material{diffuseColor 0.917647 0.917647 0.917647
transparency 0}}}
Shape { geometry IndexedFaceSet 
{ creaseAngle 1.00 coordIndex [0,1,2,-1,3,1,0,-1]
coord Coordinate { point [1.08206 -4.5694 0.35433,0.999831 -4.5694 0.3937,0.999831 -4.5694 0.35433,1.08206 -4.5694 0.3937]
}}
appearance Appearance{material Material{diffuseColor 0.917647 0.917647 0.917647
transparency 0}}}
Shape { geometry IndexedFaceSet 
{ creaseAngle 1.00 coordIndex [0,1,2,-1,0,2,3,-1]
coord Coordinate { point [0.999831 -4.5694 0.3937,0.99983 -5.30708 0.3937,0.99983 -5.30708 0.35433,0.999831 -4.5694 0.35433]
}}
appearance Appearance{material Material{diffuseColor 0.917647 0.917647 0.917647
transparency 0}}}
Shape { geometry IndexedFaceSet 
{ creaseAngle 1.00 coordIndex [0,1,2,-1,3,1,0,-1]
coord Coordinate { point [1.62385 -5.30708 0.35433,1.7032 -5.30708 0.3937,1.7032 -5.30708 0.35433,1.62385 -5.30708 0.3937]
}}
appearance Appearance{material Material{diffuseColor 0.917647 0.917647 0.917647
transparency 0}}}
Shape { geometry IndexedFaceSet 
{ creaseAngle 1.00 coordIndex [0,1,2,-1,3,1,0,-1]
coord Coordinate { point [1.7032 -5.30708 0.35433,1.7032 -4.5694 0.3937,1.7032 -4.5694 0.35433,1.7032 -5.30708 0.3937]
}}
appearance Appearance{material Material{diffuseColor 0.917647 0.917647 0.917647
transparency 0}}}
Shape { geometry IndexedFaceSet 
{ creaseAngle 1.00 coordIndex [0,1,2,-1,3,1,0,-1]
coord Coordinate { point [1.7032 -4.5694 0.35433,1.62385 -4.5694 0.3937,1.62385 -4.5694 0.35433,1.7032 -4.5694 0.3937]
}}
appearance Appearance{material Material{diffuseColor 0.917647 0.917647 0.917647
transparency 0}}}
Shape { geometry IndexedFaceSet 
{ creaseAngle 1.00 coordIndex [0,1,2,-1,0,2,3,-1]
coord Coordinate { point [1.62385 -4.5694 0.3937,1.62385 -5.30708 0.3937,1.62385 -5.30708 0.35433,1.62385 -4.5694 0.35433]
}}
appearance Appearance{material Material{diffuseColor 0.917647 0.917647 0.917647
transparency 0}}}
Shape { geometry IndexedFaceSet 
{ creaseAngle 1.00 coordIndex [0,1,2,-1,3,1,0,-1,4,0,2,-1,5,6,4,-1,5,4,2,-1,7,6,5,-1,8,5,2,-1,9,8,2,-1,10,11,8,-1,10,8,9,-1,12,9,2,-1,13,12,2,-1,14,15,12,-1,14,12,13,-1,16,13,2,-1,17,16,2,-1,18,19,16,-1,18,16,17,-1,20,17,2,-1,21,22,20,-1,21,20,23,-1,24,25,26,-1,24,26,27,-1,28,29,30,-1,28,31,29,-1,32,33,34,-1,32,34,35,-1,36,30,29,-1,36,37,35,-1,36,34,30,-1,36,35,34,-1,36,29,27,-1,36,26,23,-1,36,23,20,-1,36,20,2,-1,36,27,26,-1,38,37,36,-1,39,40,37,-1,39,37,38,-1,41,38,36,-1,42,43,41,-1,42,41,36,-1]
coord Coordinate { point [-1.5748 -3.16154 0.51181,-1.5748 -3.5433 0.3937,-1.5748 -3.5433 0.98425,-1.5748 -3.16154 0.3937,-1.5748 -2.90104 0.51181,-1.5748 -2.63661 0.51181,-1.5748 -2.90104 0.3937,-1.5748 -2.63661 0.3937,-1.5748 -2.37611 0.51181,-1.5748 -2.11168 0.51181,-1.5748 -2.11168 0.3937,-1.5748 -2.37611 0.3937,-1.5748 -1.85118 0.51181,-1.5748 -1.58674 0.51181,-1.5748 -1.58674 0.3937,-1.5748 -1.85118 0.3937,-1.5748 -1.32624 0.51181,-1.5748 -1.06181 0.51181,-1.5748 -1.06181 0.3937,-1.5748 -1.32624 0.3937,-1.5748 -0.80131 0.51181,-1.5748 -0.536877 0.3937,-1.5748 -0.80131 0.3937,-1.5748 -0.536877 0.51181,-1.5748 -0.0119437 0.3937,-1.5748 -0.276377 0.3937,-1.5748 -0.276377 0.51181,-1.5748 -0.0119437 0.51181,-1.5748 0.51299 0.3937,-1.5748 0.248557 0.51181,-1.5748 0.51299 0.51181,-1.5748 0.248557 0.3937,-1.5748 1.03792 0.3937,-1.5748 0.77349 0.3937,-1.5748 0.77349 0.51181,-1.5748 1.03792 0.51181,-1.5748 1.9685 0.98425,-1.5748 1.29842 0.51181,-1.5748 1.56286 0.51181,-1.5748 1.56286 0.3937,-1.5748 1.29842 0.3937,-1.5748 1.82336 0.51181,-1.5748 1.9685 0.3937,-1.5748 1.82336 0.3937]
}}
appearance Appearance{material Material{diffuseColor 0.917647 0.917647 0.917647
transparency 0}}}
Shape { geometry IndexedFaceSet 
{ creaseAngle 1.00 coordIndex [0,1,2,-1,0,2,3,-1]
coord Coordinate { point [-1.5748 1.82336 0.3937,-2.05459 1.82336 0.3937,-2.05459 1.82336 0.51181,-1.5748 1.82336 0.51181]
}}
appearance Appearance{material Material{diffuseColor 0.917647 0.917647 0.917647
transparency 0}}}
Shape { geometry IndexedFaceSet 
{ creaseAngle 1.00 coordIndex [0,1,2,-1,0,2,3,-1]
coord Coordinate { point [1.5748 1.9685 0.3937,-1.5748 1.9685 0.3937,-1.5748 1.9685 0.98425,1.5748 1.9685 0.98425]
}}
appearance Appearance{material Material{diffuseColor 0.917647 0.917647 0.917647
transparency 0}}}
Shape { geometry IndexedFaceSet 
{ creaseAngle 1.00 coordIndex [0,1,2,-1,0,2,3,-1]
coord Coordinate { point [-2.05459 1.82336 0.3937,-2.05459 1.56286 0.3937,-2.05459 1.56286 0.51181,-2.05459 1.82336 0.51181]
}}
appearance Appearance{material Material{diffuseColor 0.917647 0.917647 0.917647
transparency 0}}}
Shape { geometry IndexedFaceSet 
{ creaseAngle 1.00 coordIndex [0,1,2,-1,3,0,2,-1,4,2,1,-1,5,4,1,-1,6,7,4,-1,6,4,5,-1,8,5,1,-1,9,8,1,-1,10,11,8,-1,10,8,9,-1,12,9,1,-1,13,14,12,-1,13,12,1,-1,15,14,13,-1,16,13,1,-1,17,16,1,-1,18,19,16,-1,18,16,17,-1,20,17,1,-1,21,20,1,-1,22,23,20,-1,22,20,21,-1,24,25,26,-1,24,26,27,-1,28,29,30,-1,28,31,29,-1,32,33,34,-1,32,34,35,-1,36,37,38,-1,36,38,39,-1,40,41,39,-1,40,30,29,-1,40,38,35,-1,40,34,30,-1,40,35,34,-1,40,29,27,-1,40,26,21,-1,40,39,38,-1,40,27,26,-1,40,21,1,-1,42,43,41,-1,42,41,40,-1]
coord Coordinate { point [1.5748 1.9685 0.3937,1.5748 1.9685 0.98425,1.5748 1.85269 0.55118,1.5748 1.85269 0.3937,1.5748 1.65009 0.55118,1.5748 1.32776 0.55118,1.5748 1.32776 0.3937,1.5748 1.65009 0.3937,1.5748 1.12516 0.55118,1.5748 0.802826 0.55118,1.5748 0.802826 0.3937,1.5748 1.12516 0.3937,1.5748 0.600227 0.55118,1.5748 0.277893 0.55118,1.5748 0.600227 0.3937,1.5748 0.277893 0.3937,1.5748 0.0752936 0.55118,1.5748 -0.24704 0.55118,1.5748 -0.24704 0.3937,1.5748 0.0752936 0.3937,1.5748 -0.44964 0.55118,1.5748 -0.771974 0.55118,1.5748 -0.771974 0.3937,1.5748 -0.44964 0.3937,1.5748 -1.29691 0.3937,1.5748 -0.974573 0.3937,1.5748 -0.974573 0.55118,1.5748 -1.29691 0.55118,1.5748 -1.82184 0.3937,1.5748 -1.49951 0.55118,1.5748 -1.82184 0.55118,1.5748 -1.49951 0.3937,1.5748 -2.34677 0.3937,1.5748 -2.02444 0.3937,1.5748 -2.02444 0.55118,1.5748 -2.34677 0.55118,1.5748 -2.87171 0.3937,1.5748 -2.54937 0.3937,1.5748 -2.54937 0.55118,1.5748 -2.87171 0.55118,1.5748 -3.5433 0.98425,1.5748 -3.07431 0.55118,1.5748 -3.5433 0.3937,1.5748 -3.07431 0.3937]
}}
appearance Appearance{material Material{diffuseColor 0.917647 0.917647 0.917647
transparency 0}}}
Shape { geometry IndexedFaceSet 
{ creaseAngle 1.00 coordIndex [0,1,2,-1,0,2,3,-1]
coord Coordinate { point [-2.05459 1.56286 0.3937,-1.5748 1.56286 0.3937,-1.5748 1.56286 0.51181,-2.05459 1.56286 0.51181]
}}
appearance Appearance{material Material{diffuseColor 0.917647 0.917647 0.917647
transparency 0}}}
Shape { geometry IndexedFaceSet 
{ creaseAngle 1.00 coordIndex [0,1,2,-1,0,2,3,-1]
coord Coordinate { point [1.9046 1.85269 0.3937,1.5748 1.85269 0.3937,1.5748 1.85269 0.55118,1.9046 1.85269 0.55118]
}}
appearance Appearance{material Material{diffuseColor 0.917647 0.917647 0.917647
transparency 0}}}
Shape { geometry IndexedFaceSet 
{ creaseAngle 1.00 coordIndex [0,1,2,-1,0,2,3,-1]
coord Coordinate { point [1.9046 1.65009 0.3937,1.9046 1.85269 0.3937,1.9046 1.85269 0.55118,1.9046 1.65009 0.55118]
}}
appearance Appearance{material Material{diffuseColor 0.917647 0.917647 0.917647
transparency 0}}}
Shape { geometry IndexedFaceSet 
{ creaseAngle 1.00 coordIndex [0,1,2,-1,0,2,3,-1]
coord Coordinate { point [-1.5748 1.29842 0.3937,-2.05459 1.29842 0.3937,-2.05459 1.29842 0.51181,-1.5748 1.29842 0.51181]
}}
appearance Appearance{material Material{diffuseColor 0.917647 0.917647 0.917647
transparency 0}}}
Shape { geometry IndexedFaceSet 
{ creaseAngle 1.00 coordIndex [0,1,2,-1,0,2,3,-1]
coord Coordinate { point [1.5748 1.65009 0.3937,1.9046 1.65009 0.3937,1.9046 1.65009 0.55118,1.5748 1.65009 0.55118]
}}
appearance Appearance{material Material{diffuseColor 0.917647 0.917647 0.917647
transparency 0}}}
Shape { geometry IndexedFaceSet 
{ creaseAngle 1.00 coordIndex [0,1,2,-1,0,2,3,-1]
coord Coordinate { point [-2.05459 1.29842 0.3937,-2.05459 1.03792 0.3937,-2.05459 1.03792 0.51181,-2.05459 1.29842 0.51181]
}}
appearance Appearance{material Material{diffuseColor 0.917647 0.917647 0.917647
transparency 0}}}
Shape { geometry IndexedFaceSet 
{ creaseAngle 1.00 coordIndex [0,1,2,-1,0,2,3,-1]
coord Coordinate { point [-2.05459 1.03792 0.3937,-1.5748 1.03792 0.3937,-1.5748 1.03792 0.51181,-2.05459 1.03792 0.51181]
}}
appearance Appearance{material Material{diffuseColor 0.917647 0.917647 0.917647
transparency 0}}}
Shape { geometry IndexedFaceSet 
{ creaseAngle 1.00 coordIndex [0,1,2,-1,0,2,3,-1]
coord Coordinate { point [1.9046 1.32776 0.3937,1.5748 1.32776 0.3937,1.5748 1.32776 0.55118,1.9046 1.32776 0.55118]
}}
appearance Appearance{material Material{diffuseColor 0.917647 0.917647 0.917647
transparency 0}}}
Shape { geometry IndexedFaceSet 
{ creaseAngle 1.00 coordIndex [0,1,2,-1,0,2,3,-1]
coord Coordinate { point [1.9046 1.12516 0.3937,1.9046 1.32776 0.3937,1.9046 1.32776 0.55118,1.9046 1.12516 0.55118]
}}
appearance Appearance{material Material{diffuseColor 0.917647 0.917647 0.917647
transparency 0}}}
Shape { geometry IndexedFaceSet 
{ creaseAngle 1.00 coordIndex [0,1,2,-1,0,2,3,-1]
coord Coordinate { point [-1.5748 0.77349 0.3937,-2.05459 0.77349 0.3937,-2.05459 0.77349 0.51181,-1.5748 0.77349 0.51181]
}}
appearance Appearance{material Material{diffuseColor 0.917647 0.917647 0.917647
transparency 0}}}
Shape { geometry IndexedFaceSet 
{ creaseAngle 1.00 coordIndex [0,1,2,-1,0,2,3,-1]
coord Coordinate { point [1.5748 1.12516 0.3937,1.9046 1.12516 0.3937,1.9046 1.12516 0.55118,1.5748 1.12516 0.55118]
}}
appearance Appearance{material Material{diffuseColor 0.917647 0.917647 0.917647
transparency 0}}}
Shape { geometry IndexedFaceSet 
{ creaseAngle 1.00 coordIndex [0,1,2,-1,0,2,3,-1]
coord Coordinate { point [-2.05459 0.77349 0.3937,-2.05459 0.51299 0.3937,-2.05459 0.51299 0.51181,-2.05459 0.77349 0.51181]
}}
appearance Appearance{material Material{diffuseColor 0.917647 0.917647 0.917647
transparency 0}}}
Shape { geometry IndexedFaceSet 
{ creaseAngle 1.00 coordIndex [0,1,2,-1,0,2,3,-1]
coord Coordinate { point [-2.05459 0.51299 0.3937,-1.5748 0.51299 0.3937,-1.5748 0.51299 0.51181,-2.05459 0.51299 0.51181]
}}
appearance Appearance{material Material{diffuseColor 0.917647 0.917647 0.917647
transparency 0}}}
Shape { geometry IndexedFaceSet 
{ creaseAngle 1.00 coordIndex [0,1,2,-1,0,2,3,-1]
coord Coordinate { point [1.9046 0.802826 0.3937,1.5748 0.802826 0.3937,1.5748 0.802826 0.55118,1.9046 0.802826 0.55118]
}}
appearance Appearance{material Material{diffuseColor 0.917647 0.917647 0.917647
transparency 0}}}
Shape { geometry IndexedFaceSet 
{ creaseAngle 1.00 coordIndex [0,1,2,-1,0,2,3,-1]
coord Coordinate { point [1.9046 0.600227 0.3937,1.9046 0.802826 0.3937,1.9046 0.802826 0.55118,1.9046 0.600227 0.55118]
}}
appearance Appearance{material Material{diffuseColor 0.917647 0.917647 0.917647
transparency 0}}}
Shape { geometry IndexedFaceSet 
{ creaseAngle 1.00 coordIndex [0,1,2,-1,0,2,3,-1]
coord Coordinate { point [-1.5748 0.248557 0.3937,-2.05459 0.248557 0.3937,-2.05459 0.248557 0.51181,-1.5748 0.248557 0.51181]
}}
appearance Appearance{material Material{diffuseColor 0.917647 0.917647 0.917647
transparency 0}}}
Shape { geometry IndexedFaceSet 
{ creaseAngle 1.00 coordIndex [0,1,2,-1,0,2,3,-1]
coord Coordinate { point [1.5748 0.600227 0.3937,1.9046 0.600227 0.3937,1.9046 0.600227 0.55118,1.5748 0.600227 0.55118]
}}
appearance Appearance{material Material{diffuseColor 0.917647 0.917647 0.917647
transparency 0}}}
Shape { geometry IndexedFaceSet 
{ creaseAngle 1.00 coordIndex [0,1,2,-1,0,2,3,-1]
coord Coordinate { point [-2.05459 0.248557 0.3937,-2.05459 -0.0119437 0.3937,-2.05459 -0.0119437 0.51181,-2.05459 0.248557 0.51181]
}}
appearance Appearance{material Material{diffuseColor 0.917647 0.917647 0.917647
transparency 0}}}
Shape { geometry IndexedFaceSet 
{ creaseAngle 1.00 coordIndex [0,1,2,-1,0,2,3,-1]
coord Coordinate { point [-2.05459 -0.0119437 0.3937,-1.5748 -0.0119437 0.3937,-1.5748 -0.0119437 0.51181,-2.05459 -0.0119437 0.51181]
}}
appearance Appearance{material Material{diffuseColor 0.917647 0.917647 0.917647
transparency 0}}}
Shape { geometry IndexedFaceSet 
{ creaseAngle 1.00 coordIndex [0,1,2,-1,0,2,3,-1]
coord Coordinate { point [1.9046 0.277893 0.3937,1.5748 0.277893 0.3937,1.5748 0.277893 0.55118,1.9046 0.277893 0.55118]
}}
appearance Appearance{material Material{diffuseColor 0.917647 0.917647 0.917647
transparency 0}}}
Shape { geometry IndexedFaceSet 
{ creaseAngle 1.00 coordIndex [0,1,2,-1,0,2,3,-1]
coord Coordinate { point [1.9046 0.0752936 0.3937,1.9046 0.277893 0.3937,1.9046 0.277893 0.55118,1.9046 0.0752936 0.55118]
}}
appearance Appearance{material Material{diffuseColor 0.917647 0.917647 0.917647
transparency 0}}}
Shape { geometry IndexedFaceSet 
{ creaseAngle 1.00 coordIndex [0,1,2,-1,0,2,3,-1]
coord Coordinate { point [-1.5748 -0.276377 0.3937,-2.05459 -0.276377 0.3937,-2.05459 -0.276377 0.51181,-1.5748 -0.276377 0.51181]
}}
appearance Appearance{material Material{diffuseColor 0.917647 0.917647 0.917647
transparency 0}}}
Shape { geometry IndexedFaceSet 
{ creaseAngle 1.00 coordIndex [0,1,2,-1,0,2,3,-1]
coord Coordinate { point [1.5748 0.0752936 0.3937,1.9046 0.0752936 0.3937,1.9046 0.0752936 0.55118,1.5748 0.0752936 0.55118]
}}
appearance Appearance{material Material{diffuseColor 0.917647 0.917647 0.917647
transparency 0}}}
Shape { geometry IndexedFaceSet 
{ creaseAngle 1.00 coordIndex [0,1,2,-1,0,2,3,-1]
coord Coordinate { point [-2.05459 -0.276377 0.3937,-2.05459 -0.536877 0.3937,-2.05459 -0.536877 0.51181,-2.05459 -0.276377 0.51181]
}}
appearance Appearance{material Material{diffuseColor 0.917647 0.917647 0.917647
transparency 0}}}
Shape { geometry IndexedFaceSet 
{ creaseAngle 1.00 coordIndex [0,1,2,-1,0,2,3,-1]
coord Coordinate { point [-2.05459 -0.536877 0.3937,-1.5748 -0.536877 0.3937,-1.5748 -0.536877 0.51181,-2.05459 -0.536877 0.51181]
}}
appearance Appearance{material Material{diffuseColor 0.917647 0.917647 0.917647
transparency 0}}}
Shape { geometry IndexedFaceSet 
{ creaseAngle 1.00 coordIndex [0,1,2,-1,0,2,3,-1]
coord Coordinate { point [1.9046 -0.24704 0.3937,1.5748 -0.24704 0.3937,1.5748 -0.24704 0.55118,1.9046 -0.24704 0.55118]
}}
appearance Appearance{material Material{diffuseColor 0.917647 0.917647 0.917647
transparency 0}}}
Shape { geometry IndexedFaceSet 
{ creaseAngle 1.00 coordIndex [0,1,2,-1,0,2,3,-1]
coord Coordinate { point [1.9046 -0.44964 0.3937,1.9046 -0.24704 0.3937,1.9046 -0.24704 0.55118,1.9046 -0.44964 0.55118]
}}
appearance Appearance{material Material{diffuseColor 0.917647 0.917647 0.917647
transparency 0}}}
Shape { geometry IndexedFaceSet 
{ creaseAngle 1.00 coordIndex [0,1,2,-1,0,2,3,-1]
coord Coordinate { point [-1.5748 -0.80131 0.3937,-2.05459 -0.80131 0.3937,-2.05459 -0.80131 0.51181,-1.5748 -0.80131 0.51181]
}}
appearance Appearance{material Material{diffuseColor 0.917647 0.917647 0.917647
transparency 0}}}
Shape { geometry IndexedFaceSet 
{ creaseAngle 1.00 coordIndex [0,1,2,-1,0,2,3,-1]
coord Coordinate { point [1.5748 -0.44964 0.3937,1.9046 -0.44964 0.3937,1.9046 -0.44964 0.55118,1.5748 -0.44964 0.55118]
}}
appearance Appearance{material Material{diffuseColor 0.917647 0.917647 0.917647
transparency 0}}}
Shape { geometry IndexedFaceSet 
{ creaseAngle 1.00 coordIndex [0,1,2,-1,0,2,3,-1]
coord Coordinate { point [-2.05459 -0.80131 0.3937,-2.05459 -1.06181 0.3937,-2.05459 -1.06181 0.51181,-2.05459 -0.80131 0.51181]
}}
appearance Appearance{material Material{diffuseColor 0.917647 0.917647 0.917647
transparency 0}}}
Shape { geometry IndexedFaceSet 
{ creaseAngle 1.00 coordIndex [0,1,2,-1,0,2,3,-1]
coord Coordinate { point [-2.05459 -1.06181 0.3937,-1.5748 -1.06181 0.3937,-1.5748 -1.06181 0.51181,-2.05459 -1.06181 0.51181]
}}
appearance Appearance{material Material{diffuseColor 0.917647 0.917647 0.917647
transparency 0}}}
Shape { geometry IndexedFaceSet 
{ creaseAngle 1.00 coordIndex [0,1,2,-1,0,2,3,-1]
coord Coordinate { point [1.9046 -0.771974 0.3937,1.5748 -0.771974 0.3937,1.5748 -0.771974 0.55118,1.9046 -0.771974 0.55118]
}}
appearance Appearance{material Material{diffuseColor 0.917647 0.917647 0.917647
transparency 0}}}
Shape { geometry IndexedFaceSet 
{ creaseAngle 1.00 coordIndex [0,1,2,-1,0,2,3,-1]
coord Coordinate { point [1.9046 -0.974573 0.3937,1.9046 -0.771974 0.3937,1.9046 -0.771974 0.55118,1.9046 -0.974573 0.55118]
}}
appearance Appearance{material Material{diffuseColor 0.917647 0.917647 0.917647
transparency 0}}}
Shape { geometry IndexedFaceSet 
{ creaseAngle 1.00 coordIndex [0,1,2,-1,0,2,3,-1]
coord Coordinate { point [-1.5748 -1.32624 0.3937,-2.05459 -1.32624 0.3937,-2.05459 -1.32624 0.51181,-1.5748 -1.32624 0.51181]
}}
appearance Appearance{material Material{diffuseColor 0.917647 0.917647 0.917647
transparency 0}}}
Shape { geometry IndexedFaceSet 
{ creaseAngle 1.00 coordIndex [0,1,2,-1,0,2,3,-1]
coord Coordinate { point [1.5748 -0.974573 0.3937,1.9046 -0.974573 0.3937,1.9046 -0.974573 0.55118,1.5748 -0.974573 0.55118]
}}
appearance Appearance{material Material{diffuseColor 0.917647 0.917647 0.917647
transparency 0}}}
Shape { geometry IndexedFaceSet 
{ creaseAngle 1.00 coordIndex [0,1,2,-1,0,2,3,-1]
coord Coordinate { point [-2.05459 -1.32624 0.3937,-2.05459 -1.58674 0.3937,-2.05459 -1.58674 0.51181,-2.05459 -1.32624 0.51181]
}}
appearance Appearance{material Material{diffuseColor 0.917647 0.917647 0.917647
transparency 0}}}
Shape { geometry IndexedFaceSet 
{ creaseAngle 1.00 coordIndex [0,1,2,-1,0,2,3,-1]
coord Coordinate { point [-2.05459 -1.58674 0.3937,-1.5748 -1.58674 0.3937,-1.5748 -1.58674 0.51181,-2.05459 -1.58674 0.51181]
}}
appearance Appearance{material Material{diffuseColor 0.917647 0.917647 0.917647
transparency 0}}}
Shape { geometry IndexedFaceSet 
{ creaseAngle 1.00 coordIndex [0,1,2,-1,0,2,3,-1]
coord Coordinate { point [1.9046 -1.29691 0.3937,1.5748 -1.29691 0.3937,1.5748 -1.29691 0.55118,1.9046 -1.29691 0.55118]
}}
appearance Appearance{material Material{diffuseColor 0.917647 0.917647 0.917647
transparency 0}}}
Shape { geometry IndexedFaceSet 
{ creaseAngle 1.00 coordIndex [0,1,2,-1,0,2,3,-1]
coord Coordinate { point [1.9046 -1.49951 0.3937,1.9046 -1.29691 0.3937,1.9046 -1.29691 0.55118,1.9046 -1.49951 0.55118]
}}
appearance Appearance{material Material{diffuseColor 0.917647 0.917647 0.917647
transparency 0}}}
Shape { geometry IndexedFaceSet 
{ creaseAngle 1.00 coordIndex [0,1,2,-1,0,2,3,-1]
coord Coordinate { point [-1.5748 -1.85118 0.3937,-2.05459 -1.85118 0.3937,-2.05459 -1.85118 0.51181,-1.5748 -1.85118 0.51181]
}}
appearance Appearance{material Material{diffuseColor 0.917647 0.917647 0.917647
transparency 0}}}
Shape { geometry IndexedFaceSet 
{ creaseAngle 1.00 coordIndex [0,1,2,-1,0,2,3,-1]
coord Coordinate { point [1.5748 -1.49951 0.3937,1.9046 -1.49951 0.3937,1.9046 -1.49951 0.55118,1.5748 -1.49951 0.55118]
}}
appearance Appearance{material Material{diffuseColor 0.917647 0.917647 0.917647
transparency 0}}}
Shape { geometry IndexedFaceSet 
{ creaseAngle 1.00 coordIndex [0,1,2,-1,0,2,3,-1]
coord Coordinate { point [-2.05459 -1.85118 0.3937,-2.05459 -2.11168 0.3937,-2.05459 -2.11168 0.51181,-2.05459 -1.85118 0.51181]
}}
appearance Appearance{material Material{diffuseColor 0.917647 0.917647 0.917647
transparency 0}}}
Shape { geometry IndexedFaceSet 
{ creaseAngle 1.00 coordIndex [0,1,2,-1,0,2,3,-1]
coord Coordinate { point [-2.05459 -2.11168 0.3937,-1.5748 -2.11168 0.3937,-1.5748 -2.11168 0.51181,-2.05459 -2.11168 0.51181]
}}
appearance Appearance{material Material{diffuseColor 0.917647 0.917647 0.917647
transparency 0}}}
Shape { geometry IndexedFaceSet 
{ creaseAngle 1.00 coordIndex [0,1,2,-1,0,2,3,-1]
coord Coordinate { point [1.9046 -1.82184 0.3937,1.5748 -1.82184 0.3937,1.5748 -1.82184 0.55118,1.9046 -1.82184 0.55118]
}}
appearance Appearance{material Material{diffuseColor 0.917647 0.917647 0.917647
transparency 0}}}
Shape { geometry IndexedFaceSet 
{ creaseAngle 1.00 coordIndex [0,1,2,-1,0,2,3,-1]
coord Coordinate { point [1.9046 -2.02444 0.3937,1.9046 -1.82184 0.3937,1.9046 -1.82184 0.55118,1.9046 -2.02444 0.55118]
}}
appearance Appearance{material Material{diffuseColor 0.917647 0.917647 0.917647
transparency 0}}}
Shape { geometry IndexedFaceSet 
{ creaseAngle 1.00 coordIndex [0,1,2,-1,0,2,3,-1]
coord Coordinate { point [-1.5748 -2.37611 0.3937,-2.05459 -2.37611 0.3937,-2.05459 -2.37611 0.51181,-1.5748 -2.37611 0.51181]
}}
appearance Appearance{material Material{diffuseColor 0.917647 0.917647 0.917647
transparency 0}}}
Shape { geometry IndexedFaceSet 
{ creaseAngle 1.00 coordIndex [0,1,2,-1,0,2,3,-1]
coord Coordinate { point [1.5748 -2.02444 0.3937,1.9046 -2.02444 0.3937,1.9046 -2.02444 0.55118,1.5748 -2.02444 0.55118]
}}
appearance Appearance{material Material{diffuseColor 0.917647 0.917647 0.917647
transparency 0}}}
Shape { geometry IndexedFaceSet 
{ creaseAngle 1.00 coordIndex [0,1,2,-1,0,2,3,-1]
coord Coordinate { point [-2.05459 -2.37611 0.3937,-2.05459 -2.63661 0.3937,-2.05459 -2.63661 0.51181,-2.05459 -2.37611 0.51181]
}}
appearance Appearance{material Material{diffuseColor 0.917647 0.917647 0.917647
transparency 0}}}
Shape { geometry IndexedFaceSet 
{ creaseAngle 1.00 coordIndex [0,1,2,-1,0,2,3,-1]
coord Coordinate { point [-2.05459 -2.63661 0.3937,-1.5748 -2.63661 0.3937,-1.5748 -2.63661 0.51181,-2.05459 -2.63661 0.51181]
}}
appearance Appearance{material Material{diffuseColor 0.917647 0.917647 0.917647
transparency 0}}}
Shape { geometry IndexedFaceSet 
{ creaseAngle 1.00 coordIndex [0,1,2,-1,0,2,3,-1]
coord Coordinate { point [1.9046 -2.34677 0.3937,1.5748 -2.34677 0.3937,1.5748 -2.34677 0.55118,1.9046 -2.34677 0.55118]
}}
appearance Appearance{material Material{diffuseColor 0.917647 0.917647 0.917647
transparency 0}}}
Shape { geometry IndexedFaceSet 
{ creaseAngle 1.00 coordIndex [0,1,2,-1,0,2,3,-1]
coord Coordinate { point [1.9046 -2.54937 0.3937,1.9046 -2.34677 0.3937,1.9046 -2.34677 0.55118,1.9046 -2.54937 0.55118]
}}
appearance Appearance{material Material{diffuseColor 0.917647 0.917647 0.917647
transparency 0}}}
Shape { geometry IndexedFaceSet 
{ creaseAngle 1.00 coordIndex [0,1,2,-1,0,2,3,-1]
coord Coordinate { point [-1.5748 -2.90104 0.3937,-2.05459 -2.90104 0.3937,-2.05459 -2.90104 0.51181,-1.5748 -2.90104 0.51181]
}}
appearance Appearance{material Material{diffuseColor 0.917647 0.917647 0.917647
transparency 0}}}
Shape { geometry IndexedFaceSet 
{ creaseAngle 1.00 coordIndex [0,1,2,-1,0,2,3,-1]
coord Coordinate { point [1.5748 -2.54937 0.3937,1.9046 -2.54937 0.3937,1.9046 -2.54937 0.55118,1.5748 -2.54937 0.55118]
}}
appearance Appearance{material Material{diffuseColor 0.917647 0.917647 0.917647
transparency 0}}}
Shape { geometry IndexedFaceSet 
{ creaseAngle 1.00 coordIndex [0,1,2,-1,0,2,3,-1]
coord Coordinate { point [-2.05459 -2.90104 0.3937,-2.05459 -3.16154 0.3937,-2.05459 -3.16154 0.51181,-2.05459 -2.90104 0.51181]
}}
appearance Appearance{material Material{diffuseColor 0.917647 0.917647 0.917647
transparency 0}}}
Shape { geometry IndexedFaceSet 
{ creaseAngle 1.00 coordIndex [0,1,2,-1,0,2,3,-1]
coord Coordinate { point [-2.05459 -3.16154 0.3937,-1.5748 -3.16154 0.3937,-1.5748 -3.16154 0.51181,-2.05459 -3.16154 0.51181]
}}
appearance Appearance{material Material{diffuseColor 0.917647 0.917647 0.917647
transparency 0}}}
Shape { geometry IndexedFaceSet 
{ creaseAngle 1.00 coordIndex [0,1,2,-1,0,2,3,-1]
coord Coordinate { point [1.9046 -2.87171 0.3937,1.5748 -2.87171 0.3937,1.5748 -2.87171 0.55118,1.9046 -2.87171 0.55118]
}}
appearance Appearance{material Material{diffuseColor 0.917647 0.917647 0.917647
transparency 0}}}
Shape { geometry IndexedFaceSet 
{ creaseAngle 1.00 coordIndex [0,1,2,-1,0,2,3,-1]
coord Coordinate { point [1.9046 -3.07431 0.3937,1.9046 -2.87171 0.3937,1.9046 -2.87171 0.55118,1.9046 -3.07431 0.55118]
}}
appearance Appearance{material Material{diffuseColor 0.917647 0.917647 0.917647
transparency 0}}}
Shape { geometry IndexedFaceSet 
{ creaseAngle 1.00 coordIndex [0,1,2,-1,0,2,3,-1]
coord Coordinate { point [-1.5748 -3.5433 0.3937,1.5748 -3.5433 0.3937,1.5748 -3.5433 0.98425,-1.5748 -3.5433 0.98425]
}}
appearance Appearance{material Material{diffuseColor 0.917647 0.917647 0.917647
transparency 0}}}
Shape { geometry IndexedFaceSet 
{ creaseAngle 1.00 coordIndex [0,1,2,-1,0,2,3,-1]
coord Coordinate { point [1.5748 -3.07431 0.3937,1.9046 -3.07431 0.3937,1.9046 -3.07431 0.55118,1.5748 -3.07431 0.55118]
}}
appearance Appearance{material Material{diffuseColor 0.917647 0.917647 0.917647
transparency 0}}}
Shape { geometry IndexedFaceSet 
{ creaseAngle 1.00 coordIndex [0,1,2,-1,2,1,3,-1,3,4,5,-1,1,4,3,-1,5,6,7,-1,4,6,5,-1,7,8,9,-1,6,8,7,-1,9,10,11,-1,8,10,9,-1,11,12,13,-1,13,12,14,-1,10,12,11,-1,12,15,14,-1,14,16,17,-1,15,16,14,-1,17,18,19,-1,19,18,20,-1,16,18,17,-1,18,21,20,-1,21,22,20,-1,20,22,23,-1,22,24,23,-1,23,24,25,-1,24,26,25,-1,25,26,27,-1,27,26,28,-1,26,29,28,-1,28,30,31,-1,29,30,28,-1,31,32,33,-1,30,32,31,-1,33,34,35,-1,32,34,33,-1,35,36,37,-1,34,36,35,-1,37,38,39,-1,36,38,37,-1,39,40,41,-1,38,40,39,-1,41,42,43,-1,40,42,41,-1,43,44,45,-1,42,44,43,-1,45,46,47,-1,44,46,45,-1,47,48,49,-1,46,48,47,-1,49,50,51,-1,48,50,49,-1,51,52,53,-1,50,52,51,-1,53,54,55,-1,52,54,53,-1,55,56,57,-1,54,56,55,-1,57,58,59,-1,56,58,57,-1,59,60,61,-1,58,60,59,-1,61,62,63,-1,60,62,61,-1,63,64,65,-1,62,64,63,-1,65,66,67,-1,64,66,65,-1,67,68,69,-1,69,68,70,-1,66,68,67,-1,68,71,70,-1,71,72,70,-1,70,72,73,-1,73,72,74,-1,72,75,74,-1,75,76,74,-1,74,76,77,-1,77,76,78,-1,76,79,78,-1,79,80,78,-1,78,80,81,-1,81,80,82,-1,80,83,82,-1,82,83,84,-1,83,85,84,-1,85,86,84,-1,84,86,87,-1,86,88,87,-1,87,88,89,-1,89,88,90,-1,88,91,90,-1,91,92,90,-1,90,92,93,-1,93,92,94,-1,92,95,94,-1,95,96,94,-1,94,96,97,-1,96,98,97,-1,97,98,99,-1,99,100,101,-1,98,100,99,-1,101,102,103,-1,100,102,101,-1,103,104,105,-1,102,104,103,-1,105,106,107,-1,104,106,105,-1,107,108,109,-1,106,108,107,-1,109,110,111,-1,108,110,109,-1,111,112,113,-1,113,112,114,-1,110,112,111,-1,112,115,114,-1,114,116,117,-1,115,116,114,-1,117,118,119,-1,116,118,117,-1,119,120,121,-1,118,120,119,-1,121,122,123,-1,120,122,121,-1,122,124,123,-1,123,124,125,-1,124,126,125,-1,125,126,127,-1,126,128,127,-1,127,128,129,-1,128,130,129,-1,129,130,131,-1,130,132,131,-1,131,132,133,-1,132,134,133,-1,133,134,135,-1,134,136,135,-1,135,136,137,-1,136,138,137,-1,137,138,139,-1,139,138,140,-1,138,141,140,-1,141,142,140,-1,140,142,143,-1,142,144,143,-1,143,144,145,-1,145,144,146,-1,144,147,146,-1,147,148,146,-1,146,148,149,-1,148,150,149,-1,149,150,151,-1,150,152,151,-1,151,152,153,-1,152,154,153,-1,153,154,155,-1,154,156,155,-1,155,156,157,-1,157,156,158,-1,156,159,158,-1,159,160,158,-1,158,160,161,-1,160,162,161,-1,161,162,163,-1,162,164,163,-1,163,164,165,-1,165,166,167,-1,164,166,165,-1,167,166,168,-1,166,169,168,-1,168,170,171,-1,171,170,172,-1,169,170,168,-1,170,173,172,-1,172,174,175,-1,173,174,172,-1,174,176,175,-1,175,176,177,-1,176,178,177,-1,177,178,179,-1,178,180,179,-1,179,180,181,-1,180,182,181,-1,181,182,183,-1,183,182,184,-1,182,185,184,-1,185,186,184,-1,184,186,187,-1,187,186,188,-1,186,189,188,-1,188,189,190,-1,189,191,190,-1,190,191,192,-1,191,193,192,-1,193,194,192,-1,192,194,195,-1,194,196,195,-1,195,196,197,-1,196,198,197,-1,197,198,199,-1,199,200,201,-1,198,200,199,-1,201,202,203,-1,200,202,201,-1,203,204,205,-1,202,204,203,-1,205,206,207,-1,204,206,205,-1,207,208,209,-1,206,208,207,-1,209,210,211,-1,208,210,209,-1,211,212,213,-1,210,212,211,-1,213,214,215,-1,212,214,213,-1,215,216,217,-1,214,216,215,-1,217,218,219,-1,216,218,217,-1,219,220,221,-1,218,220,219,-1,221,222,223,-1,220,222,221,-1,223,224,225,-1,222,224,223,-1,224,226,225,-1,225,226,227,-1,226,228,227,-1,227,228,229,-1,228,230,229,-1,229,230,231,-1,230,232,231,-1,231,232,233,-1,233,234,235,-1,232,234,233,-1,235,236,237,-1,234,236,235,-1,237,238,239,-1,236,238,237,-1,239,240,241,-1,238,240,239,-1,241,242,243,-1,240,242,241,-1,243,244,245,-1,242,244,243,-1,245,246,247,-1,244,246,245,-1,247,248,249,-1,246,248,247,-1,249,250,251,-1,248,250,249,-1,251,0,2,-1,250,0,251,-1]
coord Coordinate { point [4.23227 -0.98425 0.3937,4.23117 -0.940095 0.3937,4.23227 -0.98425 1.88976,4.23117 -0.940095 1.88976,4.22787 -0.89605 0.3937,4.22787 -0.89605 1.88976,4.22238 -0.852225 0.3937,4.22238 -0.852225 1.88976,4.21471 -0.808727 0.3937,4.21471 -0.808727 1.88976,4.20488 -0.765666 0.3937,4.20488 -0.765666 1.88976,4.19292 -0.723148 0.3937,4.19292 -0.723148 1.88976,4.17885 -0.68128 1.88976,4.17885 -0.68128 0.3937,4.16272 -0.640165 0.3937,4.16272 -0.640165 1.88976,4.14455 -0.599905 0.3937,4.14455 -0.599905 1.88976,4.1244 -0.560601 1.88976,4.1244 -0.560601 0.3937,4.10232 -0.52235 0.3937,4.10232 -0.52235 1.88976,4.07835 -0.485247 0.3937,4.07835 -0.485247 1.88976,4.05257 -0.449385 0.3937,4.05257 -0.449385 1.88976,4.02503 -0.414853 1.88976,4.02503 -0.414853 0.3937,3.99581 -0.381736 0.3937,3.99581 -0.381736 1.88976,3.96497 -0.350117 0.3937,3.96497 -0.350117 1.88976,3.93259 -0.320075 0.3937,3.93259 -0.320075 1.88976,3.89875 -0.291684 0.3937,3.89875 -0.291684 1.88976,3.86354 -0.265015 0.3937,3.86354 -0.265015 1.88976,3.82705 -0.240134 0.3937,3.82705 -0.240134 1.88976,3.78936 -0.217103 0.3937,3.78936 -0.217103 1.88976,3.75057 -0.195979 0.3937,3.75057 -0.195979 1.88976,3.71078 -0.176815 0.3937,3.71078 -0.176815 1.88976,3.67008 -0.159659 0.3937,3.67008 -0.159659 1.88976,3.62857 -0.144552 0.3937,3.62857 -0.144552 1.88976,3.58637 -0.131533 0.3937,3.58637 -0.131533 1.88976,3.54356 -0.120634 0.3937,3.54356 -0.120634 1.88976,3.50027 -0.111883 0.3937,3.50027 -0.111883 1.88976,3.4566 -0.1053 0.3937,3.4566 -0.1053 1.88976,3.41265 -0.100902 0.3937,3.41265 -0.100902 1.88976,3.36853 -0.0987003 0.3937,3.36853 -0.0987003 1.88976,3.32437 -0.0987003 0.3937,3.32437 -0.0987003 1.88976,3.28025 -0.100902 0.3937,3.28025 -0.100902 1.88976,3.2363 -0.1053 0.3937,3.2363 -0.1053 1.88976,3.19263 -0.111883 1.88976,3.19263 -0.111883 0.3937,3.14934 -0.120634 0.3937,3.14934 -0.120634 1.88976,3.10653 -0.131533 1.88976,3.10653 -0.131533 0.3937,3.06433 -0.144552 0.3937,3.06433 -0.144552 1.88976,3.02282 -0.159659 1.88976,3.02282 -0.159659 0.3937,2.98212 -0.176815 0.3937,2.98212 -0.176815 1.88976,2.94233 -0.195979 1.88976,2.94233 -0.195979 0.3937,2.90354 -0.217103 1.88976,2.90354 -0.217103 0.3937,2.86585 -0.240134 0.3937,2.86585 -0.240134 1.88976,2.82936 -0.265015 0.3937,2.82936 -0.265015 1.88976,2.79415 -0.291684 1.88976,2.79415 -0.291684 0.3937,2.76031 -0.320075 0.3937,2.76031 -0.320075 1.88976,2.72793 -0.350117 1.88976,2.72793 -0.350117 0.3937,2.69709 -0.381736 0.3937,2.69709 -0.381736 1.88976,2.66787 -0.414853 0.3937,2.66787 -0.414853 1.88976,2.64033 -0.449385 0.3937,2.64033 -0.449385 1.88976,2.61455 -0.485247 0.3937,2.61455 -0.485247 1.88976,2.59058 -0.52235 0.3937,2.59058 -0.52235 1.88976,2.5685 -0.560601 0.3937,2.5685 -0.560601 1.88976,2.54835 -0.599905 0.3937,2.54835 -0.599905 1.88976,2.53018 -0.640165 0.3937,2.53018 -0.640165 1.88976,2.51405 -0.68128 0.3937,2.51405 -0.68128 1.88976,2.49998 -0.723148 1.88976,2.49998 -0.723148 0.3937,2.48802 -0.765666 0.3937,2.48802 -0.765666 1.88976,2.47819 -0.808727 0.3937,2.47819 -0.808727 1.88976,2.47052 -0.852225 0.3937,2.47052 -0.852225 1.88976,2.46503 -0.89605 0.3937,2.46503 -0.89605 1.88976,2.46173 -0.940095 0.3937,2.46173 -0.940095 1.88976,2.46062 -0.98425 0.3937,2.46062 -0.98425 1.88976,2.46173 -1.0284 0.3937,2.46173 -1.0284 1.88976,2.46503 -1.07245 0.3937,2.46503 -1.07245 1.88976,2.47052 -1.11628 0.3937,2.47052 -1.11628 1.88976,2.47819 -1.15977 0.3937,2.47819 -1.15977 1.88976,2.48802 -1.20283 0.3937,2.48802 -1.20283 1.88976,2.49998 -1.24535 0.3937,2.49998 -1.24535 1.88976,2.51405 -1.28722 1.88976,2.51405 -1.28722 0.3937,2.53018 -1.32834 0.3937,2.53018 -1.32834 1.88976,2.54835 -1.3686 0.3937,2.54835 -1.3686 1.88976,2.5685 -1.4079 1.88976,2.5685 -1.4079 0.3937,2.59058 -1.44615 0.3937,2.59058 -1.44615 1.88976,2.61455 -1.48325 0.3937,2.61455 -1.48325 1.88976,2.64033 -1.51912 0.3937,2.64033 -1.51912 1.88976,2.66787 -1.55365 0.3937,2.66787 -1.55365 1.88976,2.69709 -1.58676 0.3937,2.69709 -1.58676 1.88976,2.72793 -1.61838 1.88976,2.72793 -1.61838 0.3937,2.76031 -1.64842 0.3937,2.76031 -1.64842 1.88976,2.79415 -1.67682 0.3937,2.79415 -1.67682 1.88976,2.82936 -1.70348 0.3937,2.82936 -1.70348 1.88976,2.86585 -1.72837 0.3937,2.86585 -1.72837 1.88976,2.90354 -1.7514 1.88976,2.90354 -1.7514 0.3937,2.94233 -1.77252 0.3937,2.94233 -1.77252 1.88976,2.98212 -1.79168 1.88976,2.98212 -1.79168 0.3937,3.02282 -1.80884 0.3937,3.02282 -1.80884 1.88976,3.06433 -1.82395 0.3937,3.06433 -1.82395 1.88976,3.10653 -1.83697 0.3937,3.10653 -1.83697 1.88976,3.14934 -1.84787 0.3937,3.14934 -1.84787 1.88976,3.19263 -1.85662 0.3937,3.19263 -1.85662 1.88976,3.2363 -1.8632 1.88976,3.2363 -1.8632 0.3937,3.28025 -1.8676 0.3937,3.28025 -1.8676 1.88976,3.32437 -1.8698 1.88976,3.32437 -1.8698 0.3937,3.36853 -1.8698 1.88976,3.36853 -1.8698 0.3937,3.41265 -1.8676 1.88976,3.41265 -1.8676 0.3937,3.4566 -1.8632 0.3937,3.4566 -1.8632 1.88976,3.50027 -1.85662 0.3937,3.50027 -1.85662 1.88976,3.54356 -1.84787 0.3937,3.54356 -1.84787 1.88976,3.58637 -1.83697 0.3937,3.58637 -1.83697 1.88976,3.62857 -1.82395 0.3937,3.62857 -1.82395 1.88976,3.67008 -1.80884 0.3937,3.67008 -1.80884 1.88976,3.71078 -1.79168 0.3937,3.71078 -1.79168 1.88976,3.75057 -1.77252 0.3937,3.75057 -1.77252 1.88976,3.78936 -1.7514 0.3937,3.78936 -1.7514 1.88976,3.82705 -1.72837 0.3937,3.82705 -1.72837 1.88976,3.86354 -1.70348 0.3937,3.86354 -1.70348 1.88976,3.89875 -1.67682 0.3937,3.89875 -1.67682 1.88976,3.93259 -1.64842 0.3937,3.93259 -1.64842 1.88976,3.96497 -1.61838 0.3937,3.96497 -1.61838 1.88976,3.99581 -1.58676 0.3937,3.99581 -1.58676 1.88976,4.02503 -1.55365 0.3937,4.02503 -1.55365 1.88976,4.05257 -1.51912 0.3937,4.05257 -1.51912 1.88976,4.07835 -1.48325 0.3937,4.07835 -1.48325 1.88976,4.10232 -1.44615 0.3937,4.10232 -1.44615 1.88976,4.1244 -1.4079 0.3937,4.1244 -1.4079 1.88976,4.14455 -1.3686 0.3937,4.14455 -1.3686 1.88976,4.16272 -1.32834 0.3937,4.16272 -1.32834 1.88976,4.17885 -1.28722 0.3937,4.17885 -1.28722 1.88976,4.19292 -1.24535 0.3937,4.19292 -1.24535 1.88976,4.20488 -1.20283 0.3937,4.20488 -1.20283 1.88976,4.21471 -1.15977 0.3937,4.21471 -1.15977 1.88976,4.22238 -1.11628 0.3937,4.22238 -1.11628 1.88976,4.22787 -1.07245 0.3937,4.22787 -1.07245 1.88976,4.23117 -1.0284 0.3937,4.23117 -1.0284 1.88976]
}}
appearance Appearance{material Material{diffuseColor 0.917647 0.917647 0.917647
transparency 0}}}
Shape { geometry IndexedFaceSet 
{ creaseAngle 1.00 coordIndex [0,1,2,-1,0,2,3,-1]
coord Coordinate { point [-5.61022 5.70865 0.3937,-5.61022 3.5433 0.3937,-5.61022 3.5433 1.1811,-5.61022 5.70865 1.1811]
}}
appearance Appearance{material Material{diffuseColor 0.917647 0.917647 0.917647
transparency 0}}}
Shape { geometry IndexedFaceSet 
{ creaseAngle 1.00 coordIndex [0,1,2,-1,0,2,3,-1]
coord Coordinate { point [-5.61022 3.5433 0.3937,-3.5433 3.5433 0.3937,-3.5433 3.5433 1.1811,-5.61022 3.5433 1.1811]
}}
appearance Appearance{material Material{diffuseColor 0.917647 0.917647 0.917647
transparency 0}}}
Shape { geometry IndexedFaceSet 
{ creaseAngle 1.00 coordIndex [0,1,2,-1,3,0,2,-1,4,2,1,-1,5,4,1,-1,6,7,4,-1,6,4,5,-1,6,0,3,-1,6,3,7,-1]
coord Coordinate { point [-5.61022 5.70865 0.3937,-5.61022 5.70865 1.1811,-5.40382 5.70865 0.978304,-5.40382 5.70865 0.570542,-3.77278 5.70865 0.978304,-3.5433 5.70865 1.1811,-3.5433 5.70865 0.3937,-3.77278 5.70865 0.570542]
}}
appearance Appearance{material Material{diffuseColor 0.917647 0.917647 0.917647
transparency 0}}}
Shape { geometry IndexedFaceSet 
{ creaseAngle 1.00 coordIndex [0,1,2,-1,0,2,3,-1]
coord Coordinate { point [-3.5433 3.5433 0.3937,-3.5433 5.70865 0.3937,-3.5433 5.70865 1.1811,-3.5433 3.5433 1.1811]
}}
appearance Appearance{material Material{diffuseColor 0.917647 0.917647 0.917647
transparency 0}}}
Shape { geometry IndexedFaceSet 
{ creaseAngle 1.00 coordIndex [0,1,2,-1,0,2,3,-1]
coord Coordinate { point [1.9685 5.5118 0.3937,1.9685 0.3937 0.3937,1.9685 0.3937 3.1496,1.9685 5.5118 3.1496]
}}
appearance Appearance{material Material{diffuseColor 0.917647 0.917647 0.917647
transparency 0}}}
Shape { geometry IndexedFaceSet 
{ creaseAngle 1.00 coordIndex [0,1,2,-1,0,2,3,-1]
coord Coordinate { point [1.9685 0.3937 0.3937,4.7244 0.3937 0.3937,4.7244 0.3937 3.1496,1.9685 0.3937 3.1496]
}}
appearance Appearance{material Material{diffuseColor 0.917647 0.917647 0.917647
transparency 0}}}
Shape { geometry IndexedFaceSet 
{ creaseAngle 1.00 coordIndex [0,1,2,-1,0,2,3,-1]
coord Coordinate { point [4.7244 5.5118 0.3937,1.9685 5.5118 0.3937,1.9685 5.5118 3.1496,4.7244 5.5118 3.1496]
}}
appearance Appearance{material Material{diffuseColor 0.917647 0.917647 0.917647
transparency 0}}}
Shape { geometry IndexedFaceSet 
{ creaseAngle 1.00 coordIndex [0,1,2,-1,0,2,3,-1]
coord Coordinate { point [4.7244 0.3937 0.3937,4.7244 5.5118 0.3937,4.7244 5.5118 3.1496,4.7244 0.3937 3.1496]
}}
appearance Appearance{material Material{diffuseColor 0.917647 0.917647 0.917647
transparency 0}}}
Shape { geometry IndexedFaceSet 
{ creaseAngle 1.00 coordIndex [0,1,2,-1,2,1,3,-1,1,4,3,-1,3,4,5,-1,4,6,5,-1,5,6,7,-1,6,8,7,-1,7,8,9,-1,8,10,9,-1,9,10,11,-1,10,12,11,-1,11,12,13,-1,12,14,13,-1,13,14,15,-1,14,16,15,-1,15,16,17,-1,17,16,18,-1,16,19,18,-1,18,20,21,-1,19,20,18,-1,21,22,23,-1,20,22,21,-1,23,24,25,-1,25,24,26,-1,22,24,23,-1,24,27,26,-1,26,28,29,-1,27,28,26,-1,29,30,31,-1,28,30,29,-1,31,32,33,-1,30,32,31,-1,32,34,33,-1,33,34,35,-1,35,34,36,-1,34,37,36,-1,36,37,38,-1,37,39,38,-1,39,40,38,-1,38,40,41,-1,40,42,41,-1,41,42,43,-1,43,42,44,-1,42,45,44,-1,45,46,44,-1,44,46,47,-1,46,48,47,-1,47,48,49,-1,48,50,49,-1,49,50,51,-1,50,52,51,-1,51,52,53,-1,52,54,53,-1,53,54,55,-1,55,54,56,-1,54,57,56,-1,57,58,56,-1,56,58,59,-1,58,60,59,-1,59,60,61,-1,60,62,61,-1,61,62,63,-1,63,62,64,-1,62,65,64,-1,65,66,64,-1,64,66,67,-1,67,66,68,-1,66,69,68,-1,68,70,71,-1,69,70,68,-1,71,72,73,-1,70,72,71,-1,73,74,75,-1,72,74,73,-1,75,76,77,-1,74,76,75,-1,77,78,79,-1,76,78,77,-1,79,80,81,-1,78,80,79,-1,81,82,83,-1,80,82,81,-1,82,84,83,-1,83,84,85,-1,85,84,86,-1,84,87,86,-1,87,88,86,-1,86,88,89,-1,89,90,91,-1,88,90,89,-1,91,90,92,-1,90,93,92,-1,92,94,95,-1,93,94,92,-1,95,96,97,-1,94,96,95,-1,97,98,99,-1,96,98,97,-1,99,100,101,-1,98,100,99,-1,101,102,103,-1,100,102,101,-1,103,104,105,-1,102,104,103,-1,105,106,107,-1,104,106,105,-1,107,108,109,-1,106,108,107,-1,109,110,111,-1,108,110,109,-1,111,112,113,-1,110,112,111,-1,113,114,115,-1,112,114,113,-1,115,116,117,-1,114,116,115,-1,117,118,119,-1,116,118,117,-1,119,120,121,-1,118,120,119,-1,121,122,123,-1,120,122,121,-1,123,124,125,-1,122,124,123,-1,125,126,127,-1,124,126,125,-1,127,128,129,-1,126,128,127,-1,129,0,2,-1,128,0,129,-1]
coord Coordinate { point [0.362966 3.1496 0.3937,0.361272 3.18463 0.3937,0.362966 3.1496 0,0.361272 3.18463 0,0.356204 3.21934 0.3937,0.356204 3.21934 0,0.347811 3.25339 0.3937,0.347811 3.25339 0,0.33617 3.28647 0.3937,0.33617 3.28647 0,0.321391 3.31828 0.3937,0.321391 3.31828 0,0.30361 3.34851 0.3937,0.30361 3.34851 0,0.282995 3.37688 0.3937,0.282995 3.37688 0,0.259738 3.40314 0.3937,0.259738 3.40314 0,0.234056 3.42702 0,0.234056 3.42702 0.3937,0.206188 3.44832 0.3937,0.206188 3.44832 0,0.176396 3.46682 0.3937,0.176396 3.46682 0,0.144956 3.48236 0.3937,0.144956 3.48236 0,0.112163 3.4948 0,0.112163 3.4948 0.3937,0.0783224 3.50402 0.3937,0.0783224 3.50402 0,0.0437507 3.50992 0.3937,0.0437507 3.50992 0,0.00877062 3.51246 0.3937,0.00877062 3.51246 0,-0.0262914 3.51161 0.3937,-0.0262914 3.51161 0,-0.0611079 3.50739 0,-0.0611079 3.50739 0.3937,-0.0953539 3.49982 0,-0.0953539 3.49982 0.3937,-0.12871 3.48898 0.3937,-0.12871 3.48898 0,-0.160864 3.47497 0.3937,-0.160864 3.47497 0,-0.191516 3.45793 0,-0.191516 3.45793 0.3937,-0.220379 3.438 0.3937,-0.220379 3.438 0,-0.247186 3.41539 0.3937,-0.247186 3.41539 0,-0.271684 3.39029 0.3937,-0.271684 3.39029 0,-0.293646 3.36295 0.3937,-0.293646 3.36295 0,-0.312866 3.33361 0.3937,-0.312866 3.33361 0,-0.329165 3.30255 0,-0.329165 3.30255 0.3937,-0.34239 3.27007 0.3937,-0.34239 3.27007 0,-0.352419 3.23646 0.3937,-0.352419 3.23646 0,-0.359157 3.20204 0.3937,-0.359157 3.20204 0,-0.362542 3.16714 0,-0.362542 3.16714 0.3937,-0.362542 3.13206 0.3937,-0.362542 3.13206 0,-0.359157 3.09716 0,-0.359157 3.09716 0.3937,-0.352419 3.06274 0.3937,-0.352419 3.06274 0,-0.34239 3.02913 0.3937,-0.34239 3.02913 0,-0.329165 2.99665 0.3937,-0.329165 2.99665 0,-0.312866 2.96559 0.3937,-0.312866 2.96559 0,-0.293646 2.93625 0.3937,-0.293646 2.93625 0,-0.271684 2.90891 0.3937,-0.271684 2.90891 0,-0.247186 2.88381 0.3937,-0.247186 2.88381 0,-0.220379 2.8612 0.3937,-0.220379 2.8612 0,-0.191516 2.84127 0,-0.191516 2.84127 0.3937,-0.160864 2.82423 0.3937,-0.160864 2.82423 0,-0.12871 2.81022 0.3937,-0.12871 2.81022 0,-0.0953539 2.79938 0,-0.0953539 2.79938 0.3937,-0.0611079 2.79181 0.3937,-0.0611079 2.79181 0,-0.0262914 2.78759 0.3937,-0.0262914 2.78759 0,0.00877062 2.78674 0.3937,0.00877062 2.78674 0,0.0437507 2.78928 0.3937,0.0437507 2.78928 0,0.0783224 2.79518 0.3937,0.0783224 2.79518 0,0.112163 2.8044 0.3937,0.112163 2.8044 0,0.144956 2.81684 0.3937,0.144956 2.81684 0,0.176396 2.83238 0.3937,0.176396 2.83238 0,0.206188 2.85088 0.3937,0.206188 2.85088 0,0.234056 2.87218 0.3937,0.234056 2.87218 0,0.259738 2.89606 0.3937,0.259738 2.89606 0,0.282995 2.92232 0.3937,0.282995 2.92232 0,0.30361 2.95069 0.3937,0.30361 2.95069 0,0.321391 2.98092 0.3937,0.321391 2.98092 0,0.33617 3.01273 0.3937,0.33617 3.01273 0,0.347811 3.04581 0.3937,0.347811 3.04581 0,0.356204 3.07986 0.3937,0.356204 3.07986 0,0.361272 3.11457 0.3937,0.361272 3.11457 0]
}}
appearance Appearance{material Material{diffuseColor 0.917647 0.917647 0.917647
transparency 0}}}
Shape { geometry IndexedFaceSet 
{ creaseAngle 1.00 coordIndex [0,1,2,-1,2,3,0,-1,1,4,2,-1,2,5,3,-1,4,6,2,-1,2,7,5,-1,6,8,2,-1,2,9,7,-1,8,10,2,-1,2,11,9,-1,10,12,2,-1,2,13,11,-1,12,14,2,-1,2,15,13,-1,14,16,2,-1,2,17,15,-1,16,18,2,-1,2,19,17,-1,18,20,2,-1,2,21,19,-1,20,22,2,-1,2,23,21,-1,22,24,2,-1,2,25,23,-1,24,26,2,-1,2,27,25,-1,26,28,2,-1,2,29,27,-1,28,30,2,-1,31,32,33,-1,34,32,31,-1,35,32,34,-1,36,32,35,-1,37,32,30,-1,38,32,37,-1,39,32,38,-1,40,32,39,-1,41,32,40,-1,42,32,41,-1,43,32,42,-1,44,32,43,-1,45,32,44,-1,46,32,45,-1,47,32,46,-1,48,32,47,-1,33,32,48,-1,30,32,2,-1,2,49,29,-1,50,49,51,-1,52,49,50,-1,53,49,52,-1,54,49,53,-1,55,49,54,-1,56,49,55,-1,57,49,56,-1,58,49,57,-1,59,49,58,-1,60,49,59,-1,61,49,60,-1,62,49,61,-1,29,49,62,-1,63,64,65,-1,66,67,63,-1,63,67,64,-1,65,68,69,-1,64,68,65,-1,70,71,66,-1,66,71,67,-1,69,72,73,-1,68,72,69,-1,70,74,71,-1,75,74,70,-1,73,76,77,-1,72,76,73,-1,75,78,74,-1,51,78,75,-1,49,78,51,-1,79,80,81,-1,77,80,79,-1,76,80,77,-1,49,82,78,-1,81,83,84,-1,80,83,81,-1,49,85,82,-1,83,86,84,-1,84,86,87,-1,49,88,85,-1,87,89,90,-1,86,89,87,-1,49,91,88,-1,90,92,93,-1,89,92,90,-1,49,94,91,-1,93,95,36,-1,92,95,93,-1,36,95,32,-1,49,96,94,-1,95,97,32,-1,49,98,96,-1,97,99,32,-1,49,100,98,-1,99,101,32,-1,49,102,100,-1,101,103,32,-1,49,104,102,-1,103,105,32,-1,49,106,104,-1,105,107,32,-1,49,108,106,-1,107,109,32,-1,49,110,108,-1,109,111,32,-1,49,112,110,-1,111,113,32,-1,49,114,112,-1,113,115,32,-1,49,116,114,-1,49,117,116,-1,49,118,117,-1,49,119,118,-1,49,120,119,-1,121,122,115,-1,123,122,121,-1,124,122,123,-1,125,122,124,-1,126,122,125,-1,115,122,32,-1,127,122,126,-1,128,122,127,-1,129,122,128,-1,130,122,129,-1,131,122,130,-1,132,122,131,-1,133,122,132,-1,134,122,133,-1,135,122,134,-1,136,122,135,-1,137,122,136,-1,138,122,137,-1,139,122,138,-1,140,122,139,-1,141,122,140,-1,49,122,142,-1,49,142,120,-1,142,122,141,-1]
coord Coordinate { point [-5.12249 -5.11003 0,-5.09705 -5.1344 0,-5.9055 -5.9055 0,-5.14576 -5.08358 0,-5.06964 -5.15654 0,-5.16671 -5.05525 0,-5.04045 -5.17627 0,-5.18518 -5.02525 0,-5.00969 -5.19345 0,-5.20105 -4.99379 0,-4.97759 -5.20796 0,-5.21418 -4.9611 0,-4.94437 -5.2197 0,-5.2245 -4.92741 0,-4.91027 -5.22858 0,-5.23192 -4.89297 0,-4.87555 -5.23453 0,-5.2364 -4.85803 0,-4.84044 -5.23752 0,-5.23789 -4.82283 0,-4.80521 -5.23752 0,-5.2364 -4.78762 0,-4.7701 -5.23453 0,-5.23192 -4.75268 0,-4.73538 -5.22858 0,-5.2245 -4.71824 0,-4.70128 -5.2197 0,-5.21418 -4.68455 0,-4.66806 -5.20796 0,-5.20105 -4.65186 0,-4.63596 -5.19345 0,-4.40925 -4.78762 0,5.9055 -5.9055 0,-4.40776 -4.82282 0,-4.41373 -4.75268 0,-4.42115 -4.71824 0,-4.43147 -4.68455 0,-4.6052 -5.17627 0,-4.57601 -5.15654 0,-4.5486 -5.1344 0,-4.52316 -5.11003 0,-4.49989 -5.08358 0,-4.47894 -5.05525 0,-4.46047 -5.02525 0,-4.4446 -4.99379 0,-4.43147 -4.9611 0,-4.42115 -4.92741 0,-4.41373 -4.89297 0,-4.40925 -4.85803 0,-5.9055 5.9055 0,-4.87555 -4.41112 0,-4.84044 -4.40813 0,-4.91027 -4.41707 0,-4.94437 -4.42595 0,-4.97759 -4.43769 0,-5.00969 -4.4522 0,-5.04045 -4.46938 0,-5.06964 -4.48911 0,-5.09705 -4.51125 0,-5.12249 -4.53562 0,-5.14576 -4.56207 0,-5.16671 -4.5904 0,-5.18518 -4.6204 0,-4.70128 -4.42595 0,-0.247186 2.88381 0,-4.66806 -4.43769 0,-4.73538 -4.41707 0,-0.271684 2.90891 0,-0.220379 2.8612 0,-4.63596 -4.4522 0,-4.7701 -4.41112 0,-0.293646 2.93625 0,-0.191516 2.84127 0,-4.6052 -4.46938 0,-0.312866 2.96559 0,-4.80521 -4.40813 0,-0.160864 2.82423 0,-4.57601 -4.48911 0,-0.329165 2.99665 0,-4.5486 -4.51125 0,-0.12871 2.81022 0,-4.52316 -4.53562 0,-0.34239 3.02913 0,-0.0953539 2.79938 0,-4.49989 -4.56207 0,-0.352419 3.06274 0,-0.0611079 2.79181 0,-4.47894 -4.5904 0,-0.359157 3.09716 0,-0.0262914 2.78759 0,-4.46047 -4.6204 0,-0.362542 3.13206 0,0.00877062 2.78674 0,-4.4446 -4.65186 0,-0.362542 3.16714 0,0.0437507 2.78928 0,-0.359157 3.20204 0,0.0783224 2.79518 0,-0.352419 3.23646 0,0.112163 2.8044 0,-0.34239 3.27007 0,0.144956 2.81684 0,-0.329165 3.30255 0,0.176396 2.83238 0,-0.312866 3.33361 0,0.206188 2.85088 0,-0.293646 3.36295 0,0.234056 2.87218 0,-0.271684 3.39029 0,0.259738 2.89606 0,-0.247186 3.41539 0,0.282995 2.92232 0,-0.220379 3.438 0,0.30361 2.95069 0,-0.191516 3.45793 0,0.321391 2.98092 0,-0.160864 3.47497 0,-0.12871 3.48898 0,-0.0953539 3.49982 0,-0.0611079 3.50739 0,-0.0262914 3.51161 0,0.33617 3.01273 0,5.9055 5.9055 0,0.347811 3.04581 0,0.356204 3.07986 0,0.361272 3.11457 0,0.362966 3.1496 0,0.361272 3.18463 0,0.356204 3.21934 0,0.347811 3.25339 0,0.33617 3.28647 0,0.321391 3.31828 0,0.30361 3.34851 0,0.282995 3.37688 0,0.259738 3.40314 0,0.234056 3.42702 0,0.206188 3.44832 0,0.176396 3.46682 0,0.144956 3.48236 0,0.112163 3.4948 0,0.0783224 3.50402 0,0.0437507 3.50992 0,0.00877062 3.51246 0]
}}
appearance Appearance{material Material{diffuseColor 0.917647 0.917647 0.917647
transparency 0}}}
Shape { geometry IndexedFaceSet 
{ creaseAngle 1.00 coordIndex [0,1,2,-1,3,4,5,-1,6,0,7,-1,6,1,0,-1,8,7,3,-1,8,6,7,-1,8,3,5,-1,9,6,8,-1,10,6,9,-1,11,12,6,-1,11,6,10,-1,13,9,8,-1,14,12,11,-1,15,13,8,-1,16,17,15,-1,16,15,8,-1]
coord Coordinate { point [-2.39262 -5.05099 0.35433,-2.64138 -5.30708 0.35433,-2.54541 -5.30708 0.35433,-2.33871 -5.04432 0.35433,-2.18669 -5.30708 0.35433,-2.08812 -5.30708 0.35433,-2.40861 -4.92346 0.35433,-2.36448 -4.9955 0.35433,-2.31512 -4.91696 0.35433,-2.36083 -4.8469 0.35433,-2.37884 -4.80958 0.35433,-2.4074 -4.75834 0.35433,-2.6135 -4.5694 0.35433,-2.33952 -4.80812 0.35433,-2.51737 -4.5694 0.35433,-2.31291 -4.76581 0.35433,-2.10527 -4.5694 0.35433,-2.19373 -4.5694 0.35433]
}}
appearance Appearance{material Material{diffuseColor 0.917647 0.917647 0.917647
transparency 0}}}
Shape { geometry IndexedFaceSet 
{ creaseAngle 1.00 coordIndex [0,1,2,-1,3,0,2,-1,4,0,3,-1,5,0,4,-1,6,0,5,-1,7,0,6,-1,8,4,3,-1,9,7,6,-1,10,8,3,-1,11,12,10,-1,11,10,3,-1]
coord Coordinate { point [-1.8458 -4.9946 0.35433,-1.8458 -5.30708 0.35433,-1.76646 -5.30708 0.35433,-1.76646 -4.9946 0.35433,-1.79956 -4.91458 0.35433,-1.82865 -4.8543 0.35433,-1.86205 -4.79051 0.35433,-2.07954 -4.5694 0.35433,-1.76953 -4.85343 0.35433,-1.98197 -4.5694 0.35433,-1.73318 -4.78501 0.35433,-1.52414 -4.5694 0.35433,-1.61511 -4.5694 0.35433]
}}
appearance Appearance{material Material{diffuseColor 0.917647 0.917647 0.917647
transparency 0}}}
Shape { geometry IndexedFaceSet 
{ creaseAngle 1.00 coordIndex [0,1,2,-1,0,2,3,-1]
coord Coordinate { point [-1.34401 -4.99614 0.35433,-1.57132 -4.99614 0.35433,-1.57132 -5.0862 0.35433,-1.34401 -5.0862 0.35433]
}}
appearance Appearance{material Material{diffuseColor 0.917647 0.917647 0.917647
transparency 0}}}
Shape { geometry IndexedFaceSet 
{ creaseAngle 1.00 coordIndex [0,1,2,-1,3,0,4,-1,3,1,0,-1,5,4,6,-1,5,3,4,-1,7,2,1,-1,8,5,6,-1,9,5,8,-1,10,9,8,-1,11,12,9,-1,11,9,10,-1,13,7,14,-1,13,14,15,-1,13,16,7,-1,17,18,12,-1,17,12,11,-1,19,13,15,-1,20,21,18,-1,20,18,17,-1,22,15,23,-1,22,19,15,-1,24,16,25,-1,24,2,7,-1,24,7,16,-1,26,21,20,-1,27,21,26,-1,27,23,21,-1,27,22,23,-1,28,22,29,-1,28,19,22,-1,30,28,29,-1,31,28,30,-1,31,32,28,-1,33,25,34,-1,33,34,35,-1,33,24,25,-1,36,32,31,-1,37,33,35,-1,37,35,38,-1,39,32,36,-1,39,40,32,-1,41,40,39,-1,42,37,38,-1,43,40,41,-1,43,42,38,-1,43,38,40,-1]
coord Coordinate { point [-1.02034 -5.30708 0.35433,-1.17031 -5.21916 0.35433,-1.24965 -5.30708 0.35433,-1.0199 -5.21916 0.35433,-0.949244 -5.30134 0.35433,-0.946455 -5.21011 0.35433,-0.89519 -5.28412 0.35433,-1.17031 -4.96612 0.35433,-0.854195 -5.25424 0.35433,-0.894386 -5.16722 0.35433,-0.822347 -5.21048 0.35433,-0.801866 -5.15568 0.35433,-0.880992 -5.13351 0.35433,-1.0398 -4.87819 0.35433,-1.03046 -4.96612 0.35433,-0.976837 -4.96944 0.35433,-1.17031 -4.87819 0.35433,-0.795039 -5.09267 0.35433,-0.876527 -5.09213 0.35433,-0.967028 -4.87123 0.35433,-0.802587 -5.03042 0.35433,-0.893649 -5.0216 0.35433,-0.907788 -4.91358 0.35433,-0.939686 -4.97942 0.35433,-1.24965 -4.5694 0.35433,-1.17031 -4.65732 0.35433,-0.825229 -4.97892 0.35433,-0.860963 -4.93949 0.35433,-0.91908 -4.83608 0.35433,-0.871928 -4.88498 0.35433,-0.845165 -4.84837 0.35433,-0.828479 -4.80522 0.35433,-0.90226 -4.769 0.35433,-1.02322 -4.5694 0.35433,-1.04935 -4.65732 0.35433,-0.99369 -4.65982 0.35433,-0.822917 -4.75704 0.35433,-0.961608 -4.57474 0.35433,-0.958249 -4.66731 0.35433,-0.829316 -4.70474 0.35433,-0.917572 -4.70346 0.35433,-0.848515 -4.65722 0.35433,-0.914288 -4.59074 0.35433,-0.877758 -4.61802 0.35433]
}}
appearance Appearance{material Material{diffuseColor 0.917647 0.917647 0.917647
transparency 0}}}
Shape { geometry IndexedFaceSet 
{ creaseAngle 1.00 coordIndex [0,1,2,-1,3,0,4,-1,3,4,5,-1,6,3,7,-1,6,1,0,-1,6,0,3,-1]
coord Coordinate { point [-0.531277 -4.65732 0.35433,-0.730707 -4.5694 0.35433,-0.730707 -4.65732 0.35433,-0.451934 -4.65732 0.35433,-0.531277 -5.30708 0.35433,-0.451934 -5.30708 0.35433,-0.252504 -4.5694 0.35433,-0.252504 -4.65732 0.35433]
}}
appearance Appearance{material Material{diffuseColor 0.917647 0.917647 0.917647
transparency 0}}}
Shape { geometry IndexedFaceSet 
{ creaseAngle 1.00 coordIndex [0,1,2,-1,0,2,3,-1]
coord Coordinate { point [-0.0316299 -4.99614 0.35433,-0.258937 -4.99614 0.35433,-0.258937 -5.0862 0.35433,-0.0316299 -5.0862 0.35433]
}}
appearance Appearance{material Material{diffuseColor 0.917647 0.917647 0.917647
transparency 0}}}
Shape { geometry IndexedFaceSet 
{ creaseAngle 1.00 coordIndex [0,1,2,-1,3,4,5,-1,6,3,5,-1,7,8,9,-1,7,10,8,-1,11,5,4,-1,5,1,0,-1,5,0,12,-1,2,8,0,-1,0,8,13,-1,8,14,9,-1,10,13,8,-1,12,6,5,-1]
coord Coordinate { point [0.355436 -5.2009 0.35433,0.315295 -5.30708 0.35433,0.387166 -5.30708 0.35433,0.0627242 -4.5694 0.35433,0.0627239 -5.30708 0.35433,0.139923 -4.67223 0.35433,0.183213 -4.5694 0.35433,0.63957 -4.5694 0.35433,0.562371 -4.68768 0.35433,0.63957 -5.30708 0.35433,0.531814 -4.5694 0.35433,0.139923 -5.30708 0.35433,0.326721 -5.0917 0.35433,0.387501 -5.08265 0.35433,0.562371 -5.30708 0.35433]
}}
appearance Appearance{material Material{diffuseColor 0.917647 0.917647 0.917647
transparency 0}}}
Shape { geometry IndexedFaceSet 
{ creaseAngle 1.00 coordIndex [0,1,2,-1,0,2,3,-1]
coord Coordinate { point [0.860444 -4.5694 0.35433,0.781101 -4.5694 0.35433,0.781101 -5.30708 0.35433,0.860444 -5.30708 0.35433]
}}
appearance Appearance{material Material{diffuseColor 0.917647 0.917647 0.917647
transparency 0}}}
Shape { geometry IndexedFaceSet 
{ creaseAngle 1.00 coordIndex [0,1,2,-1,3,4,5,-1,6,4,3,-1,7,6,3,-1,8,9,0,-1,8,0,2,-1,3,1,0,-1,3,0,7,-1]
coord Coordinate { point [1.39869 -5.15198 0.35433,1.3932 -5.30708 0.35433,1.47589 -5.30708 0.35433,1.07703 -4.72537 0.35433,0.99983 -5.30708 0.35433,1.07703 -5.30708 0.35433,0.999831 -4.5694 0.35433,1.08206 -4.5694 0.35433,1.47589 -4.5694 0.35433,1.39869 -4.5694 0.35433]
}}
appearance Appearance{material Material{diffuseColor 0.917647 0.917647 0.917647
transparency 0}}}
Shape { geometry IndexedFaceSet 
{ creaseAngle 1.00 coordIndex [0,1,2,-1,0,2,3,-1]
coord Coordinate { point [1.7032 -4.5694 0.35433,1.62385 -4.5694 0.35433,1.62385 -5.30708 0.35433,1.7032 -5.30708 0.35433]
}}
appearance Appearance{material Material{diffuseColor 0.917647 0.917647 0.917647
transparency 0}}}
Shape { geometry IndexedFaceSet 
{ creaseAngle 1.00 coordIndex [0,1,2,-1,0,2,3,-1]
coord Coordinate { point [-1.5748 -2.90104 0.51181,-2.05459 -2.90104 0.51181,-2.05459 -3.16154 0.51181,-1.5748 -3.16154 0.51181]
}}
appearance Appearance{material Material{diffuseColor 0.917647 0.917647 0.917647
transparency 0}}}
Shape { geometry IndexedFaceSet 
{ creaseAngle 1.00 coordIndex [0,1,2,-1,0,2,3,-1]
coord Coordinate { point [-1.5748 -2.37611 0.51181,-2.05459 -2.37611 0.51181,-2.05459 -2.63661 0.51181,-1.5748 -2.63661 0.51181]
}}
appearance Appearance{material Material{diffuseColor 0.917647 0.917647 0.917647
transparency 0}}}
Shape { geometry IndexedFaceSet 
{ creaseAngle 1.00 coordIndex [0,1,2,-1,0,2,3,-1]
coord Coordinate { point [-1.5748 -1.85118 0.51181,-2.05459 -1.85118 0.51181,-2.05459 -2.11168 0.51181,-1.5748 -2.11168 0.51181]
}}
appearance Appearance{material Material{diffuseColor 0.917647 0.917647 0.917647
transparency 0}}}
Shape { geometry IndexedFaceSet 
{ creaseAngle 1.00 coordIndex [0,1,2,-1,0,2,3,-1]
coord Coordinate { point [-1.5748 -1.32624 0.51181,-2.05459 -1.32624 0.51181,-2.05459 -1.58674 0.51181,-1.5748 -1.58674 0.51181]
}}
appearance Appearance{material Material{diffuseColor 0.917647 0.917647 0.917647
transparency 0}}}
Shape { geometry IndexedFaceSet 
{ creaseAngle 1.00 coordIndex [0,1,2,-1,0,2,3,-1]
coord Coordinate { point [-1.5748 -0.80131 0.51181,-2.05459 -0.80131 0.51181,-2.05459 -1.06181 0.51181,-1.5748 -1.06181 0.51181]
}}
appearance Appearance{material Material{diffuseColor 0.917647 0.917647 0.917647
transparency 0}}}
Shape { geometry IndexedFaceSet 
{ creaseAngle 1.00 coordIndex [0,1,2,-1,0,2,3,-1]
coord Coordinate { point [-1.5748 -0.276377 0.51181,-2.05459 -0.276377 0.51181,-2.05459 -0.536877 0.51181,-1.5748 -0.536877 0.51181]
}}
appearance Appearance{material Material{diffuseColor 0.917647 0.917647 0.917647
transparency 0}}}
Shape { geometry IndexedFaceSet 
{ creaseAngle 1.00 coordIndex [0,1,2,-1,0,2,3,-1]
coord Coordinate { point [-1.5748 0.248557 0.51181,-2.05459 0.248557 0.51181,-2.05459 -0.0119437 0.51181,-1.5748 -0.0119437 0.51181]
}}
appearance Appearance{material Material{diffuseColor 0.917647 0.917647 0.917647
transparency 0}}}
Shape { geometry IndexedFaceSet 
{ creaseAngle 1.00 coordIndex [0,1,2,-1,3,1,0,-1]
coord Coordinate { point [-1.5748 0.51299 0.51181,-2.05459 0.77349 0.51181,-2.05459 0.51299 0.51181,-1.5748 0.77349 0.51181]
}}
appearance Appearance{material Material{diffuseColor 0.917647 0.917647 0.917647
transparency 0}}}
Shape { geometry IndexedFaceSet 
{ creaseAngle 1.00 coordIndex [0,1,2,-1,0,2,3,-1]
coord Coordinate { point [-1.5748 1.29842 0.51181,-2.05459 1.29842 0.51181,-2.05459 1.03792 0.51181,-1.5748 1.03792 0.51181]
}}
appearance Appearance{material Material{diffuseColor 0.917647 0.917647 0.917647
transparency 0}}}
Shape { geometry IndexedFaceSet 
{ creaseAngle 1.00 coordIndex [0,1,2,-1,0,2,3,-1]
coord Coordinate { point [-1.5748 1.82336 0.51181,-2.05459 1.82336 0.51181,-2.05459 1.56286 0.51181,-1.5748 1.56286 0.51181]
}}
appearance Appearance{material Material{diffuseColor 0.917647 0.917647 0.917647
transparency 0}}}
Shape { geometry IndexedFaceSet 
{ creaseAngle 1.00 coordIndex [0,1,2,-1,0,3,1,-1]
coord Coordinate { point [-1.37795 -3.34645 1.1811,-1.5748 1.9685 0.98425,-1.5748 -3.5433 0.98425,-1.37795 1.77165 1.1811]
}}
appearance Appearance{material Material{diffuseColor 0.917647 0.917647 0.917647
transparency 0}}}
Shape { geometry IndexedFaceSet 
{ creaseAngle 1.00 coordIndex [0,1,2,-1,0,3,1,-1]
coord Coordinate { point [-1.37795 1.77165 1.1811,1.5748 1.9685 0.98425,-1.5748 1.9685 0.98425,1.37795 1.77165 1.1811]
}}
appearance Appearance{material Material{diffuseColor 0.917647 0.917647 0.917647
transparency 0}}}
Shape { geometry IndexedFaceSet 
{ creaseAngle 1.00 coordIndex [0,1,2,-1,0,2,3,-1]
coord Coordinate { point [1.9046 1.85269 0.55118,1.5748 1.85269 0.55118,1.5748 1.65009 0.55118,1.9046 1.65009 0.55118]
}}
appearance Appearance{material Material{diffuseColor 0.917647 0.917647 0.917647
transparency 0}}}
Shape { geometry IndexedFaceSet 
{ creaseAngle 1.00 coordIndex [0,1,2,-1,0,2,3,-1]
coord Coordinate { point [1.9046 1.32776 0.55118,1.5748 1.32776 0.55118,1.5748 1.12516 0.55118,1.9046 1.12516 0.55118]
}}
appearance Appearance{material Material{diffuseColor 0.917647 0.917647 0.917647
transparency 0}}}
Shape { geometry IndexedFaceSet 
{ creaseAngle 1.00 coordIndex [0,1,2,-1,0,2,3,-1]
coord Coordinate { point [1.9046 0.802826 0.55118,1.5748 0.802826 0.55118,1.5748 0.600227 0.55118,1.9046 0.600227 0.55118]
}}
appearance Appearance{material Material{diffuseColor 0.917647 0.917647 0.917647
transparency 0}}}
Shape { geometry IndexedFaceSet 
{ creaseAngle 1.00 coordIndex [0,1,2,-1,0,2,3,-1]
coord Coordinate { point [1.9046 0.277893 0.55118,1.5748 0.277893 0.55118,1.5748 0.0752936 0.55118,1.9046 0.0752936 0.55118]
}}
appearance Appearance{material Material{diffuseColor 0.917647 0.917647 0.917647
transparency 0}}}
Shape { geometry IndexedFaceSet 
{ creaseAngle 1.00 coordIndex [0,1,2,-1,0,2,3,-1]
coord Coordinate { point [1.9046 -0.24704 0.55118,1.5748 -0.24704 0.55118,1.5748 -0.44964 0.55118,1.9046 -0.44964 0.55118]
}}
appearance Appearance{material Material{diffuseColor 0.917647 0.917647 0.917647
transparency 0}}}
Shape { geometry IndexedFaceSet 
{ creaseAngle 1.00 coordIndex [0,1,2,-1,0,2,3,-1]
coord Coordinate { point [1.9046 -0.771974 0.55118,1.5748 -0.771974 0.55118,1.5748 -0.974573 0.55118,1.9046 -0.974573 0.55118]
}}
appearance Appearance{material Material{diffuseColor 0.917647 0.917647 0.917647
transparency 0}}}
Shape { geometry IndexedFaceSet 
{ creaseAngle 1.00 coordIndex [0,1,2,-1,0,2,3,-1]
coord Coordinate { point [1.9046 -1.29691 0.55118,1.5748 -1.29691 0.55118,1.5748 -1.49951 0.55118,1.9046 -1.49951 0.55118]
}}
appearance Appearance{material Material{diffuseColor 0.917647 0.917647 0.917647
transparency 0}}}
Shape { geometry IndexedFaceSet 
{ creaseAngle 1.00 coordIndex [0,1,2,-1,0,2,3,-1]
coord Coordinate { point [1.9046 -1.82184 0.55118,1.5748 -1.82184 0.55118,1.5748 -2.02444 0.55118,1.9046 -2.02444 0.55118]
}}
appearance Appearance{material Material{diffuseColor 0.917647 0.917647 0.917647
transparency 0}}}
Shape { geometry IndexedFaceSet 
{ creaseAngle 1.00 coordIndex [0,1,2,-1,0,2,3,-1]
coord Coordinate { point [1.9046 -2.34677 0.55118,1.5748 -2.34677 0.55118,1.5748 -2.54937 0.55118,1.9046 -2.54937 0.55118]
}}
appearance Appearance{material Material{diffuseColor 0.917647 0.917647 0.917647
transparency 0}}}
Shape { geometry IndexedFaceSet 
{ creaseAngle 1.00 coordIndex [0,1,2,-1,0,2,3,-1]
coord Coordinate { point [1.9046 -2.87171 0.55118,1.5748 -2.87171 0.55118,1.5748 -3.07431 0.55118,1.9046 -3.07431 0.55118]
}}
appearance Appearance{material Material{diffuseColor 0.917647 0.917647 0.917647
transparency 0}}}
Shape { geometry IndexedFaceSet 
{ creaseAngle 1.00 coordIndex [0,1,2,-1,0,3,1,-1]
coord Coordinate { point [1.37795 1.77165 1.1811,1.5748 -3.5433 0.98425,1.5748 1.9685 0.98425,1.37795 -3.34645 1.1811]
}}
appearance Appearance{material Material{diffuseColor 0.917647 0.917647 0.917647
transparency 0}}}
Shape { geometry IndexedFaceSet 
{ creaseAngle 1.00 coordIndex [0,1,2,-1,0,3,1,-1]
coord Coordinate { point [1.37795 -3.34645 1.1811,-1.5748 -3.5433 0.98425,1.5748 -3.5433 0.98425,-1.37795 -3.34645 1.1811]
}}
appearance Appearance{material Material{diffuseColor 0.917647 0.917647 0.917647
transparency 0}}}
Shape { geometry IndexedFaceSet 
{ creaseAngle 1.00 coordIndex [0,1,2,-1,3,4,0,-1,0,5,1,-1,4,6,0,-1,7,2,8,-1,7,8,9,-1,7,10,3,-1,7,11,10,-1,7,0,2,-1,7,3,0,-1,12,9,13,-1,12,13,14,-1,12,15,11,-1,12,16,15,-1,12,7,9,-1,12,11,7,-1,17,14,18,-1,17,18,19,-1,17,20,16,-1,17,21,20,-1,17,12,14,-1,17,16,12,-1,22,19,23,-1,22,23,24,-1,22,17,19,-1,22,21,17,-1,22,25,21,-1,22,26,25,-1,27,24,28,-1,27,28,29,-1,27,22,24,-1,27,26,22,-1,27,30,26,-1,27,31,30,-1,32,29,33,-1,32,33,34,-1,32,35,31,-1,32,36,35,-1,32,27,29,-1,32,31,27,-1,37,36,32,-1,37,34,38,-1,37,38,39,-1,37,40,36,-1,37,41,40,-1,37,32,34,-1,42,39,43,-1,42,43,44,-1,42,37,39,-1,42,41,37,-1,42,45,41,-1,42,46,45,-1,47,44,48,-1,47,48,49,-1,47,50,46,-1,47,51,50,-1,47,42,44,-1,47,46,42,-1,52,49,53,-1,52,53,54,-1,52,55,51,-1,52,56,55,-1,52,47,49,-1,52,51,47,-1,57,52,54,-1,57,56,52,-1,57,54,58,-1,57,58,59,-1,57,60,56,-1,57,61,60,-1,62,59,63,-1,62,63,64,-1,62,57,59,-1,62,65,61,-1,62,66,65,-1,62,61,57,-1,67,64,68,-1,67,68,69,-1,67,70,66,-1,67,71,70,-1,67,62,64,-1,67,66,62,-1,72,71,67,-1,72,69,73,-1,72,73,74,-1,72,75,71,-1,72,76,75,-1,72,67,69,-1,77,74,78,-1,77,78,79,-1,77,72,74,-1,77,76,72,-1,77,80,76,-1,77,81,80,-1,82,79,83,-1,82,83,84,-1,82,77,79,-1,82,85,81,-1,82,86,85,-1,82,81,77,-1,87,84,88,-1,87,88,89,-1,87,90,86,-1,87,91,90,-1,87,82,84,-1,87,86,82,-1,92,87,89,-1,92,91,87,-1,92,89,93,-1,92,93,94,-1,92,95,91,-1,92,96,95,-1,97,94,98,-1,97,92,94,-1,97,98,99,-1,97,96,92,-1,97,100,96,-1,97,101,100,-1,102,99,103,-1,102,103,104,-1,102,97,99,-1,102,101,97,-1,102,105,101,-1,102,106,105,-1,107,104,108,-1,107,108,109,-1,107,110,106,-1,107,111,110,-1,107,102,104,-1,107,106,102,-1,112,107,109,-1,112,111,107,-1,112,109,113,-1,112,113,114,-1,112,115,111,-1,112,116,115,-1,117,114,118,-1,117,118,119,-1,117,112,114,-1,117,116,112,-1,117,120,116,-1,117,121,120,-1,122,119,123,-1,122,123,124,-1,122,125,121,-1,122,126,125,-1,122,117,119,-1,122,121,117,-1,127,122,124,-1,127,126,122,-1,127,124,128,-1,127,128,129,-1,127,130,126,-1,127,131,130,-1,132,127,129,-1,132,131,127,-1,132,129,133,-1,132,133,134,-1,132,135,131,-1,132,136,135,-1,137,134,138,-1,137,138,139,-1,137,132,134,-1,137,136,132,-1,137,140,136,-1,137,141,140,-1,142,141,137,-1,142,139,143,-1,142,143,144,-1,142,145,141,-1,142,146,145,-1,142,137,139,-1,147,142,144,-1,147,146,142,-1,147,144,148,-1,147,148,149,-1,147,150,146,-1,147,151,150,-1,152,147,149,-1,152,151,147,-1,152,149,153,-1,152,153,154,-1,152,155,151,-1,152,156,155,-1,157,154,158,-1,157,158,159,-1,157,152,154,-1,157,156,152,-1,157,160,156,-1,157,161,160,-1,162,159,163,-1,162,163,164,-1,162,165,161,-1,162,157,159,-1,162,166,165,-1,162,161,157,-1,167,162,164,-1,167,166,162,-1,167,164,168,-1,167,168,169,-1,167,170,166,-1,167,171,170,-1,172,167,169,-1,172,171,167,-1,172,169,173,-1,172,173,174,-1,172,175,171,-1,172,176,175,-1,177,174,178,-1,177,178,179,-1,177,172,174,-1,177,176,172,-1,177,180,176,-1,177,181,180,-1,182,177,179,-1,182,183,181,-1,182,184,183,-1,182,179,185,-1,182,185,186,-1,182,181,177,-1,187,188,184,-1,187,189,188,-1,187,184,182,-1,187,182,186,-1,187,186,190,-1,187,190,191,-1,192,193,189,-1,192,194,193,-1,192,189,187,-1,192,187,191,-1,192,191,195,-1,192,195,196,-1,197,198,194,-1,197,199,198,-1,197,194,192,-1,197,192,196,-1,197,196,200,-1,197,200,201,-1,202,203,199,-1,202,204,203,-1,202,199,197,-1,202,201,205,-1,202,205,206,-1,202,197,201,-1,207,202,206,-1,207,208,204,-1,207,209,208,-1,207,206,210,-1,207,210,211,-1,207,204,202,-1,212,209,207,-1,212,213,209,-1,212,214,213,-1,212,207,211,-1,212,211,215,-1,212,215,216,-1,217,214,212,-1,217,218,214,-1,217,219,218,-1,217,212,216,-1,217,216,220,-1,217,220,221,-1,222,223,219,-1,222,224,223,-1,222,219,217,-1,222,217,221,-1,222,221,225,-1,222,225,226,-1,227,228,224,-1,227,229,228,-1,227,222,226,-1,227,224,222,-1,227,226,230,-1,227,230,231,-1,232,233,229,-1,232,234,233,-1,232,227,231,-1,232,229,227,-1,232,231,235,-1,232,235,236,-1,237,238,234,-1,237,239,238,-1,237,234,232,-1,237,232,236,-1,237,236,240,-1,237,240,241,-1,242,243,239,-1,242,244,243,-1,242,237,241,-1,242,239,237,-1,242,241,245,-1,242,245,246,-1,247,248,249,-1,247,242,246,-1,247,244,242,-1,247,250,244,-1,247,251,250,-1,247,246,248,-1,252,249,253,-1,252,253,254,-1,252,247,249,-1,252,255,251,-1,252,256,255,-1,252,251,247,-1,257,254,258,-1,257,258,259,-1,257,252,254,-1,257,260,256,-1,257,261,260,-1,257,256,252,-1,262,259,263,-1,262,263,264,-1,262,265,261,-1,262,266,265,-1,262,257,259,-1,262,261,257,-1,267,264,268,-1,267,268,269,-1,267,270,266,-1,267,271,270,-1,267,262,264,-1,267,266,262,-1,272,269,273,-1,272,273,274,-1,272,275,271,-1,272,276,275,-1,272,271,267,-1,272,267,269,-1,277,274,278,-1,277,278,279,-1,277,280,276,-1,277,281,280,-1,277,272,274,-1,277,276,272,-1,282,277,279,-1,282,281,277,-1,282,279,283,-1,282,283,284,-1,282,285,281,-1,282,286,285,-1,287,284,288,-1,287,286,282,-1,287,288,289,-1,287,282,284,-1,287,290,286,-1,287,291,290,-1,292,289,293,-1,292,293,294,-1,292,291,287,-1,292,287,289,-1,292,295,291,-1,292,296,295,-1,297,294,298,-1,297,298,299,-1,297,292,294,-1,297,300,296,-1,297,301,300,-1,297,296,292,-1,302,299,303,-1,302,303,304,-1,302,305,301,-1,302,306,305,-1,302,297,299,-1,302,301,297,-1,307,304,308,-1,307,308,309,-1,307,310,306,-1,307,311,310,-1,307,306,302,-1,307,302,304,-1,312,309,313,-1,312,313,5,-1,312,314,311,-1,312,6,314,-1,312,5,0,-1,312,0,6,-1,312,311,307,-1,312,307,309,-1]
coord Coordinate { point [4.1929 -0.98425 1.92913,4.23227 -0.98425 1.88976,4.23117 -0.940095 1.88976,4.15253 -0.94402 1.9685,4.15354 -0.98425 1.9685,4.23117 -1.0284 1.88976,4.15253 -1.02448 1.9685,4.1887 -0.89997 1.92913,4.22787 -0.89605 1.88976,4.22238 -0.852225 1.88976,4.14952 -0.90389 1.9685,4.14452 -0.86396 1.9685,4.17612 -0.816528 1.92913,4.21471 -0.808727 1.88976,4.20488 -0.765666 1.88976,4.13753 -0.824329 1.9685,4.12858 -0.785096 1.9685,4.1553 -0.734753 1.92913,4.19292 -0.723148 1.88976,4.17885 -0.68128 1.88976,4.11768 -0.746358 1.9685,4.10486 -0.708211 1.9685,4.12644 -0.655457 1.92913,4.16272 -0.640165 1.88976,4.14455 -0.599905 1.88976,4.09016 -0.67075 1.9685,4.07361 -0.634069 1.9685,4.08983 -0.57943 1.92913,4.1244 -0.560601 1.88976,4.10232 -0.52235 1.88976,4.05525 -0.598258 1.9685,4.03513 -0.563407 1.9685,4.04582 -0.507425 1.92913,4.07835 -0.485247 1.88976,4.05257 -0.449385 1.88976,4.01329 -0.529603 1.9685,3.9898 -0.496929 1.9685,3.99487 -0.440159 1.92913,4.02503 -0.414853 1.88976,3.99581 -0.381736 1.88976,3.96471 -0.465466 1.9685,3.93809 -0.435293 1.9685,3.93748 -0.378301 1.92913,3.96497 -0.350117 1.88976,3.93259 -0.320075 1.88976,3.90999 -0.406485 1.9685,3.88049 -0.379113 1.9685,3.87421 -0.322465 1.92913,3.89875 -0.291684 1.88976,3.86354 -0.265015 1.88976,3.84966 -0.353246 1.9685,3.81758 -0.328947 1.9685,3.80569 -0.273206 1.92913,3.82705 -0.240134 1.88976,3.78936 -0.217103 1.88976,3.78433 -0.306278 1.9685,3.74999 -0.285294 1.9685,3.73261 -0.231014 1.92913,3.75057 -0.195979 1.88976,3.71078 -0.176815 1.88976,3.71465 -0.266048 1.9685,3.67839 -0.248587 1.9685,3.65569 -0.196307 1.92913,3.67008 -0.159659 1.88976,3.62857 -0.144552 1.88976,3.64131 -0.232956 1.9685,3.6035 -0.219192 1.9685,3.5757 -0.169432 1.92913,3.58637 -0.131533 1.88976,3.54356 -0.120634 1.88976,3.56504 -0.20733 1.9685,3.52604 -0.1974 1.9685,3.49344 -0.150655 1.92913,3.50027 -0.111883 1.88976,3.4566 -0.1053 1.88976,3.4866 -0.189426 1.9685,3.44681 -0.183429 1.9685,3.40971 -0.140162 1.92913,3.41265 -0.100902 1.88976,3.36853 -0.0987003 1.88976,3.40676 -0.179422 1.9685,3.36657 -0.177416 1.9685,3.32535 -0.138058 1.92913,3.32437 -0.0987003 1.88976,3.28025 -0.100902 1.88976,3.32633 -0.177416 1.9685,3.28614 -0.179422 1.9685,3.2412 -0.144364 1.92913,3.2363 -0.1053 1.88976,3.19263 -0.111883 1.88976,3.24609 -0.183429 1.9685,3.2063 -0.189426 1.9685,3.1581 -0.159017 1.92913,3.14934 -0.120634 1.88976,3.10653 -0.131533 1.88976,3.16686 -0.1974 1.9685,3.12786 -0.20733 1.9685,3.07687 -0.181872 1.92913,3.06433 -0.144552 1.88976,3.02282 -0.159659 1.88976,3.0894 -0.219192 1.9685,3.05159 -0.232956 1.9685,2.99831 -0.212701 1.92913,2.98212 -0.176815 1.88976,2.94233 -0.195979 1.88976,3.01451 -0.248587 1.9685,2.97825 -0.266048 1.9685,2.92322 -0.251198 1.92913,2.90354 -0.217103 1.88976,2.86585 -0.240134 1.88976,2.94291 -0.285294 1.9685,2.90857 -0.306278 1.9685,2.85234 -0.296981 1.92913,2.82936 -0.265015 1.88976,2.79415 -0.291684 1.88976,2.87532 -0.328947 1.9685,2.84324 -0.353246 1.9685,2.78636 -0.349594 1.92913,2.76031 -0.320075 1.88976,2.72793 -0.350117 1.88976,2.81241 -0.379113 1.9685,2.78291 -0.406485 1.9685,2.72595 -0.408514 1.92913,2.69709 -0.381736 1.88976,2.66787 -0.414853 1.88976,2.75481 -0.435293 1.9685,2.72819 -0.465466 1.9685,2.67171 -0.473157 1.92913,2.64033 -0.449385 1.88976,2.61455 -0.485247 1.88976,2.7031 -0.496929 1.9685,2.67961 -0.529603 1.9685,2.62418 -0.542879 1.92913,2.59058 -0.52235 1.88976,2.5685 -0.560601 1.88976,2.65777 -0.563407 1.9685,2.63765 -0.598258 1.9685,2.58382 -0.616987 1.92913,2.54835 -0.599905 1.88976,2.53018 -0.640165 1.88976,2.61929 -0.634069 1.9685,2.60274 -0.67075 1.9685,2.55104 -0.694745 1.92913,2.51405 -0.68128 1.88976,2.49998 -0.723148 1.88976,2.58804 -0.708211 1.9685,2.57522 -0.746358 1.9685,2.52617 -0.775381 1.92913,2.48802 -0.765666 1.88976,2.47819 -0.808727 1.88976,2.56432 -0.785096 1.9685,2.55537 -0.824329 1.9685,2.50945 -0.858092 1.92913,2.47052 -0.852225 1.88976,2.46503 -0.89605 1.88976,2.54838 -0.86396 1.9685,2.54338 -0.90389 1.9685,2.50105 -0.942058 1.92913,2.46173 -0.940095 1.88976,2.46062 -0.98425 1.88976,2.54037 -0.94402 1.9685,2.53937 -0.98425 1.9685,2.50105 -1.02644 1.92913,2.46173 -1.0284 1.88976,2.46503 -1.07245 1.88976,2.54037 -1.02448 1.9685,2.54338 -1.06461 1.9685,2.50945 -1.11041 1.92913,2.47052 -1.11628 1.88976,2.47819 -1.15977 1.88976,2.54838 -1.10454 1.9685,2.55537 -1.14417 1.9685,2.52617 -1.19312 1.92913,2.48802 -1.20283 1.88976,2.49998 -1.24535 1.88976,2.56432 -1.1834 1.9685,2.57522 -1.22214 1.9685,2.55104 -1.27375 1.92913,2.51405 -1.28722 1.88976,2.53018 -1.32834 1.88976,2.58804 -1.26029 1.9685,2.60274 -1.29775 1.9685,2.58382 -1.35151 1.92913,2.61929 -1.33443 1.9685,2.63765 -1.37024 1.9685,2.54835 -1.3686 1.88976,2.5685 -1.4079 1.88976,2.62418 -1.42562 1.92913,2.65777 -1.40509 1.9685,2.67961 -1.4389 1.9685,2.59058 -1.44615 1.88976,2.61455 -1.48325 1.88976,2.67171 -1.49534 1.92913,2.7031 -1.47157 1.9685,2.72819 -1.50303 1.9685,2.64033 -1.51912 1.88976,2.66787 -1.55365 1.88976,2.72595 -1.55999 1.92913,2.75481 -1.53321 1.9685,2.78291 -1.56202 1.9685,2.69709 -1.58676 1.88976,2.72793 -1.61838 1.88976,2.78636 -1.61891 1.92913,2.81241 -1.58939 1.9685,2.84324 -1.61525 1.9685,2.76031 -1.64842 1.88976,2.79415 -1.67682 1.88976,2.85234 -1.67152 1.92913,2.87532 -1.63955 1.9685,2.90857 -1.66222 1.9685,2.82936 -1.70348 1.88976,2.86585 -1.72837 1.88976,2.92322 -1.7173 1.92913,2.94291 -1.68321 1.9685,2.97825 -1.70245 1.9685,2.90354 -1.7514 1.88976,2.94233 -1.77252 1.88976,2.99831 -1.7558 1.92913,3.01451 -1.71991 1.9685,3.05159 -1.73554 1.9685,2.98212 -1.79168 1.88976,3.02282 -1.80884 1.88976,3.07687 -1.78663 1.92913,3.0894 -1.74931 1.9685,3.12786 -1.76117 1.9685,3.06433 -1.82395 1.88976,3.10653 -1.83697 1.88976,3.1581 -1.80948 1.92913,3.16686 -1.7711 1.9685,3.2063 -1.77907 1.9685,3.14934 -1.84787 1.88976,3.19263 -1.85662 1.88976,3.2412 -1.82414 1.92913,3.24609 -1.78507 1.9685,3.28614 -1.78908 1.9685,3.2363 -1.8632 1.88976,3.28025 -1.8676 1.88976,3.32535 -1.83044 1.92913,3.32633 -1.79108 1.9685,3.36657 -1.79108 1.9685,3.32437 -1.8698 1.88976,3.36853 -1.8698 1.88976,3.40971 -1.82834 1.92913,3.40676 -1.78908 1.9685,3.44681 -1.78507 1.9685,3.41265 -1.8676 1.88976,3.4566 -1.8632 1.88976,3.49344 -1.81785 1.92913,3.50027 -1.85662 1.88976,3.54356 -1.84787 1.88976,3.4866 -1.77907 1.9685,3.52604 -1.7711 1.9685,3.5757 -1.79907 1.92913,3.58637 -1.83697 1.88976,3.62857 -1.82395 1.88976,3.56504 -1.76117 1.9685,3.6035 -1.74931 1.9685,3.65569 -1.77219 1.92913,3.67008 -1.80884 1.88976,3.71078 -1.79168 1.88976,3.64131 -1.73554 1.9685,3.67839 -1.71991 1.9685,3.73261 -1.73749 1.92913,3.75057 -1.77252 1.88976,3.78936 -1.7514 1.88976,3.71465 -1.70245 1.9685,3.74999 -1.68321 1.9685,3.80569 -1.69529 1.92913,3.82705 -1.72837 1.88976,3.86354 -1.70348 1.88976,3.78433 -1.66222 1.9685,3.81758 -1.63955 1.9685,3.87421 -1.64604 1.92913,3.89875 -1.67682 1.88976,3.93259 -1.64842 1.88976,3.84966 -1.61525 1.9685,3.88049 -1.58939 1.9685,3.93748 -1.5902 1.92913,3.96497 -1.61838 1.88976,3.99581 -1.58676 1.88976,3.90999 -1.56202 1.9685,3.93809 -1.53321 1.9685,3.99487 -1.52834 1.92913,4.02503 -1.55365 1.88976,4.05257 -1.51912 1.88976,3.96471 -1.50303 1.9685,3.9898 -1.47157 1.9685,4.04582 -1.46108 1.92913,4.07835 -1.48325 1.88976,4.10232 -1.44615 1.88976,4.01329 -1.4389 1.9685,4.03513 -1.40509 1.9685,4.08983 -1.38907 1.92913,4.1244 -1.4079 1.88976,4.14455 -1.3686 1.88976,4.05525 -1.37024 1.9685,4.07361 -1.33443 1.9685,4.12644 -1.31304 1.92913,4.16272 -1.32834 1.88976,4.17885 -1.28722 1.88976,4.09016 -1.29775 1.9685,4.10486 -1.26029 1.9685,4.1553 -1.23375 1.92913,4.19292 -1.24535 1.88976,4.20488 -1.20283 1.88976,4.11768 -1.22214 1.9685,4.12858 -1.1834 1.9685,4.17612 -1.15197 1.92913,4.21471 -1.15977 1.88976,4.22238 -1.11628 1.88976,4.13753 -1.14417 1.9685,4.14452 -1.10454 1.9685,4.1887 -1.06853 1.92913,4.22787 -1.07245 1.88976,4.14952 -1.06461 1.9685]
}}
appearance Appearance{material Material{diffuseColor 0.917647 0.917647 0.917647
transparency 0}}}
Shape { geometry IndexedFaceSet 
{ creaseAngle 1.00 coordIndex [0,1,2,-1,0,2,3,-1]
coord Coordinate { point [-3.5433 5.70865 1.1811,-5.61022 5.70865 1.1811,-5.61022 3.5433 1.1811,-3.5433 3.5433 1.1811]
}}
appearance Appearance{material Material{diffuseColor 0.917647 0.917647 0.917647
transparency 0}}}
Shape { geometry IndexedFaceSet 
{ creaseAngle 1.00 coordIndex [0,1,2,-1,0,2,3,-1]
coord Coordinate { point [-3.77278 5.70865 0.978304,-3.77278 5.70865 0.570542,-3.77278 3.74015 0.570542,-3.77278 3.74015 0.978304]
}}
appearance Appearance{material Material{diffuseColor 0.917647 0.917647 0.917647
transparency 0}}}
Shape { geometry IndexedFaceSet 
{ creaseAngle 1.00 coordIndex [0,1,2,-1,0,2,3,-1]
coord Coordinate { point [-3.77278 5.70865 0.570542,-5.40382 5.70865 0.570542,-5.40382 3.74015 0.570542,-3.77278 3.74015 0.570542]
}}
appearance Appearance{material Material{diffuseColor 0.917647 0.917647 0.917647
transparency 0}}}
Shape { geometry IndexedFaceSet 
{ creaseAngle 1.00 coordIndex [0,1,2,-1,0,2,3,-1]
coord Coordinate { point [-5.40382 5.70865 0.570542,-5.40382 5.70865 0.978304,-5.40382 3.74015 0.978304,-5.40382 3.74015 0.570542]
}}
appearance Appearance{material Material{diffuseColor 0.917647 0.917647 0.917647
transparency 0}}}
Shape { geometry IndexedFaceSet 
{ creaseAngle 1.00 coordIndex [0,1,2,-1,0,2,3,-1]
coord Coordinate { point [-5.40382 5.70865 0.978304,-3.77278 5.70865 0.978304,-3.77278 3.74015 0.978304,-5.40382 3.74015 0.978304]
}}
appearance Appearance{material Material{diffuseColor 0.917647 0.917647 0.917647
transparency 0}}}
Shape { geometry IndexedFaceSet 
{ creaseAngle 1.00 coordIndex [0,1,2,-1,0,2,3,-1]
coord Coordinate { point [4.7244 5.5118 3.1496,1.9685 5.5118 3.1496,1.9685 0.3937 3.1496,4.7244 0.3937 3.1496]
}}
appearance Appearance{material Material{diffuseColor 0.917647 0.917647 0.917647
transparency 0}}}
Shape { geometry IndexedFaceSet 
{ creaseAngle 1.00 coordIndex [0,1,2,-1,0,2,3,-1]
coord Coordinate { point [-1.0199 -5.21916 0.3937,-1.17031 -5.21916 0.3937,-1.17031 -5.21916 0.35433,-1.0199 -5.21916 0.35433]
}}
appearance Appearance{material Material{diffuseColor 0.917647 0.917647 0.917647
transparency 0}}}
Shape { geometry IndexedFaceSet 
{ creaseAngle 1.00 coordIndex [0,1,2,-1,0,2,3,-1]
coord Coordinate { point [-1.17031 -5.21916 0.3937,-1.17031 -4.96612 0.3937,-1.17031 -4.96612 0.35433,-1.17031 -5.21916 0.35433]
}}
appearance Appearance{material Material{diffuseColor 0.917647 0.917647 0.917647
transparency 0}}}
Shape { geometry IndexedFaceSet 
{ creaseAngle 1.00 coordIndex [0,1,2,-1,0,2,3,-1]
coord Coordinate { point [-1.17031 -4.96612 0.3937,-1.03046 -4.96612 0.3937,-1.03046 -4.96612 0.35433,-1.17031 -4.96612 0.35433]
}}
appearance Appearance{material Material{diffuseColor 0.917647 0.917647 0.917647
transparency 0}}}
Shape { geometry IndexedFaceSet 
{ creaseAngle 1.00 coordIndex [0,1,2,-1,0,2,3,-1,4,3,5,-1,4,0,3,-1]
coord Coordinate { point [-0.976837 -4.96944 0.3937,-0.939686 -4.97942 0.3937,-0.939686 -4.97942 0.35433,-0.976837 -4.96944 0.35433,-1.03046 -4.96612 0.3937,-1.03046 -4.96612 0.35433]
}}
appearance Appearance{material Material{diffuseColor 0.917647 0.917647 0.917647
transparency 0}}}
Shape { geometry IndexedFaceSet 
{ creaseAngle 1.00 coordIndex [0,1,2,-1,0,2,3,-1,0,3,4,-1,0,4,1,-1]
coord Coordinate { point [-0.913702 -4.99661 0.374015,-0.893649 -5.0216 0.3937,-0.893649 -5.0216 0.35433,-0.939686 -4.97942 0.35433,-0.939686 -4.97942 0.3937]
}}
appearance Appearance{material Material{diffuseColor 0.917647 0.917647 0.917647
transparency 0}}}
Shape { geometry IndexedFaceSet 
{ creaseAngle 1.00 coordIndex [0,1,2,-1,0,2,3,-1,0,3,4,-1,0,4,1,-1]
coord Coordinate { point [-0.880807 -5.05366 0.374015,-0.876527 -5.09213 0.3937,-0.876527 -5.09213 0.35433,-0.893649 -5.0216 0.35433,-0.893649 -5.0216 0.3937]
}}
appearance Appearance{material Material{diffuseColor 0.917647 0.917647 0.917647
transparency 0}}}
Shape { geometry IndexedFaceSet 
{ creaseAngle 1.00 coordIndex [0,1,2,-1,0,2,3,-1,4,3,5,-1,4,0,3,-1]
coord Coordinate { point [-0.880992 -5.13351 0.3937,-0.894386 -5.16722 0.3937,-0.894386 -5.16722 0.35433,-0.880992 -5.13351 0.35433,-0.876527 -5.09213 0.3937,-0.876527 -5.09213 0.35433]
}}
appearance Appearance{material Material{diffuseColor 0.917647 0.917647 0.917647
transparency 0}}}
Shape { geometry IndexedFaceSet 
{ creaseAngle 1.00 coordIndex [0,1,2,-1,0,2,3,-1,0,3,4,-1,0,4,1,-1]
coord Coordinate { point [-0.916333 -5.19287 0.374015,-0.946455 -5.21011 0.3937,-0.946455 -5.21011 0.35433,-0.894386 -5.16722 0.35433,-0.894386 -5.16722 0.3937]
}}
appearance Appearance{material Material{diffuseColor 0.917647 0.917647 0.917647
transparency 0}}}
Shape { geometry IndexedFaceSet 
{ creaseAngle 1.00 coordIndex [0,1,2,-1,0,2,3,-1,0,3,4,-1,0,4,1,-1]
coord Coordinate { point [-0.976644 -5.21689 0.374015,-1.0199 -5.21916 0.3937,-1.0199 -5.21916 0.35433,-0.946455 -5.21011 0.35433,-0.946455 -5.21011 0.3937]
}}
appearance Appearance{material Material{diffuseColor 0.917647 0.917647 0.917647
transparency 0}}}
Shape { geometry IndexedFaceSet 
{ creaseAngle 1.00 coordIndex [0,1,2,-1,3,1,0,-1]
coord Coordinate { point [-1.0398 -4.87819 0.35433,-1.17031 -4.87819 0.3937,-1.17031 -4.87819 0.35433,-1.0398 -4.87819 0.3937]
}}
appearance Appearance{material Material{diffuseColor 0.917647 0.917647 0.917647
transparency 0}}}
Shape { geometry IndexedFaceSet 
{ creaseAngle 1.00 coordIndex [0,1,2,-1,0,2,3,-1]
coord Coordinate { point [-1.17031 -4.87819 0.3937,-1.17031 -4.65732 0.3937,-1.17031 -4.65732 0.35433,-1.17031 -4.87819 0.35433]
}}
appearance Appearance{material Material{diffuseColor 0.917647 0.917647 0.917647
transparency 0}}}
Shape { geometry IndexedFaceSet 
{ creaseAngle 1.00 coordIndex [0,1,2,-1,0,2,3,-1]
coord Coordinate { point [-1.17031 -4.65732 0.3937,-1.04935 -4.65732 0.3937,-1.04935 -4.65732 0.35433,-1.17031 -4.65732 0.35433]
}}
appearance Appearance{material Material{diffuseColor 0.917647 0.917647 0.917647
transparency 0}}}
Shape { geometry IndexedFaceSet 
{ creaseAngle 1.00 coordIndex [0,1,2,-1,0,2,3,-1,4,3,5,-1,4,0,3,-1]
coord Coordinate { point [-0.99369 -4.65982 0.3937,-0.958249 -4.66731 0.3937,-0.958249 -4.66731 0.35433,-0.99369 -4.65982 0.35433,-1.04935 -4.65732 0.3937,-1.04935 -4.65732 0.35433]
}}
appearance Appearance{material Material{diffuseColor 0.917647 0.917647 0.917647
transparency 0}}}
Shape { geometry IndexedFaceSet 
{ creaseAngle 1.00 coordIndex [0,1,2,-1,0,2,3,-1]
coord Coordinate { point [-0.958249 -4.66731 0.3937,-0.917572 -4.70346 0.3937,-0.917572 -4.70346 0.35433,-0.958249 -4.66731 0.35433]
}}
appearance Appearance{material Material{diffuseColor 0.917647 0.917647 0.917647
transparency 0}}}
Shape { geometry IndexedFaceSet 
{ creaseAngle 1.00 coordIndex [0,1,2,-1,0,2,3,-1,0,3,4,-1,0,4,1,-1]
coord Coordinate { point [-0.906088 -4.73293 0.374015,-0.90226 -4.769 0.3937,-0.90226 -4.769 0.35433,-0.917572 -4.70346 0.35433,-0.917572 -4.70346 0.3937]
}}
appearance Appearance{material Material{diffuseColor 0.917647 0.917647 0.917647
transparency 0}}}
Shape { geometry IndexedFaceSet 
{ creaseAngle 1.00 coordIndex [0,1,2,-1,0,2,3,-1,0,3,4,-1,0,4,1,-1]
coord Coordinate { point [-0.906465 -4.80696 0.374015,-0.91908 -4.83608 0.3937,-0.91908 -4.83608 0.35433,-0.90226 -4.769 0.35433,-0.90226 -4.769 0.3937]
}}
appearance Appearance{material Material{diffuseColor 0.917647 0.917647 0.917647
transparency 0}}}
Shape { geometry IndexedFaceSet 
{ creaseAngle 1.00 coordIndex [0,1,2,-1,0,2,3,-1]
coord Coordinate { point [-0.91908 -4.83608 0.3937,-0.967028 -4.87123 0.3937,-0.967028 -4.87123 0.35433,-0.91908 -4.83608 0.35433]
}}
appearance Appearance{material Material{diffuseColor 0.917647 0.917647 0.917647
transparency 0}}}
Shape { geometry IndexedFaceSet 
{ creaseAngle 1.00 coordIndex [0,1,2,-1,0,2,3,-1]
coord Coordinate { point [-0.967028 -4.87123 0.3937,-1.0398 -4.87819 0.3937,-1.0398 -4.87819 0.35433,-0.967028 -4.87123 0.35433]
}}
appearance Appearance{material Material{diffuseColor 0.917647 0.917647 0.917647
transparency 0}}}
Shape { geometry IndexedFaceSet 
{ creaseAngle 1.00 coordIndex [0,1,2,-1,0,2,3,-1]
coord Coordinate { point [1.37795 1.77165 1.1811,-1.37795 1.77165 1.1811,-1.37795 -3.34645 1.1811,1.37795 -3.34645 1.1811]
}}
appearance Appearance{material Material{diffuseColor 0.917647 0.917647 0.917647
transparency 0}}}
Shape { geometry IndexedFaceSet 
{ creaseAngle 1.00 coordIndex [0,1,2,-1,3,4,5,-1,3,5,6,-1,7,8,9,-1,10,11,12,-1,13,14,15,-1,13,15,16,-1,13,16,17,-1,13,17,18,-1,13,18,19,-1,13,19,3,-1,20,11,10,-1,20,7,11,-1,20,10,21,-1,20,21,22,-1,23,24,25,-1,23,25,13,-1,26,20,27,-1,28,7,20,-1,28,8,7,-1,28,20,26,-1,28,0,29,-1,28,29,8,-1,28,26,30,-1,31,32,33,-1,31,33,23,-1,34,35,31,-1,36,37,38,-1,36,38,39,-1,36,39,40,-1,41,42,43,-1,41,43,34,-1,44,37,36,-1,44,28,37,-1,45,41,34,-1,46,44,47,-1,48,49,45,-1,50,48,45,-1,51,50,45,-1,52,46,53,-1,52,53,54,-1,52,44,46,-1,55,45,34,-1,55,51,45,-1,55,3,6,-1,55,13,3,-1,55,23,13,-1,55,6,1,-1,55,31,23,-1,55,34,31,-1,56,44,52,-1,57,58,55,-1,59,57,55,-1,60,56,61,-1,60,61,62,-1,60,44,56,-1,63,64,59,-1,65,66,63,-1,65,63,59,-1,65,59,55,-1,67,68,69,-1,67,69,70,-1,71,72,73,-1,74,73,65,-1,74,65,55,-1,74,71,73,-1,75,76,77,-1,78,60,68,-1,78,67,79,-1,78,79,76,-1,78,68,67,-1,78,76,75,-1,80,60,78,-1,81,82,83,-1,81,83,74,-1,81,74,55,-1,84,80,85,-1,86,80,84,-1,87,88,89,-1,90,80,86,-1,91,89,81,-1,91,87,89,-1,91,81,55,-1,92,80,90,-1,93,80,92,-1,93,92,94,-1,95,96,97,-1,98,93,99,-1,100,93,98,-1,101,93,100,-1,102,95,97,-1,102,103,104,-1,102,104,95,-1,102,97,105,-1,102,105,91,-1,106,93,101,-1,107,106,108,-1,107,93,106,-1,109,110,111,-1,112,93,107,-1,113,109,111,-1,114,113,111,-1,115,112,116,-1,117,114,111,-1,118,112,115,-1,119,111,102,-1,119,117,111,-1,120,121,119,-1,120,119,102,-1,122,118,123,-1,122,123,124,-1,122,112,118,-1,125,91,55,-1,125,28,44,-1,125,80,93,-1,125,102,91,-1,125,55,1,-1,125,1,0,-1,125,44,60,-1,125,93,112,-1,125,112,122,-1,125,120,102,-1,125,0,28,-1,125,60,80,-1]
coord Coordinate { point [2.84324 -1.61525 1.9685,2.78291 -1.56202 1.9685,2.81241 -1.58939 1.9685,2.67961 -1.4389 1.9685,2.7031 -1.47157 1.9685,2.72819 -1.50303 1.9685,2.75481 -1.53321 1.9685,2.97825 -1.70245 1.9685,2.90857 -1.66222 1.9685,2.94291 -1.68321 1.9685,3.0894 -1.74931 1.9685,3.01451 -1.71991 1.9685,3.05159 -1.73554 1.9685,2.56432 -1.1834 1.9685,2.57522 -1.22214 1.9685,2.58804 -1.26029 1.9685,2.60274 -1.29775 1.9685,2.61929 -1.33443 1.9685,2.63765 -1.37024 1.9685,2.65777 -1.40509 1.9685,3.2063 -1.77907 1.9685,3.12786 -1.76117 1.9685,3.16686 -1.7711 1.9685,2.54338 -1.06461 1.9685,2.54838 -1.10454 1.9685,2.55537 -1.14417 1.9685,3.28614 -1.78908 1.9685,3.24609 -1.78507 1.9685,3.36657 -1.79108 1.9685,2.87532 -1.63955 1.9685,3.32633 -1.79108 1.9685,2.54037 -0.94402 1.9685,2.53937 -0.98425 1.9685,2.54037 -1.02448 1.9685,2.54838 -0.86396 1.9685,2.54338 -0.90389 1.9685,3.56504 -1.76117 1.9685,3.40676 -1.78908 1.9685,3.44681 -1.78507 1.9685,3.4866 -1.77907 1.9685,3.52604 -1.7711 1.9685,2.57522 -0.746358 1.9685,2.56432 -0.785096 1.9685,2.55537 -0.824329 1.9685,3.6035 -1.74931 1.9685,2.58804 -0.708211 1.9685,3.67839 -1.71991 1.9685,3.64131 -1.73554 1.9685,2.61929 -0.634069 1.9685,2.60274 -0.67075 1.9685,2.63765 -0.598258 1.9685,2.65777 -0.563407 1.9685,3.78433 -1.66222 1.9685,3.71465 -1.70245 1.9685,3.74999 -1.68321 1.9685,2.67961 -0.529603 1.9685,3.81758 -1.63955 1.9685,2.72819 -0.465466 1.9685,2.7031 -0.496929 1.9685,2.75481 -0.435293 1.9685,3.90999 -1.56202 1.9685,3.84966 -1.61525 1.9685,3.88049 -1.58939 1.9685,2.81241 -0.379113 1.9685,2.78291 -0.406485 1.9685,2.87532 -0.328947 1.9685,2.84324 -0.353246 1.9685,4.01329 -1.4389 1.9685,3.93809 -1.53321 1.9685,3.96471 -1.50303 1.9685,3.9898 -1.47157 1.9685,2.97825 -0.266048 1.9685,2.94291 -0.285294 1.9685,2.90857 -0.306278 1.9685,3.01451 -0.248587 1.9685,4.09016 -1.29775 1.9685,4.05525 -1.37024 1.9685,4.07361 -1.33443 1.9685,4.10486 -1.26029 1.9685,4.03513 -1.40509 1.9685,4.11768 -1.22214 1.9685,3.12786 -0.20733 1.9685,3.0894 -0.219192 1.9685,3.05159 -0.232956 1.9685,4.13753 -1.14417 1.9685,4.12858 -1.1834 1.9685,4.14452 -1.10454 1.9685,3.24609 -0.183429 1.9685,3.2063 -0.189426 1.9685,3.16686 -0.1974 1.9685,4.14952 -1.06461 1.9685,3.28614 -0.179422 1.9685,4.15253 -1.02448 1.9685,4.15253 -0.94402 1.9685,4.15354 -0.98425 1.9685,3.44681 -0.183429 1.9685,3.40676 -0.179422 1.9685,3.36657 -0.177416 1.9685,4.14452 -0.86396 1.9685,4.14952 -0.90389 1.9685,4.13753 -0.824329 1.9685,4.12858 -0.785096 1.9685,3.56504 -0.20733 1.9685,3.52604 -0.1974 1.9685,3.4866 -0.189426 1.9685,3.32633 -0.177416 1.9685,4.11768 -0.746358 1.9685,4.09016 -0.67075 1.9685,4.10486 -0.708211 1.9685,3.67839 -0.248587 1.9685,3.64131 -0.232956 1.9685,3.6035 -0.219192 1.9685,4.07361 -0.634069 1.9685,3.71465 -0.266048 1.9685,3.74999 -0.285294 1.9685,4.03513 -0.563407 1.9685,4.05525 -0.598258 1.9685,3.78433 -0.306278 1.9685,4.01329 -0.529603 1.9685,3.81758 -0.328947 1.9685,3.88049 -0.379113 1.9685,3.84966 -0.353246 1.9685,3.93809 -0.435293 1.9685,3.9898 -0.496929 1.9685,3.96471 -0.465466 1.9685,3.90999 -0.406485 1.9685]
}}
appearance Appearance{material Material{diffuseColor 0.917647 0.917647 0.917647
transparency 0}}}
Shape { geometry IndexedFaceSet 
{ creaseAngle 1.00 coordIndex [0,1,2,-1,0,2,3,-1]
coord Coordinate { point [-3.77278 3.74015 0.978304,-3.77278 3.74015 0.570542,-5.40382 3.74015 0.570542,-5.40382 3.74015 0.978304]
}}
appearance Appearance{material Material{diffuseColor 0.917647 0.917647 0.917647
transparency 0}}}
Shape { geometry IndexedFaceSet 
{ creaseAngle 1.00 coordIndex [0,1,2,-1,0,2,3,-1,4,5,6,-1,4,6,1,-1,7,1,0,-1,8,4,1,-1,8,1,7,-1,9,10,8,-1,9,8,7,-1]
coord Coordinate { point [-0.880992 -5.13351 0.3937,-1.0199 -5.21916 0.3937,-0.946455 -5.21011 0.3937,-0.894386 -5.16722 0.3937,-1.03046 -4.96612 0.3937,-1.17031 -4.96612 0.3937,-1.17031 -5.21916 0.3937,-0.876527 -5.09213 0.3937,-0.976837 -4.96944 0.3937,-0.893649 -5.0216 0.3937,-0.939686 -4.97942 0.3937]
}}
appearance Appearance{material Material{diffuseColor 0.917647 0.917647 0.917647
transparency 0}}}
Shape { geometry IndexedFaceSet 
{ creaseAngle 1.00 coordIndex [0,1,2,-1,0,2,3,-1,4,3,5,-1,4,5,6,-1,7,0,3,-1,7,3,4,-1,8,9,7,-1,8,7,4,-1]
coord Coordinate { point [-1.04935 -4.65732 0.3937,-1.17031 -4.65732 0.3937,-1.17031 -4.87819 0.3937,-1.0398 -4.87819 0.3937,-0.90226 -4.769 0.3937,-0.967028 -4.87123 0.3937,-0.91908 -4.83608 0.3937,-0.99369 -4.65982 0.3937,-0.917572 -4.70346 0.3937,-0.958249 -4.66731 0.3937]
}}
appearance Appearance{material Material{diffuseColor 0.917647 0.917647 0.917647
transparency 0}}}
