ISO-10303-21;
HEADER;
FILE_DESCRIPTION(('FreeCAD Model'),'2;1');
FILE_NAME('Open CASCADE Shape Model','2024-05-27T06:49:34',(
    'kicad StepUp'),('ksu MCAD'),'Open CASCADE STEP processor 7.6',
  'FreeCAD','Unknown');
FILE_SCHEMA(('AUTOMOTIVE_DESIGN { 1 0 10303 214 1 1 1 1 }'));
ENDSEC;
DATA;
#1 = APPLICATION_PROTOCOL_DEFINITION('international standard',
  'automotive_design',2000,#2);
#2 = APPLICATION_CONTEXT(
  'core data for automotive mechanical design processes');
#3 = SHAPE_DEFINITION_REPRESENTATION(#4,#10);
#4 = PRODUCT_DEFINITION_SHAPE('','',#5);
#5 = PRODUCT_DEFINITION('design','',#6,#9);
#6 = PRODUCT_DEFINITION_FORMATION('','',#7);
#7 = PRODUCT('Body','Body','',(#8));
#8 = PRODUCT_CONTEXT('',#2,'mechanical');
#9 = PRODUCT_DEFINITION_CONTEXT('part definition',#2,'design');
#10 = ADVANCED_BREP_SHAPE_REPRESENTATION('',(#11,#15),#7396);
#11 = AXIS2_PLACEMENT_3D('',#12,#13,#14);
#12 = CARTESIAN_POINT('',(0.,0.,0.));
#13 = DIRECTION('',(0.,0.,1.));
#14 = DIRECTION('',(1.,0.,-0.));
#15 = MANIFOLD_SOLID_BREP('',#16);
#16 = CLOSED_SHELL('',(#17,#50,#75,#1625,#1634,#1665,#1689,#1713,#1730,
    #1755,#1786,#1810,#1836,#1862,#1886,#1910,#1934,#1958,#1982,#2006,
    #2032,#2058,#2082,#2106,#2130,#2147,#2178,#2202,#2226,#2250,#2274,
    #2300,#2326,#2350,#2374,#2398,#2415,#2446,#2470,#2494,#2511,#2542,
    #2568,#2594,#2620,#2646,#2672,#2698,#2724,#2750,#2776,#2802,#2826,
    #2843,#2874,#2898,#2922,#2946,#2970,#2994,#3018,#3035,#3066,#3090,
    #3114,#3131,#3162,#3186,#3210,#3234,#3258,#3282,#3306,#3330,#3354,
    #3378,#3404,#3428,#3452,#3476,#3493,#3524,#3548,#3572,#3589,#3620,
    #3644,#3668,#3692,#3716,#3740,#3764,#3788,#3812,#3829,#3860,#3884,
    #3908,#3925,#4186,#4210,#4234,#4258,#4512,#4529,#4553,#4577,#4601,
    #4618,#4642,#4659,#4683,#4707,#4731,#4748,#4772,#4789,#4813,#4837,
    #4861,#4878,#4902,#4919,#4943,#4967,#4991,#5008,#5032,#5049,#5073,
    #5097,#5121,#5138,#5162,#5179,#5203,#5227,#5251,#5268,#5292,#5309,
    #5333,#5357,#5381,#5398,#5422,#5439,#5463,#5487,#5511,#5528,#5552,
    #5569,#5593,#5617,#5641,#5658,#5682,#5699,#5723,#5747,#5764,#5781,
    #5806,#5837,#5861,#5919,#5936,#5967,#5991,#6015,#6032,#6057,#6075,
    #6099,#6118,#6130,#6299,#6315,#6327,#6350,#6362,#6380,#6392,#6404,
    #6416,#6428,#6440,#6452,#6464,#6476,#6488,#6500,#6512,#6543,#6567,
    #6579,#6591,#6603,#6615,#6627,#6639,#6651,#6663,#6675,#6687,#6711,
    #6728,#6753,#6765,#6796,#6820,#6844,#6861,#6873,#6904,#6928,#6952,
    #6978,#7004,#7030,#7056,#7082,#7101,#7132,#7156,#7180,#7206,#7232,
    #7258,#7284,#7310,#7329,#7341,#7350,#7362,#7379));
#17 = ADVANCED_FACE('',(#18),#45,.T.);
#18 = FACE_BOUND('',#19,.F.);
#19 = EDGE_LOOP('',(#20,#30,#37,#38));
#20 = ORIENTED_EDGE('',*,*,#21,.T.);
#21 = EDGE_CURVE('',#22,#24,#26,.T.);
#22 = VERTEX_POINT('',#23);
#23 = CARTESIAN_POINT('',(11.32,-8.,1.));
#24 = VERTEX_POINT('',#25);
#25 = CARTESIAN_POINT('',(11.32,-8.,4.8));
#26 = LINE('',#27,#28);
#27 = CARTESIAN_POINT('',(11.32,-8.,1.));
#28 = VECTOR('',#29,1.);
#29 = DIRECTION('',(0.,0.,1.));
#30 = ORIENTED_EDGE('',*,*,#31,.T.);
#31 = EDGE_CURVE('',#24,#24,#32,.T.);
#32 = CIRCLE('',#33,2.5);
#33 = AXIS2_PLACEMENT_3D('',#34,#35,#36);
#34 = CARTESIAN_POINT('',(8.82,-8.,4.8));
#35 = DIRECTION('',(0.,0.,1.));
#36 = DIRECTION('',(1.,0.,0.));
#37 = ORIENTED_EDGE('',*,*,#21,.F.);
#38 = ORIENTED_EDGE('',*,*,#39,.F.);
#39 = EDGE_CURVE('',#22,#22,#40,.T.);
#40 = CIRCLE('',#41,2.5);
#41 = AXIS2_PLACEMENT_3D('',#42,#43,#44);
#42 = CARTESIAN_POINT('',(8.82,-8.,1.));
#43 = DIRECTION('',(0.,0.,1.));
#44 = DIRECTION('',(1.,0.,0.));
#45 = CYLINDRICAL_SURFACE('',#46,2.5);
#46 = AXIS2_PLACEMENT_3D('',#47,#48,#49);
#47 = CARTESIAN_POINT('',(8.82,-8.,1.));
#48 = DIRECTION('',(-0.,-0.,-1.));
#49 = DIRECTION('',(1.,0.,0.));
#50 = ADVANCED_FACE('',(#51),#70,.T.);
#51 = FACE_BOUND('',#52,.T.);
#52 = EDGE_LOOP('',(#53,#61,#62,#63));
#53 = ORIENTED_EDGE('',*,*,#54,.F.);
#54 = EDGE_CURVE('',#24,#55,#57,.T.);
#55 = VERTEX_POINT('',#56);
#56 = CARTESIAN_POINT('',(11.12,-8.,5.));
#57 = LINE('',#58,#59);
#58 = CARTESIAN_POINT('',(11.32,-8.,4.8));
#59 = VECTOR('',#60,1.);
#60 = DIRECTION('',(-0.707106781187,0.,0.707106781187));
#61 = ORIENTED_EDGE('',*,*,#31,.T.);
#62 = ORIENTED_EDGE('',*,*,#54,.T.);
#63 = ORIENTED_EDGE('',*,*,#64,.F.);
#64 = EDGE_CURVE('',#55,#55,#65,.T.);
#65 = CIRCLE('',#66,2.3);
#66 = AXIS2_PLACEMENT_3D('',#67,#68,#69);
#67 = CARTESIAN_POINT('',(8.82,-8.,5.));
#68 = DIRECTION('',(0.,0.,1.));
#69 = DIRECTION('',(1.,0.,0.));
#70 = CONICAL_SURFACE('',#71,2.5,0.785398163397);
#71 = AXIS2_PLACEMENT_3D('',#72,#73,#74);
#72 = CARTESIAN_POINT('',(8.82,-8.,4.8));
#73 = DIRECTION('',(-0.,-0.,-1.));
#74 = DIRECTION('',(1.,0.,0.));
#75 = ADVANCED_FACE('',(#76,#110,#121,#251,#341,#375,#481,#547,#581,#703
    ,#737,#819,#853,#856,#1530,#1541,#1575,#1609),#1620,.T.);
#76 = FACE_BOUND('',#77,.T.);
#77 = EDGE_LOOP('',(#78,#88,#96,#104));
#78 = ORIENTED_EDGE('',*,*,#79,.F.);
#79 = EDGE_CURVE('',#80,#82,#84,.T.);
#80 = VERTEX_POINT('',#81);
#81 = CARTESIAN_POINT('',(-15.,15.,1.));
#82 = VERTEX_POINT('',#83);
#83 = CARTESIAN_POINT('',(15.,15.,1.));
#84 = LINE('',#85,#86);
#85 = CARTESIAN_POINT('',(-15.,15.,1.));
#86 = VECTOR('',#87,1.);
#87 = DIRECTION('',(1.,0.,0.));
#88 = ORIENTED_EDGE('',*,*,#89,.F.);
#89 = EDGE_CURVE('',#90,#80,#92,.T.);
#90 = VERTEX_POINT('',#91);
#91 = CARTESIAN_POINT('',(-15.,-15.,1.));
#92 = LINE('',#93,#94);
#93 = CARTESIAN_POINT('',(-15.,-15.,1.));
#94 = VECTOR('',#95,1.);
#95 = DIRECTION('',(0.,1.,0.));
#96 = ORIENTED_EDGE('',*,*,#97,.F.);
#97 = EDGE_CURVE('',#98,#90,#100,.T.);
#98 = VERTEX_POINT('',#99);
#99 = CARTESIAN_POINT('',(15.,-15.,1.));
#100 = LINE('',#101,#102);
#101 = CARTESIAN_POINT('',(15.,-15.,1.));
#102 = VECTOR('',#103,1.);
#103 = DIRECTION('',(-1.,0.,0.));
#104 = ORIENTED_EDGE('',*,*,#105,.F.);
#105 = EDGE_CURVE('',#82,#98,#106,.T.);
#106 = LINE('',#107,#108);
#107 = CARTESIAN_POINT('',(15.,15.,1.));
#108 = VECTOR('',#109,1.);
#109 = DIRECTION('',(0.,-1.,0.));
#110 = FACE_BOUND('',#111,.T.);
#111 = EDGE_LOOP('',(#112));
#112 = ORIENTED_EDGE('',*,*,#113,.F.);
#113 = EDGE_CURVE('',#114,#114,#116,.T.);
#114 = VERTEX_POINT('',#115);
#115 = CARTESIAN_POINT('',(-11.195728,-12.25,1.));
#116 = CIRCLE('',#117,1.054272);
#117 = AXIS2_PLACEMENT_3D('',#118,#119,#120);
#118 = CARTESIAN_POINT('',(-12.25,-12.25,1.));
#119 = DIRECTION('',(0.,0.,1.));
#120 = DIRECTION('',(1.,0.,0.));
#121 = FACE_BOUND('',#122,.T.);
#122 = EDGE_LOOP('',(#123,#133,#141,#149,#157,#165,#173,#181,#189,#197,
    #205,#213,#221,#229,#237,#245));
#123 = ORIENTED_EDGE('',*,*,#124,.T.);
#124 = EDGE_CURVE('',#125,#127,#129,.T.);
#125 = VERTEX_POINT('',#126);
#126 = CARTESIAN_POINT('',(-6.465361702128,-13.48000009106,1.));
#127 = VERTEX_POINT('',#128);
#128 = CARTESIAN_POINT('',(-6.709106382979,-13.48000000389,1.));
#129 = LINE('',#130,#131);
#130 = CARTESIAN_POINT('',(-6.465361702128,-13.48000009106,1.));
#131 = VECTOR('',#132,1.);
#132 = DIRECTION('',(-1.,3.57627869E-07,-7.E-15));
#133 = ORIENTED_EDGE('',*,*,#134,.T.);
#134 = EDGE_CURVE('',#127,#135,#137,.T.);
#135 = VERTEX_POINT('',#136);
#136 = CARTESIAN_POINT('',(-6.117871991959,-12.50561723661,1.));
#137 = LINE('',#138,#139);
#138 = CARTESIAN_POINT('',(-6.709106382979,-13.48000000389,1.));
#139 = VECTOR('',#140,1.);
#140 = DIRECTION('',(0.518750437148,0.854925718386,-8.100641356686E-14)
  );
#141 = ORIENTED_EDGE('',*,*,#142,.T.);
#142 = EDGE_CURVE('',#135,#143,#145,.T.);
#143 = VERTEX_POINT('',#144);
#144 = CARTESIAN_POINT('',(-6.638297202252,-11.60629790156,1.));
#145 = LINE('',#146,#147);
#146 = CARTESIAN_POINT('',(-6.117871991959,-12.50561723661,1.));
#147 = VECTOR('',#148,1.);
#148 = DIRECTION('',(-0.500868056854,0.865523650528,-8.919290223369E-14)
  );
#149 = ORIENTED_EDGE('',*,*,#150,.T.);
#150 = EDGE_CURVE('',#143,#151,#153,.T.);
#151 = VERTEX_POINT('',#152);
#152 = CARTESIAN_POINT('',(-6.394126989486,-11.60629798888,1.));
#153 = LINE('',#154,#155);
#154 = CARTESIAN_POINT('',(-6.638297202252,-11.60629790156,1.));
#155 = VECTOR('',#156,1.);
#156 = DIRECTION('',(1.,-3.57627869E-07,7.E-15));
#157 = ORIENTED_EDGE('',*,*,#158,.T.);
#158 = EDGE_CURVE('',#151,#159,#161,.T.);
#159 = VERTEX_POINT('',#160);
#160 = CARTESIAN_POINT('',(-6.114808012181,-12.08621298239,1.));
#161 = LINE('',#162,#163);
#162 = CARTESIAN_POINT('',(-6.394126989486,-11.60629798888,1.));
#163 = VECTOR('',#164,1.);
#164 = DIRECTION('',(0.503022342601,-0.864273407461,8.908420809089E-14)
  );
#165 = ORIENTED_EDGE('',*,*,#166,.T.);
#166 = EDGE_CURVE('',#159,#167,#169,.T.);
#167 = VERTEX_POINT('',#168);
#168 = CARTESIAN_POINT('',(-5.996510220284,-12.31114919491,1.));
#169 = B_SPLINE_CURVE_WITH_KNOTS('',2,(#170,#171,#172),.UNSPECIFIED.,.F.
  ,.F.,(3,3),(0.,1.),.PIECEWISE_BEZIER_KNOTS.);
#170 = CARTESIAN_POINT('',(-6.114808012181,-12.08621298239,1.));
#171 = CARTESIAN_POINT('',(-6.028850618241,-12.23404280036,1.));
#172 = CARTESIAN_POINT('',(-5.996510220284,-12.31114919491,1.));
#173 = ORIENTED_EDGE('',*,*,#174,.T.);
#174 = EDGE_CURVE('',#167,#175,#177,.T.);
#175 = VERTEX_POINT('',#176);
#176 = CARTESIAN_POINT('',(-5.874808018969,-12.10519179162,1.));
#177 = B_SPLINE_CURVE_WITH_KNOTS('',2,(#178,#179,#180),.UNSPECIFIED.,.F.
  ,.F.,(3,3),(0.,1.),.PIECEWISE_BEZIER_KNOTS.);
#178 = CARTESIAN_POINT('',(-5.996510220284,-12.31114919491,1.));
#179 = CARTESIAN_POINT('',(-5.949105931333,-12.21710665867,1.));
#180 = CARTESIAN_POINT('',(-5.874808018969,-12.10519179162,1.));
#181 = ORIENTED_EDGE('',*,*,#182,.T.);
#182 = EDGE_CURVE('',#175,#183,#185,.T.);
#183 = VERTEX_POINT('',#184);
#184 = CARTESIAN_POINT('',(-5.572084436295,-11.60629828286,1.));
#185 = LINE('',#186,#187);
#186 = CARTESIAN_POINT('',(-5.874808018969,-12.10519179162,1.));
#187 = VECTOR('',#188,1.);
#188 = DIRECTION('',(0.518757689955,0.854921317498,-8.100592710955E-14)
  );
#189 = ORIENTED_EDGE('',*,*,#190,.T.);
#190 = EDGE_CURVE('',#183,#191,#193,.T.);
#191 = VERTEX_POINT('',#192);
#192 = CARTESIAN_POINT('',(-5.347403585231,-11.60629836321,1.));
#193 = LINE('',#194,#195);
#194 = CARTESIAN_POINT('',(-5.572084436295,-11.60629828286,1.));
#195 = VECTOR('',#196,1.);
#196 = DIRECTION('',(1.,-3.57627869E-07,7.E-15));
#197 = ORIENTED_EDGE('',*,*,#198,.T.);
#198 = EDGE_CURVE('',#191,#199,#201,.T.);
#199 = VERTEX_POINT('',#200);
#200 = CARTESIAN_POINT('',(-5.880425177544,-12.48910668323,1.));
#201 = LINE('',#202,#203);
#202 = CARTESIAN_POINT('',(-5.347403585231,-11.60629836321,1.));
#203 = VECTOR('',#204,1.);
#204 = DIRECTION('',(-0.516872828595,-0.856062193453,8.113206779475E-14)
  );
#205 = ORIENTED_EDGE('',*,*,#206,.T.);
#206 = EDGE_CURVE('',#199,#207,#209,.T.);
#207 = VERTEX_POINT('',#208);
#208 = CARTESIAN_POINT('',(-5.303829787234,-13.48000050646,1.));
#209 = LINE('',#210,#211);
#210 = CARTESIAN_POINT('',(-5.880425177544,-12.48910668323,1.));
#211 = VECTOR('',#212,1.);
#212 = DIRECTION('',(0.502942679014,-0.864319768157,8.908824015756E-14)
  );
#213 = ORIENTED_EDGE('',*,*,#214,.T.);
#214 = EDGE_CURVE('',#207,#215,#217,.T.);
#215 = VERTEX_POINT('',#216);
#216 = CARTESIAN_POINT('',(-5.554212765958,-13.48000041691,1.));
#217 = LINE('',#218,#219);
#218 = CARTESIAN_POINT('',(-5.303829787234,-13.48000050646,1.));
#219 = VECTOR('',#220,1.);
#220 = DIRECTION('',(-1.,3.57627869E-07,-7.E-15));
#221 = ORIENTED_EDGE('',*,*,#222,.T.);
#222 = EDGE_CURVE('',#215,#223,#225,.T.);
#223 = VERTEX_POINT('',#224);
#224 = CARTESIAN_POINT('',(-5.94034018685,-12.8125960235,1.));
#225 = LINE('',#226,#227);
#226 = CARTESIAN_POINT('',(-5.554212765958,-13.48000041691,1.));
#227 = VECTOR('',#228,1.);
#228 = DIRECTION('',(-0.500779232736,0.865575045886,-8.919736860853E-14)
  );
#229 = ORIENTED_EDGE('',*,*,#230,.T.);
#230 = EDGE_CURVE('',#223,#231,#233,.T.);
#231 = VERTEX_POINT('',#232);
#232 = CARTESIAN_POINT('',(-6.005786951014,-12.6885960001,1.));
#233 = B_SPLINE_CURVE_WITH_KNOTS('',2,(#234,#235,#236),.UNSPECIFIED.,.F.
  ,.F.,(3,3),(0.,1.),.PIECEWISE_BEZIER_KNOTS.);
#234 = CARTESIAN_POINT('',(-5.94034018685,-12.8125960235,1.));
#235 = CARTESIAN_POINT('',(-5.972765698768,-12.75668111829,1.));
#236 = CARTESIAN_POINT('',(-6.005786951014,-12.6885960001,1.));
#237 = ORIENTED_EDGE('',*,*,#238,.T.);
#238 = EDGE_CURVE('',#231,#239,#241,.T.);
#239 = VERTEX_POINT('',#240);
#240 = CARTESIAN_POINT('',(-6.077276363119,-12.82953214474,1.));
#241 = B_SPLINE_CURVE_WITH_KNOTS('',2,(#242,#243,#244),.UNSPECIFIED.,.F.
  ,.F.,(3,3),(0.,1.),.PIECEWISE_BEZIER_KNOTS.);
#242 = CARTESIAN_POINT('',(-6.005786951014,-12.6885960001,1.));
#243 = CARTESIAN_POINT('',(-6.054723158116,-12.79174491877,1.));
#244 = CARTESIAN_POINT('',(-6.077276363119,-12.82953214474,1.));
#245 = ORIENTED_EDGE('',*,*,#246,.T.);
#246 = EDGE_CURVE('',#239,#125,#247,.T.);
#247 = LINE('',#248,#249);
#248 = CARTESIAN_POINT('',(-6.077276363119,-12.82953214474,1.));
#249 = VECTOR('',#250,1.);
#250 = DIRECTION('',(-0.512362933419,-0.858769016941,8.143161243338E-14)
  );
#251 = FACE_BOUND('',#252,.T.);
#252 = EDGE_LOOP('',(#253,#263,#271,#279,#287,#295,#303,#311,#319,#327,
    #335));
#253 = ORIENTED_EDGE('',*,*,#254,.T.);
#254 = EDGE_CURVE('',#255,#257,#259,.T.);
#255 = VERTEX_POINT('',#256);
#256 = CARTESIAN_POINT('',(-4.486808510638,-13.48000079865,1.));
#257 = VERTEX_POINT('',#258);
#258 = CARTESIAN_POINT('',(-4.688340425532,-13.48000072657,1.));
#259 = LINE('',#260,#261);
#260 = CARTESIAN_POINT('',(-4.486808510638,-13.48000079865,1.));
#261 = VECTOR('',#262,1.);
#262 = DIRECTION('',(-1.,3.57627869E-07,-7.E-15));
#263 = ORIENTED_EDGE('',*,*,#264,.T.);
#264 = EDGE_CURVE('',#257,#265,#267,.T.);
#265 = VERTEX_POINT('',#266);
#266 = CARTESIAN_POINT('',(-4.688340141682,-12.68629859891,1.));
#267 = LINE('',#268,#269);
#268 = CARTESIAN_POINT('',(-4.688340425532,-13.48000072657,1.));
#269 = VECTOR('',#270,1.);
#270 = DIRECTION('',(3.57627869E-07,1.,-9.9E-14));
#271 = ORIENTED_EDGE('',*,*,#272,.T.);
#272 = EDGE_CURVE('',#265,#273,#275,.T.);
#273 = VERTEX_POINT('',#274);
#274 = CARTESIAN_POINT('',(-5.282041883103,-11.60629838659,1.));
#275 = LINE('',#276,#277);
#276 = CARTESIAN_POINT('',(-4.688340141682,-12.68629859891,1.));
#277 = VECTOR('',#278,1.);
#278 = DIRECTION('',(-0.481732862992,0.876318120727,-9.012760913082E-14)
  );
#279 = ORIENTED_EDGE('',*,*,#280,.T.);
#280 = EDGE_CURVE('',#273,#281,#283,.T.);
#281 = VERTEX_POINT('',#282);
#282 = CARTESIAN_POINT('',(-5.034212095869,-11.60629847522,1.));
#283 = LINE('',#284,#285);
#284 = CARTESIAN_POINT('',(-5.282041883103,-11.60629838659,1.));
#285 = VECTOR('',#286,1.);
#286 = DIRECTION('',(1.,-3.57627869E-07,7.E-15));
#287 = ORIENTED_EDGE('',*,*,#288,.T.);
#288 = EDGE_CURVE('',#281,#289,#291,.T.);
#289 = VERTEX_POINT('',#290);
#290 = CARTESIAN_POINT('',(-4.729616552039,-12.16791560543,1.));
#291 = LINE('',#292,#293);
#292 = CARTESIAN_POINT('',(-5.034212095869,-11.60629847522,1.));
#293 = VECTOR('',#294,1.);
#294 = DIRECTION('',(0.476750514013,-0.879038649542,9.036206522387E-14)
  );
#295 = ORIENTED_EDGE('',*,*,#296,.T.);
#296 = EDGE_CURVE('',#289,#297,#299,.T.);
#297 = VERTEX_POINT('',#298);
#298 = CARTESIAN_POINT('',(-4.570893260489,-12.48306459836,1.));
#299 = B_SPLINE_CURVE_WITH_KNOTS('',2,(#300,#301,#302),.UNSPECIFIED.,.F.
  ,.F.,(3,3),(0.,1.),.PIECEWISE_BEZIER_KNOTS.);
#300 = CARTESIAN_POINT('',(-4.729616552039,-12.16791560543,1.));
#301 = CARTESIAN_POINT('',(-4.639318739232,-12.33438372283,1.));
#302 = CARTESIAN_POINT('',(-4.570893260489,-12.48306459836,1.));
#303 = ORIENTED_EDGE('',*,*,#304,.T.);
#304 = EDGE_CURVE('',#297,#305,#307,.T.);
#305 = VERTEX_POINT('',#306);
#306 = CARTESIAN_POINT('',(-4.402297398111,-12.15395827568,1.));
#307 = B_SPLINE_CURVE_WITH_KNOTS('',2,(#308,#309,#310),.UNSPECIFIED.,.F.
  ,.F.,(3,3),(0.,1.),.PIECEWISE_BEZIER_KNOTS.);
#308 = CARTESIAN_POINT('',(-4.570893260489,-12.48306459836,1.));
#309 = CARTESIAN_POINT('',(-4.502637889081,-12.3369369632,1.));
#310 = CARTESIAN_POINT('',(-4.402297398111,-12.15395827568,1.));
#311 = ORIENTED_EDGE('',*,*,#312,.T.);
#312 = EDGE_CURVE('',#305,#313,#315,.T.);
#313 = VERTEX_POINT('',#314);
#314 = CARTESIAN_POINT('',(-4.102382308635,-11.60629880847,1.));
#315 = LINE('',#316,#317);
#316 = CARTESIAN_POINT('',(-4.402297398111,-12.15395827568,1.));
#317 = VECTOR('',#318,1.);
#318 = DIRECTION('',(0.480322426199,0.877091994542,-8.346986967789E-14)
  );
#319 = ORIENTED_EDGE('',*,*,#320,.T.);
#320 = EDGE_CURVE('',#313,#321,#323,.T.);
#321 = VERTEX_POINT('',#322);
#322 = CARTESIAN_POINT('',(-3.871318478848,-11.6062988911,1.));
#323 = LINE('',#324,#325);
#324 = CARTESIAN_POINT('',(-4.102382308635,-11.60629880847,1.));
#325 = VECTOR('',#326,1.);
#326 = DIRECTION('',(1.,-3.57627869E-07,7.E-15));
#327 = ORIENTED_EDGE('',*,*,#328,.T.);
#328 = EDGE_CURVE('',#321,#329,#331,.T.);
#329 = VERTEX_POINT('',#330);
#330 = CARTESIAN_POINT('',(-4.486808226788,-12.68629867099,1.));
#331 = LINE('',#332,#333);
#332 = CARTESIAN_POINT('',(-3.871318478848,-11.6062988911,1.));
#333 = VECTOR('',#334,1.);
#334 = DIRECTION('',(-0.495136175374,-0.868815381906,8.254678928644E-14)
  );
#335 = ORIENTED_EDGE('',*,*,#336,.T.);
#336 = EDGE_CURVE('',#329,#255,#337,.T.);
#337 = LINE('',#338,#339);
#338 = CARTESIAN_POINT('',(-4.486808226788,-12.68629867099,1.));
#339 = VECTOR('',#340,1.);
#340 = DIRECTION('',(-3.57627869E-07,-1.,9.9E-14));
#341 = FACE_BOUND('',#342,.T.);
#342 = EDGE_LOOP('',(#343,#353,#361,#369));
#343 = ORIENTED_EDGE('',*,*,#344,.T.);
#344 = EDGE_CURVE('',#345,#347,#349,.T.);
#345 = VERTEX_POINT('',#346);
#346 = CARTESIAN_POINT('',(-3.413787033406,-12.91897990579,1.));
#347 = VERTEX_POINT('',#348);
#348 = CARTESIAN_POINT('',(-3.991148735534,-12.91897969931,1.));
#349 = LINE('',#350,#351);
#350 = CARTESIAN_POINT('',(-3.413787033406,-12.91897990579,1.));
#351 = VECTOR('',#352,1.);
#352 = DIRECTION('',(-1.,3.57627869E-07,-7.E-15));
#353 = ORIENTED_EDGE('',*,*,#354,.T.);
#354 = EDGE_CURVE('',#347,#355,#357,.T.);
#355 = VERTEX_POINT('',#356);
#356 = CARTESIAN_POINT('',(-3.99114865372,-12.69021374187,1.));
#357 = LINE('',#358,#359);
#358 = CARTESIAN_POINT('',(-3.991148735534,-12.91897969931,1.));
#359 = VECTOR('',#360,1.);
#360 = DIRECTION('',(3.57627869E-07,1.,-9.9E-14));
#361 = ORIENTED_EDGE('',*,*,#362,.T.);
#362 = EDGE_CURVE('',#355,#363,#365,.T.);
#363 = VERTEX_POINT('',#364);
#364 = CARTESIAN_POINT('',(-3.413786951593,-12.69021394835,1.));
#365 = LINE('',#366,#367);
#366 = CARTESIAN_POINT('',(-3.99114865372,-12.69021374187,1.));
#367 = VECTOR('',#368,1.);
#368 = DIRECTION('',(1.,-3.57627869E-07,7.E-15));
#369 = ORIENTED_EDGE('',*,*,#370,.T.);
#370 = EDGE_CURVE('',#363,#345,#371,.T.);
#371 = LINE('',#372,#373);
#372 = CARTESIAN_POINT('',(-3.413786951593,-12.69021394835,1.));
#373 = VECTOR('',#374,1.);
#374 = DIRECTION('',(-3.57627869E-07,-1.,9.9E-14));
#375 = FACE_BOUND('',#376,.T.);
#376 = EDGE_LOOP('',(#377,#387,#395,#403,#411,#419,#427,#435,#443,#451,
    #459,#467,#475));
#377 = ORIENTED_EDGE('',*,*,#378,.T.);
#378 = EDGE_CURVE('',#379,#381,#383,.T.);
#379 = VERTEX_POINT('',#380);
#380 = CARTESIAN_POINT('',(-2.591659574468,-13.48000147641,1.));
#381 = VERTEX_POINT('',#382);
#382 = CARTESIAN_POINT('',(-3.174127659575,-13.4800012681,1.));
#383 = LINE('',#384,#385);
#384 = CARTESIAN_POINT('',(-2.591659574468,-13.48000147641,1.));
#385 = VECTOR('',#386,1.);
#386 = DIRECTION('',(-1.,3.57627869E-07,-7.E-15));
#387 = ORIENTED_EDGE('',*,*,#388,.T.);
#388 = EDGE_CURVE('',#381,#389,#391,.T.);
#389 = VERTEX_POINT('',#390);
#390 = CARTESIAN_POINT('',(-3.174126989487,-11.60629914044,1.));
#391 = LINE('',#392,#393);
#392 = CARTESIAN_POINT('',(-3.174127659575,-13.4800012681,1.));
#393 = VECTOR('',#394,1.);
#394 = DIRECTION('',(3.57627869E-07,1.,-9.9E-14));
#395 = ORIENTED_EDGE('',*,*,#396,.T.);
#396 = EDGE_CURVE('',#389,#397,#399,.T.);
#397 = VERTEX_POINT('',#398);
#398 = CARTESIAN_POINT('',(-2.598978053316,-11.60629934613,1.));
#399 = LINE('',#400,#401);
#400 = CARTESIAN_POINT('',(-3.174126989487,-11.60629914044,1.));
#401 = VECTOR('',#402,1.);
#402 = DIRECTION('',(1.,-3.57627869E-07,7.E-15));
#403 = ORIENTED_EDGE('',*,*,#404,.T.);
#404 = EDGE_CURVE('',#397,#405,#407,.T.);
#405 = VERTEX_POINT('',#406);
#406 = CARTESIAN_POINT('',(-2.322297221641,-11.66051221103,1.));
#407 = B_SPLINE_CURVE_WITH_KNOTS('',2,(#408,#409,#410),.UNSPECIFIED.,.F.
  ,.F.,(3,3),(0.,1.),.PIECEWISE_BEZIER_KNOTS.);
#408 = CARTESIAN_POINT('',(-2.598978053316,-11.60629934613,1.));
#409 = CARTESIAN_POINT('',(-2.424339755444,-11.60629940858,1.));
#410 = CARTESIAN_POINT('',(-2.322297221641,-11.66051221103,1.));
#411 = ORIENTED_EDGE('',*,*,#412,.T.);
#412 = EDGE_CURVE('',#405,#413,#415,.T.);
#413 = VERTEX_POINT('',#414);
#414 = CARTESIAN_POINT('',(-2.155233452239,-11.82936333461,1.));
#415 = B_SPLINE_CURVE_WITH_KNOTS('',2,(#416,#417,#418),.UNSPECIFIED.,.F.
  ,.F.,(3,3),(0.,1.),.PIECEWISE_BEZIER_KNOTS.);
#416 = CARTESIAN_POINT('',(-2.322297221641,-11.66051221103,1.));
#417 = CARTESIAN_POINT('',(-2.220254687807,-11.7146399071,1.));
#418 = CARTESIAN_POINT('',(-2.155233452239,-11.82936333461,1.));
#419 = ORIENTED_EDGE('',*,*,#420,.T.);
#420 = EDGE_CURVE('',#413,#421,#423,.T.);
#421 = VERTEX_POINT('',#422);
#422 = CARTESIAN_POINT('',(-2.090212266314,-12.08289527276,1.));
#423 = B_SPLINE_CURVE_WITH_KNOTS('',2,(#424,#425,#426),.UNSPECIFIED.,.F.
  ,.F.,(3,3),(0.,1.),.PIECEWISE_BEZIER_KNOTS.);
#424 = CARTESIAN_POINT('',(-2.155233452239,-11.82936333461,1.));
#425 = CARTESIAN_POINT('',(-2.090212216641,-11.94400165574,1.));
#426 = CARTESIAN_POINT('',(-2.090212266314,-12.08289527276,1.));
#427 = ORIENTED_EDGE('',*,*,#428,.T.);
#428 = EDGE_CURVE('',#421,#429,#431,.T.);
#429 = VERTEX_POINT('',#430);
#430 = CARTESIAN_POINT('',(-2.146722987581,-12.31489525255,1.));
#431 = B_SPLINE_CURVE_WITH_KNOTS('',2,(#432,#433,#434),.UNSPECIFIED.,.F.
  ,.F.,(3,3),(0.,1.),.PIECEWISE_BEZIER_KNOTS.);
#432 = CARTESIAN_POINT('',(-2.090212266314,-12.08289527276,1.));
#433 = CARTESIAN_POINT('',(-2.090212312364,-12.2116612302,1.));
#434 = CARTESIAN_POINT('',(-2.146722987581,-12.31489525255,1.));
#435 = ORIENTED_EDGE('',*,*,#436,.T.);
#436 = EDGE_CURVE('',#429,#437,#439,.T.);
#437 = VERTEX_POINT('',#438);
#438 = CARTESIAN_POINT('',(-2.305786876598,-12.48051221694,1.));
#439 = B_SPLINE_CURVE_WITH_KNOTS('',2,(#440,#441,#442),.UNSPECIFIED.,.F.
  ,.F.,(3,3),(0.,1.),.PIECEWISE_BEZIER_KNOTS.);
#440 = CARTESIAN_POINT('',(-2.146722987581,-12.31489525255,1.));
#441 = CARTESIAN_POINT('',(-2.203148556385,-12.41804416854,1.));
#442 = CARTESIAN_POINT('',(-2.305786876598,-12.48051221694,1.));
#443 = ORIENTED_EDGE('',*,*,#444,.T.);
#444 = EDGE_CURVE('',#437,#445,#447,.T.);
#445 = VERTEX_POINT('',#446);
#446 = CARTESIAN_POINT('',(-2.096084808289,-12.64646973874,1.));
#447 = B_SPLINE_CURVE_WITH_KNOTS('',2,(#448,#449,#450),.UNSPECIFIED.,.F.
  ,.F.,(3,3),(0.,1.),.PIECEWISE_BEZIER_KNOTS.);
#448 = CARTESIAN_POINT('',(-2.305786876598,-12.48051221694,1.));
#449 = CARTESIAN_POINT('',(-2.172765617411,-12.52919311557,1.));
#450 = CARTESIAN_POINT('',(-2.096084808289,-12.64646973874,1.));
#451 = ORIENTED_EDGE('',*,*,#452,.T.);
#452 = EDGE_CURVE('',#445,#453,#455,.T.);
#453 = VERTEX_POINT('',#454);
#454 = CARTESIAN_POINT('',(-2.019404060557,-12.93540593638,1.));
#455 = B_SPLINE_CURVE_WITH_KNOTS('',2,(#456,#457,#458),.UNSPECIFIED.,.F.
  ,.F.,(3,3),(0.,1.),.PIECEWISE_BEZIER_KNOTS.);
#456 = CARTESIAN_POINT('',(-2.096084808289,-12.64646973874,1.));
#457 = CARTESIAN_POINT('',(-2.019403999136,-12.76366125553,1.));
#458 = CARTESIAN_POINT('',(-2.019404060557,-12.93540593638,1.));
#459 = ORIENTED_EDGE('',*,*,#460,.T.);
#460 = EDGE_CURVE('',#453,#461,#463,.T.);
#461 = VERTEX_POINT('',#462);
#462 = CARTESIAN_POINT('',(-2.088765869699,-13.23463995413,1.));
#463 = B_SPLINE_CURVE_WITH_KNOTS('',2,(#464,#465,#466),.UNSPECIFIED.,.F.
  ,.F.,(3,3),(0.,1.),.PIECEWISE_BEZIER_KNOTS.);
#464 = CARTESIAN_POINT('',(-2.019404060557,-12.93540593638,1.));
#465 = CARTESIAN_POINT('',(-2.019404121521,-13.10587402149,1.));
#466 = CARTESIAN_POINT('',(-2.088765869699,-13.23463995413,1.));
#467 = ORIENTED_EDGE('',*,*,#468,.T.);
#468 = EDGE_CURVE('',#461,#469,#471,.T.);
#469 = VERTEX_POINT('',#470);
#470 = CARTESIAN_POINT('',(-2.273787213194,-13.42170371774,1.));
#471 = B_SPLINE_CURVE_WITH_KNOTS('',2,(#472,#473,#474),.UNSPECIFIED.,.F.
  ,.F.,(3,3),(0.,1.),.PIECEWISE_BEZIER_KNOTS.);
#472 = CARTESIAN_POINT('',(-2.088765869699,-13.23463995413,1.));
#473 = CARTESIAN_POINT('',(-2.158042511494,-13.3634058868,1.));
#474 = CARTESIAN_POINT('',(-2.273787213194,-13.42170371774,1.));
#475 = ORIENTED_EDGE('',*,*,#476,.T.);
#476 = EDGE_CURVE('',#469,#379,#477,.T.);
#477 = B_SPLINE_CURVE_WITH_KNOTS('',2,(#478,#479,#480),.UNSPECIFIED.,.F.
  ,.F.,(3,3),(0.,1.),.PIECEWISE_BEZIER_KNOTS.);
#478 = CARTESIAN_POINT('',(-2.273787213194,-13.42170371774,1.));
#479 = CARTESIAN_POINT('',(-2.389446808511,-13.48000154872,1.));
#480 = CARTESIAN_POINT('',(-2.591659574468,-13.48000147641,1.));
#481 = FACE_BOUND('',#482,.T.);
#482 = EDGE_LOOP('',(#483,#493,#501,#509,#517,#525,#533,#541));
#483 = ORIENTED_EDGE('',*,*,#484,.T.);
#484 = EDGE_CURVE('',#485,#487,#489,.T.);
#485 = VERTEX_POINT('',#486);
#486 = CARTESIAN_POINT('',(-1.147914893617,-13.48000199273,1.));
#487 = VERTEX_POINT('',#488);
#488 = CARTESIAN_POINT('',(-1.349446808511,-13.48000192065,1.));
#489 = LINE('',#490,#491);
#490 = CARTESIAN_POINT('',(-1.147914893617,-13.48000199273,1.));
#491 = VECTOR('',#492,1.);
#492 = DIRECTION('',(-1.,3.57627869E-07,-7.E-15));
#493 = ORIENTED_EDGE('',*,*,#494,.T.);
#494 = EDGE_CURVE('',#487,#495,#497,.T.);
#495 = VERTEX_POINT('',#496);
#496 = CARTESIAN_POINT('',(-1.349446218288,-11.82961894193,1.));
#497 = LINE('',#498,#499);
#498 = CARTESIAN_POINT('',(-1.349446808511,-13.48000192065,1.));
#499 = VECTOR('',#500,1.);
#500 = DIRECTION('',(3.57627869E-07,1.,-9.9E-14));
#501 = ORIENTED_EDGE('',*,*,#502,.T.);
#502 = EDGE_CURVE('',#495,#503,#505,.T.);
#503 = VERTEX_POINT('',#504);
#504 = CARTESIAN_POINT('',(-1.855999409777,-11.82961876077,1.));
#505 = LINE('',#506,#507);
#506 = CARTESIAN_POINT('',(-1.349446218288,-11.82961894193,1.));
#507 = VECTOR('',#508,1.);
#508 = DIRECTION('',(-1.,3.57627869E-07,-7.E-15));
#509 = ORIENTED_EDGE('',*,*,#510,.T.);
#510 = EDGE_CURVE('',#503,#511,#513,.T.);
#511 = VERTEX_POINT('',#512);
#512 = CARTESIAN_POINT('',(-1.855999329912,-11.60629961184,1.));
#513 = LINE('',#514,#515);
#514 = CARTESIAN_POINT('',(-1.855999409777,-11.82961876077,1.));
#515 = VECTOR('',#516,1.);
#516 = DIRECTION('',(3.57627869E-07,1.,-9.9E-14));
#517 = ORIENTED_EDGE('',*,*,#518,.T.);
#518 = EDGE_CURVE('',#511,#519,#521,.T.);
#519 = VERTEX_POINT('',#520);
#520 = CARTESIAN_POINT('',(-0.64136103204,-11.60630004623,1.));
#521 = LINE('',#522,#523);
#522 = CARTESIAN_POINT('',(-1.855999329912,-11.60629961184,1.));
#523 = VECTOR('',#524,1.);
#524 = DIRECTION('',(1.,-3.57627869E-07,7.E-15));
#525 = ORIENTED_EDGE('',*,*,#526,.T.);
#526 = EDGE_CURVE('',#519,#527,#529,.T.);
#527 = VERTEX_POINT('',#528);
#528 = CARTESIAN_POINT('',(-0.641361111905,-11.82961919516,1.));
#529 = LINE('',#530,#531);
#530 = CARTESIAN_POINT('',(-0.64136103204,-11.60630004623,1.));
#531 = VECTOR('',#532,1.);
#532 = DIRECTION('',(-3.57627869E-07,-1.,9.9E-14));
#533 = ORIENTED_EDGE('',*,*,#534,.T.);
#534 = EDGE_CURVE('',#527,#535,#537,.T.);
#535 = VERTEX_POINT('',#536);
#536 = CARTESIAN_POINT('',(-1.147914303394,-11.82961901401,1.));
#537 = LINE('',#538,#539);
#538 = CARTESIAN_POINT('',(-0.641361111905,-11.82961919516,1.));
#539 = VECTOR('',#540,1.);
#540 = DIRECTION('',(-1.,3.57627869E-07,-7.E-15));
#541 = ORIENTED_EDGE('',*,*,#542,.T.);
#542 = EDGE_CURVE('',#535,#485,#543,.T.);
#543 = LINE('',#544,#545);
#544 = CARTESIAN_POINT('',(-1.147914303394,-11.82961901401,1.));
#545 = VECTOR('',#546,1.);
#546 = DIRECTION('',(-3.57627869E-07,-1.,9.9E-14));
#547 = FACE_BOUND('',#548,.T.);
#548 = EDGE_LOOP('',(#549,#559,#567,#575));
#549 = ORIENTED_EDGE('',*,*,#550,.T.);
#550 = EDGE_CURVE('',#551,#553,#555,.T.);
#551 = VERTEX_POINT('',#552);
#552 = CARTESIAN_POINT('',(-8.03402248955E-02,-12.91898109793,1.));
#553 = VERTEX_POINT('',#554);
#554 = CARTESIAN_POINT('',(-0.657701927023,-12.91898089145,1.));
#555 = LINE('',#556,#557);
#556 = CARTESIAN_POINT('',(-8.034022489549E-02,-12.91898109793,1.));
#557 = VECTOR('',#558,1.);
#558 = DIRECTION('',(-1.,3.57627869E-07,-7.E-15));
#559 = ORIENTED_EDGE('',*,*,#560,.T.);
#560 = EDGE_CURVE('',#553,#561,#563,.T.);
#561 = VERTEX_POINT('',#562);
#562 = CARTESIAN_POINT('',(-0.65770184521,-12.690214934,1.));
#563 = LINE('',#564,#565);
#564 = CARTESIAN_POINT('',(-0.657701927023,-12.91898089145,1.));
#565 = VECTOR('',#566,1.);
#566 = DIRECTION('',(3.57627869E-07,1.,-9.9E-14));
#567 = ORIENTED_EDGE('',*,*,#568,.T.);
#568 = EDGE_CURVE('',#561,#569,#571,.T.);
#569 = VERTEX_POINT('',#570);
#570 = CARTESIAN_POINT('',(-8.034014308241E-02,-12.69021514048,1.));
#571 = LINE('',#572,#573);
#572 = CARTESIAN_POINT('',(-0.65770184521,-12.690214934,1.));
#573 = VECTOR('',#574,1.);
#574 = DIRECTION('',(1.,-3.57627869E-07,7.E-15));
#575 = ORIENTED_EDGE('',*,*,#576,.T.);
#576 = EDGE_CURVE('',#569,#551,#577,.T.);
#577 = LINE('',#578,#579);
#578 = CARTESIAN_POINT('',(-8.034014308241E-02,-12.69021514048,1.));
#579 = VECTOR('',#580,1.);
#580 = DIRECTION('',(-3.57627869E-07,-1.,9.9E-14));
#581 = FACE_BOUND('',#582,.T.);
#582 = EDGE_LOOP('',(#583,#593,#601,#609,#617,#625,#633,#641,#649,#657,
    #665,#673,#681,#689,#697));
#583 = ORIENTED_EDGE('',*,*,#584,.T.);
#584 = EDGE_CURVE('',#585,#587,#589,.T.);
#585 = VERTEX_POINT('',#586);
#586 = CARTESIAN_POINT('',(0.355404255319,-13.48000253036,1.));
#587 = VERTEX_POINT('',#588);
#588 = CARTESIAN_POINT('',(0.159319148936,-13.48000246023,1.));
#589 = LINE('',#590,#591);
#590 = CARTESIAN_POINT('',(0.355404255319,-13.48000253036,1.));
#591 = VECTOR('',#592,1.);
#592 = DIRECTION('',(-1.,3.57627869E-07,-7.E-15));
#593 = ORIENTED_EDGE('',*,*,#594,.T.);
#594 = EDGE_CURVE('',#587,#595,#597,.T.);
#595 = VERTEX_POINT('',#596);
#596 = CARTESIAN_POINT('',(0.159319819024,-11.60630033257,1.));
#597 = LINE('',#598,#599);
#598 = CARTESIAN_POINT('',(0.159319148936,-13.48000246023,1.));
#599 = VECTOR('',#600,1.);
#600 = DIRECTION('',(3.57627869E-07,1.,-9.9E-14));
#601 = ORIENTED_EDGE('',*,*,#602,.T.);
#602 = EDGE_CURVE('',#595,#603,#605,.T.);
#603 = VERTEX_POINT('',#604);
#604 = CARTESIAN_POINT('',(0.465362372215,-11.60630044202,1.));
#605 = LINE('',#606,#607);
#606 = CARTESIAN_POINT('',(0.159319819024,-11.60630033257,1.));
#607 = VECTOR('',#608,1.);
#608 = DIRECTION('',(1.,-3.57627869E-07,7.E-15));
#609 = ORIENTED_EDGE('',*,*,#610,.T.);
#610 = EDGE_CURVE('',#603,#611,#613,.T.);
#611 = VERTEX_POINT('',#612);
#612 = CARTESIAN_POINT('',(0.82987253607,-12.93293887025,1.));
#613 = LINE('',#614,#615);
#614 = CARTESIAN_POINT('',(0.465362372215,-11.60630044202,1.));
#615 = VECTOR('',#616,1.);
#616 = DIRECTION('',(0.264943344104,-0.964263980669,9.731673052849E-14)
  );
#617 = ORIENTED_EDGE('',*,*,#618,.T.);
#618 = EDGE_CURVE('',#611,#619,#621,.T.);
#619 = VERTEX_POINT('',#620);
#620 = CARTESIAN_POINT('',(0.902808607091,-13.21030059846,1.));
#621 = LINE('',#622,#623);
#622 = CARTESIAN_POINT('',(0.82987253607,-12.93293887025,1.));
#623 = VECTOR('',#624,1.);
#624 = DIRECTION('',(0.254317664599,-0.967120739863,9.752517031553E-14)
  );
#625 = ORIENTED_EDGE('',*,*,#626,.T.);
#626 = EDGE_CURVE('',#619,#627,#629,.T.);
#627 = VERTEX_POINT('',#628);
#628 = CARTESIAN_POINT('',(0.984255523012,-12.90996020206,1.));
#629 = B_SPLINE_CURVE_WITH_KNOTS('',2,(#630,#631,#632),.UNSPECIFIED.,.F.
  ,.F.,(3,3),(0.,1.),.PIECEWISE_BEZIER_KNOTS.);
#630 = CARTESIAN_POINT('',(0.902808607091,-13.21030059846,1.));
#631 = CARTESIAN_POINT('',(0.929532048357,-13.10681124632,1.));
#632 = CARTESIAN_POINT('',(0.984255523012,-12.90996020206,1.));
#633 = ORIENTED_EDGE('',*,*,#634,.T.);
#634 = EDGE_CURVE('',#627,#635,#637,.T.);
#635 = VERTEX_POINT('',#636);
#636 = CARTESIAN_POINT('',(1.350809180726,-11.60630075868,1.));
#637 = LINE('',#638,#639);
#638 = CARTESIAN_POINT('',(0.984255523012,-12.90996020206,1.));
#639 = VECTOR('',#640,1.);
#640 = DIRECTION('',(0.270676761794,0.962670291754,-9.340963354434E-14)
  );
#641 = ORIENTED_EDGE('',*,*,#642,.T.);
#642 = EDGE_CURVE('',#635,#643,#645,.T.);
#643 = VERTEX_POINT('',#644);
#644 = CARTESIAN_POINT('',(1.624511308385,-11.60630085657,1.));
#645 = LINE('',#646,#647);
#646 = CARTESIAN_POINT('',(1.350809180726,-11.60630075868,1.));
#647 = VECTOR('',#648,1.);
#648 = DIRECTION('',(1.,-3.57627869E-07,7.E-15));
#649 = ORIENTED_EDGE('',*,*,#650,.T.);
#650 = EDGE_CURVE('',#643,#651,#653,.T.);
#651 = VERTEX_POINT('',#652);
#652 = CARTESIAN_POINT('',(1.624510638297,-13.48000298423,1.));
#653 = LINE('',#654,#655);
#654 = CARTESIAN_POINT('',(1.624511308385,-11.60630085657,1.));
#655 = VECTOR('',#656,1.);
#656 = DIRECTION('',(-3.57627869E-07,-1.,9.9E-14));
#657 = ORIENTED_EDGE('',*,*,#658,.T.);
#658 = EDGE_CURVE('',#651,#659,#661,.T.);
#659 = VERTEX_POINT('',#660);
#660 = CARTESIAN_POINT('',(1.428425531914,-13.4800029141,1.));
#661 = LINE('',#662,#663);
#662 = CARTESIAN_POINT('',(1.624510638297,-13.48000298423,1.));
#663 = VECTOR('',#664,1.);
#664 = DIRECTION('',(-1.,3.57627869E-07,-7.E-15));
#665 = ORIENTED_EDGE('',*,*,#666,.T.);
#666 = EDGE_CURVE('',#659,#667,#669,.T.);
#667 = VERTEX_POINT('',#668);
#668 = CARTESIAN_POINT('',(1.428426094562,-11.90672631835,1.));
#669 = LINE('',#670,#671);
#670 = CARTESIAN_POINT('',(1.428425531914,-13.4800029141,1.));
#671 = VECTOR('',#672,1.);
#672 = DIRECTION('',(3.57627869E-07,1.,-9.9E-14));
#673 = ORIENTED_EDGE('',*,*,#674,.T.);
#674 = EDGE_CURVE('',#667,#675,#677,.T.);
#675 = VERTEX_POINT('',#676);
#676 = CARTESIAN_POINT('',(0.983404255319,-13.48000275495,1.));
#677 = LINE('',#678,#679);
#678 = CARTESIAN_POINT('',(1.428426094562,-11.90672631835,1.));
#679 = VECTOR('',#680,1.);
#680 = DIRECTION('',(-0.27218368546,-0.96224531247,9.335701218185E-14));
#681 = ORIENTED_EDGE('',*,*,#682,.T.);
#682 = EDGE_CURVE('',#675,#683,#685,.T.);
#683 = VERTEX_POINT('',#684);
#684 = CARTESIAN_POINT('',(0.800851063829,-13.48000268966,1.));
#685 = LINE('',#686,#687);
#686 = CARTESIAN_POINT('',(0.983404255319,-13.48000275495,1.));
#687 = VECTOR('',#688,1.);
#688 = DIRECTION('',(-1.,3.57627869E-07,-7.E-15));
#689 = ORIENTED_EDGE('',*,*,#690,.T.);
#690 = EDGE_CURVE('',#683,#691,#693,.T.);
#691 = VERTEX_POINT('',#692);
#692 = CARTESIAN_POINT('',(0.355404831997,-11.86749189206,1.));
#693 = LINE('',#694,#695);
#694 = CARTESIAN_POINT('',(0.800851063829,-13.48000268966,1.));
#695 = VECTOR('',#696,1.);
#696 = DIRECTION('',(-0.266270978015,0.963898213644,-9.728981298255E-14)
  );
#697 = ORIENTED_EDGE('',*,*,#698,.T.);
#698 = EDGE_CURVE('',#691,#585,#699,.T.);
#699 = LINE('',#700,#701);
#700 = CARTESIAN_POINT('',(0.355404831997,-11.86749189206,1.));
#701 = VECTOR('',#702,1.);
#702 = DIRECTION('',(-3.57627869E-07,-1.,9.9E-14));
#703 = FACE_BOUND('',#704,.T.);
#704 = EDGE_LOOP('',(#705,#715,#723,#731));
#705 = ORIENTED_EDGE('',*,*,#706,.T.);
#706 = EDGE_CURVE('',#707,#709,#711,.T.);
#707 = VERTEX_POINT('',#708);
#708 = CARTESIAN_POINT('',(2.185531914893,-13.48000318486,1.));
#709 = VERTEX_POINT('',#710);
#710 = CARTESIAN_POINT('',(1.983999999999,-13.48000311279,1.));
#711 = LINE('',#712,#713);
#712 = CARTESIAN_POINT('',(2.185531914893,-13.48000318486,1.));
#713 = VECTOR('',#714,1.);
#714 = DIRECTION('',(-1.,3.57627869E-07,-7.E-15));
#715 = ORIENTED_EDGE('',*,*,#716,.T.);
#716 = EDGE_CURVE('',#709,#717,#719,.T.);
#717 = VERTEX_POINT('',#718);
#718 = CARTESIAN_POINT('',(1.984000670088,-11.60630098513,1.));
#719 = LINE('',#720,#721);
#720 = CARTESIAN_POINT('',(1.983999999999,-13.48000311279,1.));
#721 = VECTOR('',#722,1.);
#722 = DIRECTION('',(3.57627869E-07,1.,-9.9E-14));
#723 = ORIENTED_EDGE('',*,*,#724,.T.);
#724 = EDGE_CURVE('',#717,#725,#727,.T.);
#725 = VERTEX_POINT('',#726);
#726 = CARTESIAN_POINT('',(2.185532584981,-11.6063010572,1.));
#727 = LINE('',#728,#729);
#728 = CARTESIAN_POINT('',(1.984000670088,-11.60630098513,1.));
#729 = VECTOR('',#730,1.);
#730 = DIRECTION('',(1.,-3.57627869E-07,7.E-15));
#731 = ORIENTED_EDGE('',*,*,#732,.T.);
#732 = EDGE_CURVE('',#725,#707,#733,.T.);
#733 = LINE('',#734,#735);
#734 = CARTESIAN_POINT('',(2.185532584981,-11.6063010572,1.));
#735 = VECTOR('',#736,1.);
#736 = DIRECTION('',(-3.57627869E-07,-1.,9.9E-14));
#737 = FACE_BOUND('',#738,.T.);
#738 = EDGE_LOOP('',(#739,#749,#757,#765,#773,#781,#789,#797,#805,#813)
  );
#739 = ORIENTED_EDGE('',*,*,#740,.T.);
#740 = EDGE_CURVE('',#741,#743,#745,.T.);
#741 = VERTEX_POINT('',#742);
#742 = CARTESIAN_POINT('',(2.735659574467,-13.4800033816,1.));
#743 = VERTEX_POINT('',#744);
#744 = CARTESIAN_POINT('',(2.539574468085,-13.48000331148,1.));
#745 = LINE('',#746,#747);
#746 = CARTESIAN_POINT('',(2.735659574467,-13.4800033816,1.));
#747 = VECTOR('',#748,1.);
#748 = DIRECTION('',(-1.,3.57627869E-07,-7.E-15));
#749 = ORIENTED_EDGE('',*,*,#750,.T.);
#750 = EDGE_CURVE('',#743,#751,#753,.T.);
#751 = VERTEX_POINT('',#752);
#752 = CARTESIAN_POINT('',(2.539575138173,-11.60630118382,1.));
#753 = LINE('',#754,#755);
#754 = CARTESIAN_POINT('',(2.539574468085,-13.48000331148,1.));
#755 = VECTOR('',#756,1.);
#756 = DIRECTION('',(3.57627869E-07,1.,-9.9E-14));
#757 = ORIENTED_EDGE('',*,*,#758,.T.);
#758 = EDGE_CURVE('',#751,#759,#761,.T.);
#759 = VERTEX_POINT('',#760);
#760 = CARTESIAN_POINT('',(2.748426202002,-11.60630125851,1.));
#761 = LINE('',#762,#763);
#762 = CARTESIAN_POINT('',(2.539575138173,-11.60630118382,1.));
#763 = VECTOR('',#764,1.);
#764 = DIRECTION('',(1.,-3.57627869E-07,7.E-15));
#765 = ORIENTED_EDGE('',*,*,#766,.T.);
#766 = EDGE_CURVE('',#759,#767,#769,.T.);
#767 = VERTEX_POINT('',#768);
#768 = CARTESIAN_POINT('',(3.552680991953,-13.08604622698,1.));
#769 = LINE('',#770,#771);
#770 = CARTESIAN_POINT('',(2.748426202002,-11.60630125851,1.));
#771 = VECTOR('',#772,1.);
#772 = DIRECTION('',(0.477534207329,-0.87861315767,9.032542735296E-14));
#773 = ORIENTED_EDGE('',*,*,#774,.T.);
#774 = EDGE_CURVE('',#767,#775,#777,.T.);
#775 = VERTEX_POINT('',#776);
#776 = CARTESIAN_POINT('',(3.552681521151,-11.60630154613,1.));
#777 = LINE('',#778,#779);
#778 = CARTESIAN_POINT('',(3.552680991953,-13.08604622698,1.));
#779 = VECTOR('',#780,1.);
#780 = DIRECTION('',(3.57627869E-07,1.,-9.9E-14));
#781 = ORIENTED_EDGE('',*,*,#782,.T.);
#782 = EDGE_CURVE('',#775,#783,#785,.T.);
#783 = VERTEX_POINT('',#784);
#784 = CARTESIAN_POINT('',(3.748766627534,-11.60630161626,1.));
#785 = LINE('',#786,#787);
#786 = CARTESIAN_POINT('',(3.552681521151,-11.60630154613,1.));
#787 = VECTOR('',#788,1.);
#788 = DIRECTION('',(1.,-3.57627869E-07,7.E-15));
#789 = ORIENTED_EDGE('',*,*,#790,.T.);
#790 = EDGE_CURVE('',#783,#791,#793,.T.);
#791 = VERTEX_POINT('',#792);
#792 = CARTESIAN_POINT('',(3.748765957446,-13.48000374392,1.));
#793 = LINE('',#794,#795);
#794 = CARTESIAN_POINT('',(3.748766627534,-11.60630161626,1.));
#795 = VECTOR('',#796,1.);
#796 = DIRECTION('',(-3.57627869E-07,-1.,9.9E-14));
#797 = ORIENTED_EDGE('',*,*,#798,.T.);
#798 = EDGE_CURVE('',#791,#799,#801,.T.);
#799 = VERTEX_POINT('',#800);
#800 = CARTESIAN_POINT('',(3.538723404255,-13.4800036688,1.));
#801 = LINE('',#802,#803);
#802 = CARTESIAN_POINT('',(3.748765957446,-13.48000374392,1.));
#803 = VECTOR('',#804,1.);
#804 = DIRECTION('',(-1.,3.57627869E-07,-7.E-15));
#805 = ORIENTED_EDGE('',*,*,#806,.T.);
#806 = EDGE_CURVE('',#799,#807,#809,.T.);
#807 = VERTEX_POINT('',#808);
#808 = CARTESIAN_POINT('',(2.735660102874,-12.00247146671,1.));
#809 = LINE('',#810,#811);
#810 = CARTESIAN_POINT('',(3.538723404255,-13.4800036688,1.));
#811 = VECTOR('',#812,1.);
#812 = DIRECTION('',(-0.477539334846,0.878610370798,-9.032518734512E-14)
  );
#813 = ORIENTED_EDGE('',*,*,#814,.T.);
#814 = EDGE_CURVE('',#807,#741,#815,.T.);
#815 = LINE('',#816,#817);
#816 = CARTESIAN_POINT('',(2.735660102874,-12.00247146671,1.));
#817 = VECTOR('',#818,1.);
#818 = DIRECTION('',(-3.57627869E-07,-1.,9.9E-14));
#819 = FACE_BOUND('',#820,.T.);
#820 = EDGE_LOOP('',(#821,#831,#839,#847));
#821 = ORIENTED_EDGE('',*,*,#822,.T.);
#822 = EDGE_CURVE('',#823,#825,#827,.T.);
#823 = VERTEX_POINT('',#824);
#824 = CARTESIAN_POINT('',(4.326127659574,-13.4800039504,1.));
#825 = VERTEX_POINT('',#826);
#826 = CARTESIAN_POINT('',(4.12459574468,-13.48000387833,1.));
#827 = LINE('',#828,#829);
#828 = CARTESIAN_POINT('',(4.326127659574,-13.4800039504,1.));
#829 = VECTOR('',#830,1.);
#830 = DIRECTION('',(-1.,3.57627869E-07,-7.E-15));
#831 = ORIENTED_EDGE('',*,*,#832,.T.);
#832 = EDGE_CURVE('',#825,#833,#835,.T.);
#833 = VERTEX_POINT('',#834);
#834 = CARTESIAN_POINT('',(4.124596414768,-11.60630175067,1.));
#835 = LINE('',#836,#837);
#836 = CARTESIAN_POINT('',(4.12459574468,-13.48000387833,1.));
#837 = VECTOR('',#838,1.);
#838 = DIRECTION('',(3.57627869E-07,1.,-9.9E-14));
#839 = ORIENTED_EDGE('',*,*,#840,.T.);
#840 = EDGE_CURVE('',#833,#841,#843,.T.);
#841 = VERTEX_POINT('',#842);
#842 = CARTESIAN_POINT('',(4.326128329662,-11.60630182274,1.));
#843 = LINE('',#844,#845);
#844 = CARTESIAN_POINT('',(4.124596414768,-11.60630175067,1.));
#845 = VECTOR('',#846,1.);
#846 = DIRECTION('',(1.,-3.57627869E-07,7.E-15));
#847 = ORIENTED_EDGE('',*,*,#848,.T.);
#848 = EDGE_CURVE('',#841,#823,#849,.T.);
#849 = LINE('',#850,#851);
#850 = CARTESIAN_POINT('',(4.326128329662,-11.60630182274,1.));
#851 = VECTOR('',#852,1.);
#852 = DIRECTION('',(-3.57627869E-07,-1.,9.9E-14));
#853 = FACE_BOUND('',#854,.T.);
#854 = EDGE_LOOP('',(#855));
#855 = ORIENTED_EDGE('',*,*,#39,.F.);
#856 = FACE_BOUND('',#857,.T.);
#857 = EDGE_LOOP('',(#858,#868,#876,#884,#892,#900,#908,#916,#924,#932,
    #940,#948,#956,#964,#972,#980,#988,#996,#1004,#1012,#1020,#1028,
    #1036,#1044,#1052,#1060,#1068,#1076,#1084,#1092,#1100,#1108,#1116,
    #1124,#1132,#1140,#1148,#1156,#1164,#1172,#1180,#1188,#1196,#1204,
    #1212,#1220,#1228,#1236,#1244,#1252,#1260,#1268,#1276,#1284,#1292,
    #1300,#1308,#1316,#1324,#1332,#1340,#1348,#1356,#1364,#1372,#1380,
    #1388,#1396,#1404,#1412,#1420,#1428,#1436,#1444,#1452,#1460,#1468,
    #1476,#1484,#1492,#1500,#1508,#1516,#1524));
#858 = ORIENTED_EDGE('',*,*,#859,.T.);
#859 = EDGE_CURVE('',#860,#862,#864,.T.);
#860 = VERTEX_POINT('',#861);
#861 = CARTESIAN_POINT('',(-4.,4.631335,1.));
#862 = VERTEX_POINT('',#863);
#863 = CARTESIAN_POINT('',(-4.,5.,1.));
#864 = LINE('',#865,#866);
#865 = CARTESIAN_POINT('',(-4.,-9.,1.));
#866 = VECTOR('',#867,1.);
#867 = DIRECTION('',(0.,1.,0.));
#868 = ORIENTED_EDGE('',*,*,#869,.T.);
#869 = EDGE_CURVE('',#862,#870,#872,.T.);
#870 = VERTEX_POINT('',#871);
#871 = CARTESIAN_POINT('',(4.,5.,1.));
#872 = LINE('',#873,#874);
#873 = CARTESIAN_POINT('',(-4.,5.,1.));
#874 = VECTOR('',#875,1.);
#875 = DIRECTION('',(1.,0.,0.));
#876 = ORIENTED_EDGE('',*,*,#877,.T.);
#877 = EDGE_CURVE('',#870,#878,#880,.T.);
#878 = VERTEX_POINT('',#879);
#879 = CARTESIAN_POINT('',(4.,4.70585,1.));
#880 = LINE('',#881,#882);
#881 = CARTESIAN_POINT('',(4.,5.,1.));
#882 = VECTOR('',#883,1.);
#883 = DIRECTION('',(0.,-1.,0.));
#884 = ORIENTED_EDGE('',*,*,#885,.T.);
#885 = EDGE_CURVE('',#878,#886,#888,.T.);
#886 = VERTEX_POINT('',#887);
#887 = CARTESIAN_POINT('',(4.837691,4.70585,1.));
#888 = LINE('',#889,#890);
#889 = CARTESIAN_POINT('',(3.980021,4.70585,1.));
#890 = VECTOR('',#891,1.);
#891 = DIRECTION('',(1.,0.,0.));
#892 = ORIENTED_EDGE('',*,*,#893,.T.);
#893 = EDGE_CURVE('',#886,#894,#896,.T.);
#894 = VERTEX_POINT('',#895);
#895 = CARTESIAN_POINT('',(4.837691,4.191246,1.));
#896 = LINE('',#897,#898);
#897 = CARTESIAN_POINT('',(4.837691,4.70585,1.));
#898 = VECTOR('',#899,1.);
#899 = DIRECTION('',(0.,-1.,0.));
#900 = ORIENTED_EDGE('',*,*,#901,.T.);
#901 = EDGE_CURVE('',#894,#902,#904,.T.);
#902 = VERTEX_POINT('',#903);
#903 = CARTESIAN_POINT('',(4.,4.191246,1.));
#904 = LINE('',#905,#906);
#905 = CARTESIAN_POINT('',(4.837691,4.191246,1.));
#906 = VECTOR('',#907,1.);
#907 = DIRECTION('',(-1.,0.,0.));
#908 = ORIENTED_EDGE('',*,*,#909,.T.);
#909 = EDGE_CURVE('',#902,#910,#912,.T.);
#910 = VERTEX_POINT('',#911);
#911 = CARTESIAN_POINT('',(4.,3.372516666667,1.));
#912 = LINE('',#913,#914);
#913 = CARTESIAN_POINT('',(4.,5.,1.));
#914 = VECTOR('',#915,1.);
#915 = DIRECTION('',(0.,-1.,0.));
#916 = ORIENTED_EDGE('',*,*,#917,.T.);
#917 = EDGE_CURVE('',#910,#918,#920,.T.);
#918 = VERTEX_POINT('',#919);
#919 = CARTESIAN_POINT('',(4.837691,3.372516666667,1.));
#920 = LINE('',#921,#922);
#921 = CARTESIAN_POINT('',(3.980021,3.372516666667,1.));
#922 = VECTOR('',#923,1.);
#923 = DIRECTION('',(1.,0.,0.));
#924 = ORIENTED_EDGE('',*,*,#925,.T.);
#925 = EDGE_CURVE('',#918,#926,#928,.T.);
#926 = VERTEX_POINT('',#927);
#927 = CARTESIAN_POINT('',(4.837691,2.857912666667,1.));
#928 = LINE('',#929,#930);
#929 = CARTESIAN_POINT('',(4.837691,3.372516666667,1.));
#930 = VECTOR('',#931,1.);
#931 = DIRECTION('',(0.,-1.,0.));
#932 = ORIENTED_EDGE('',*,*,#933,.T.);
#933 = EDGE_CURVE('',#926,#934,#936,.T.);
#934 = VERTEX_POINT('',#935);
#935 = CARTESIAN_POINT('',(4.,2.857912666667,1.));
#936 = LINE('',#937,#938);
#937 = CARTESIAN_POINT('',(4.837691,2.857912666667,1.));
#938 = VECTOR('',#939,1.);
#939 = DIRECTION('',(-1.,0.,0.));
#940 = ORIENTED_EDGE('',*,*,#941,.T.);
#941 = EDGE_CURVE('',#934,#942,#944,.T.);
#942 = VERTEX_POINT('',#943);
#943 = CARTESIAN_POINT('',(4.,2.039183333333,1.));
#944 = LINE('',#945,#946);
#945 = CARTESIAN_POINT('',(4.,5.,1.));
#946 = VECTOR('',#947,1.);
#947 = DIRECTION('',(0.,-1.,0.));
#948 = ORIENTED_EDGE('',*,*,#949,.T.);
#949 = EDGE_CURVE('',#942,#950,#952,.T.);
#950 = VERTEX_POINT('',#951);
#951 = CARTESIAN_POINT('',(4.837691,2.039183333333,1.));
#952 = LINE('',#953,#954);
#953 = CARTESIAN_POINT('',(3.980021,2.039183333333,1.));
#954 = VECTOR('',#955,1.);
#955 = DIRECTION('',(1.,0.,0.));
#956 = ORIENTED_EDGE('',*,*,#957,.T.);
#957 = EDGE_CURVE('',#950,#958,#960,.T.);
#958 = VERTEX_POINT('',#959);
#959 = CARTESIAN_POINT('',(4.837691,1.524579333333,1.));
#960 = LINE('',#961,#962);
#961 = CARTESIAN_POINT('',(4.837691,2.039183333333,1.));
#962 = VECTOR('',#963,1.);
#963 = DIRECTION('',(0.,-1.,0.));
#964 = ORIENTED_EDGE('',*,*,#965,.T.);
#965 = EDGE_CURVE('',#958,#966,#968,.T.);
#966 = VERTEX_POINT('',#967);
#967 = CARTESIAN_POINT('',(4.,1.524579333333,1.));
#968 = LINE('',#969,#970);
#969 = CARTESIAN_POINT('',(4.837691,1.524579333333,1.));
#970 = VECTOR('',#971,1.);
#971 = DIRECTION('',(-1.,0.,0.));
#972 = ORIENTED_EDGE('',*,*,#973,.T.);
#973 = EDGE_CURVE('',#966,#974,#976,.T.);
#974 = VERTEX_POINT('',#975);
#975 = CARTESIAN_POINT('',(4.,0.70585,1.));
#976 = LINE('',#977,#978);
#977 = CARTESIAN_POINT('',(4.,5.,1.));
#978 = VECTOR('',#979,1.);
#979 = DIRECTION('',(0.,-1.,0.));
#980 = ORIENTED_EDGE('',*,*,#981,.T.);
#981 = EDGE_CURVE('',#974,#982,#984,.T.);
#982 = VERTEX_POINT('',#983);
#983 = CARTESIAN_POINT('',(4.837691,0.70585,1.));
#984 = LINE('',#985,#986);
#985 = CARTESIAN_POINT('',(3.980021,0.70585,1.));
#986 = VECTOR('',#987,1.);
#987 = DIRECTION('',(1.,0.,0.));
#988 = ORIENTED_EDGE('',*,*,#989,.T.);
#989 = EDGE_CURVE('',#982,#990,#992,.T.);
#990 = VERTEX_POINT('',#991);
#991 = CARTESIAN_POINT('',(4.837691,0.191246,1.));
#992 = LINE('',#993,#994);
#993 = CARTESIAN_POINT('',(4.837691,0.70585,1.));
#994 = VECTOR('',#995,1.);
#995 = DIRECTION('',(0.,-1.,0.));
#996 = ORIENTED_EDGE('',*,*,#997,.T.);
#997 = EDGE_CURVE('',#990,#998,#1000,.T.);
#998 = VERTEX_POINT('',#999);
#999 = CARTESIAN_POINT('',(4.,0.191246,1.));
#1000 = LINE('',#1001,#1002);
#1001 = CARTESIAN_POINT('',(4.837691,0.191246,1.));
#1002 = VECTOR('',#1003,1.);
#1003 = DIRECTION('',(-1.,0.,0.));
#1004 = ORIENTED_EDGE('',*,*,#1005,.T.);
#1005 = EDGE_CURVE('',#998,#1006,#1008,.T.);
#1006 = VERTEX_POINT('',#1007);
#1007 = CARTESIAN_POINT('',(4.,-0.627483333333,1.));
#1008 = LINE('',#1009,#1010);
#1009 = CARTESIAN_POINT('',(4.,5.,1.));
#1010 = VECTOR('',#1011,1.);
#1011 = DIRECTION('',(0.,-1.,0.));
#1012 = ORIENTED_EDGE('',*,*,#1013,.T.);
#1013 = EDGE_CURVE('',#1006,#1014,#1016,.T.);
#1014 = VERTEX_POINT('',#1015);
#1015 = CARTESIAN_POINT('',(4.837691,-0.627483333333,1.));
#1016 = LINE('',#1017,#1018);
#1017 = CARTESIAN_POINT('',(3.980021,-0.627483333333,1.));
#1018 = VECTOR('',#1019,1.);
#1019 = DIRECTION('',(1.,0.,0.));
#1020 = ORIENTED_EDGE('',*,*,#1021,.T.);
#1021 = EDGE_CURVE('',#1014,#1022,#1024,.T.);
#1022 = VERTEX_POINT('',#1023);
#1023 = CARTESIAN_POINT('',(4.837691,-1.142087333333,1.));
#1024 = LINE('',#1025,#1026);
#1025 = CARTESIAN_POINT('',(4.837691,-0.627483333333,1.));
#1026 = VECTOR('',#1027,1.);
#1027 = DIRECTION('',(0.,-1.,0.));
#1028 = ORIENTED_EDGE('',*,*,#1029,.T.);
#1029 = EDGE_CURVE('',#1022,#1030,#1032,.T.);
#1030 = VERTEX_POINT('',#1031);
#1031 = CARTESIAN_POINT('',(4.,-1.142087333333,1.));
#1032 = LINE('',#1033,#1034);
#1033 = CARTESIAN_POINT('',(4.837691,-1.142087333333,1.));
#1034 = VECTOR('',#1035,1.);
#1035 = DIRECTION('',(-1.,0.,0.));
#1036 = ORIENTED_EDGE('',*,*,#1037,.T.);
#1037 = EDGE_CURVE('',#1030,#1038,#1040,.T.);
#1038 = VERTEX_POINT('',#1039);
#1039 = CARTESIAN_POINT('',(4.,-1.960816666667,1.));
#1040 = LINE('',#1041,#1042);
#1041 = CARTESIAN_POINT('',(4.,5.,1.));
#1042 = VECTOR('',#1043,1.);
#1043 = DIRECTION('',(0.,-1.,0.));
#1044 = ORIENTED_EDGE('',*,*,#1045,.T.);
#1045 = EDGE_CURVE('',#1038,#1046,#1048,.T.);
#1046 = VERTEX_POINT('',#1047);
#1047 = CARTESIAN_POINT('',(4.837691,-1.960816666667,1.));
#1048 = LINE('',#1049,#1050);
#1049 = CARTESIAN_POINT('',(3.980021,-1.960816666667,1.));
#1050 = VECTOR('',#1051,1.);
#1051 = DIRECTION('',(1.,0.,0.));
#1052 = ORIENTED_EDGE('',*,*,#1053,.T.);
#1053 = EDGE_CURVE('',#1046,#1054,#1056,.T.);
#1054 = VERTEX_POINT('',#1055);
#1055 = CARTESIAN_POINT('',(4.837691,-2.475420666667,1.));
#1056 = LINE('',#1057,#1058);
#1057 = CARTESIAN_POINT('',(4.837691,-1.960816666667,1.));
#1058 = VECTOR('',#1059,1.);
#1059 = DIRECTION('',(0.,-1.,0.));
#1060 = ORIENTED_EDGE('',*,*,#1061,.T.);
#1061 = EDGE_CURVE('',#1054,#1062,#1064,.T.);
#1062 = VERTEX_POINT('',#1063);
#1063 = CARTESIAN_POINT('',(4.,-2.475420666667,1.));
#1064 = LINE('',#1065,#1066);
#1065 = CARTESIAN_POINT('',(4.837691,-2.475420666667,1.));
#1066 = VECTOR('',#1067,1.);
#1067 = DIRECTION('',(-1.,0.,0.));
#1068 = ORIENTED_EDGE('',*,*,#1069,.T.);
#1069 = EDGE_CURVE('',#1062,#1070,#1072,.T.);
#1070 = VERTEX_POINT('',#1071);
#1071 = CARTESIAN_POINT('',(4.,-3.29415,1.));
#1072 = LINE('',#1073,#1074);
#1073 = CARTESIAN_POINT('',(4.,5.,1.));
#1074 = VECTOR('',#1075,1.);
#1075 = DIRECTION('',(0.,-1.,0.));
#1076 = ORIENTED_EDGE('',*,*,#1077,.T.);
#1077 = EDGE_CURVE('',#1070,#1078,#1080,.T.);
#1078 = VERTEX_POINT('',#1079);
#1079 = CARTESIAN_POINT('',(4.837691,-3.29415,1.));
#1080 = LINE('',#1081,#1082);
#1081 = CARTESIAN_POINT('',(3.980021,-3.29415,1.));
#1082 = VECTOR('',#1083,1.);
#1083 = DIRECTION('',(1.,0.,0.));
#1084 = ORIENTED_EDGE('',*,*,#1085,.T.);
#1085 = EDGE_CURVE('',#1078,#1086,#1088,.T.);
#1086 = VERTEX_POINT('',#1087);
#1087 = CARTESIAN_POINT('',(4.837691,-3.808754,1.));
#1088 = LINE('',#1089,#1090);
#1089 = CARTESIAN_POINT('',(4.837691,-3.29415,1.));
#1090 = VECTOR('',#1091,1.);
#1091 = DIRECTION('',(0.,-1.,0.));
#1092 = ORIENTED_EDGE('',*,*,#1093,.T.);
#1093 = EDGE_CURVE('',#1086,#1094,#1096,.T.);
#1094 = VERTEX_POINT('',#1095);
#1095 = CARTESIAN_POINT('',(4.,-3.808754,1.));
#1096 = LINE('',#1097,#1098);
#1097 = CARTESIAN_POINT('',(4.837691,-3.808754,1.));
#1098 = VECTOR('',#1099,1.);
#1099 = DIRECTION('',(-1.,0.,0.));
#1100 = ORIENTED_EDGE('',*,*,#1101,.T.);
#1101 = EDGE_CURVE('',#1094,#1102,#1104,.T.);
#1102 = VERTEX_POINT('',#1103);
#1103 = CARTESIAN_POINT('',(4.,-4.627483333333,1.));
#1104 = LINE('',#1105,#1106);
#1105 = CARTESIAN_POINT('',(4.,5.,1.));
#1106 = VECTOR('',#1107,1.);
#1107 = DIRECTION('',(0.,-1.,0.));
#1108 = ORIENTED_EDGE('',*,*,#1109,.T.);
#1109 = EDGE_CURVE('',#1102,#1110,#1112,.T.);
#1110 = VERTEX_POINT('',#1111);
#1111 = CARTESIAN_POINT('',(4.837691,-4.627483333333,1.));
#1112 = LINE('',#1113,#1114);
#1113 = CARTESIAN_POINT('',(3.980021,-4.627483333333,1.));
#1114 = VECTOR('',#1115,1.);
#1115 = DIRECTION('',(1.,0.,0.));
#1116 = ORIENTED_EDGE('',*,*,#1117,.T.);
#1117 = EDGE_CURVE('',#1110,#1118,#1120,.T.);
#1118 = VERTEX_POINT('',#1119);
#1119 = CARTESIAN_POINT('',(4.837691,-5.142087333333,1.));
#1120 = LINE('',#1121,#1122);
#1121 = CARTESIAN_POINT('',(4.837691,-4.627483333333,1.));
#1122 = VECTOR('',#1123,1.);
#1123 = DIRECTION('',(0.,-1.,0.));
#1124 = ORIENTED_EDGE('',*,*,#1125,.T.);
#1125 = EDGE_CURVE('',#1118,#1126,#1128,.T.);
#1126 = VERTEX_POINT('',#1127);
#1127 = CARTESIAN_POINT('',(4.,-5.142087333333,1.));
#1128 = LINE('',#1129,#1130);
#1129 = CARTESIAN_POINT('',(4.837691,-5.142087333333,1.));
#1130 = VECTOR('',#1131,1.);
#1131 = DIRECTION('',(-1.,0.,0.));
#1132 = ORIENTED_EDGE('',*,*,#1133,.T.);
#1133 = EDGE_CURVE('',#1126,#1134,#1136,.T.);
#1134 = VERTEX_POINT('',#1135);
#1135 = CARTESIAN_POINT('',(4.,-5.960816666667,1.));
#1136 = LINE('',#1137,#1138);
#1137 = CARTESIAN_POINT('',(4.,5.,1.));
#1138 = VECTOR('',#1139,1.);
#1139 = DIRECTION('',(0.,-1.,0.));
#1140 = ORIENTED_EDGE('',*,*,#1141,.T.);
#1141 = EDGE_CURVE('',#1134,#1142,#1144,.T.);
#1142 = VERTEX_POINT('',#1143);
#1143 = CARTESIAN_POINT('',(4.837691,-5.960816666667,1.));
#1144 = LINE('',#1145,#1146);
#1145 = CARTESIAN_POINT('',(3.980021,-5.960816666667,1.));
#1146 = VECTOR('',#1147,1.);
#1147 = DIRECTION('',(1.,0.,0.));
#1148 = ORIENTED_EDGE('',*,*,#1149,.T.);
#1149 = EDGE_CURVE('',#1142,#1150,#1152,.T.);
#1150 = VERTEX_POINT('',#1151);
#1151 = CARTESIAN_POINT('',(4.837691,-6.475420666667,1.));
#1152 = LINE('',#1153,#1154);
#1153 = CARTESIAN_POINT('',(4.837691,-5.960816666667,1.));
#1154 = VECTOR('',#1155,1.);
#1155 = DIRECTION('',(0.,-1.,0.));
#1156 = ORIENTED_EDGE('',*,*,#1157,.T.);
#1157 = EDGE_CURVE('',#1150,#1158,#1160,.T.);
#1158 = VERTEX_POINT('',#1159);
#1159 = CARTESIAN_POINT('',(4.,-6.475420666667,1.));
#1160 = LINE('',#1161,#1162);
#1161 = CARTESIAN_POINT('',(4.837691,-6.475420666667,1.));
#1162 = VECTOR('',#1163,1.);
#1163 = DIRECTION('',(-1.,0.,0.));
#1164 = ORIENTED_EDGE('',*,*,#1165,.T.);
#1165 = EDGE_CURVE('',#1158,#1166,#1168,.T.);
#1166 = VERTEX_POINT('',#1167);
#1167 = CARTESIAN_POINT('',(4.,-7.29415,1.));
#1168 = LINE('',#1169,#1170);
#1169 = CARTESIAN_POINT('',(4.,5.,1.));
#1170 = VECTOR('',#1171,1.);
#1171 = DIRECTION('',(0.,-1.,0.));
#1172 = ORIENTED_EDGE('',*,*,#1173,.T.);
#1173 = EDGE_CURVE('',#1166,#1174,#1176,.T.);
#1174 = VERTEX_POINT('',#1175);
#1175 = CARTESIAN_POINT('',(4.837691,-7.29415,1.));
#1176 = LINE('',#1177,#1178);
#1177 = CARTESIAN_POINT('',(3.980021,-7.29415,1.));
#1178 = VECTOR('',#1179,1.);
#1179 = DIRECTION('',(1.,0.,0.));
#1180 = ORIENTED_EDGE('',*,*,#1181,.T.);
#1181 = EDGE_CURVE('',#1174,#1182,#1184,.T.);
#1182 = VERTEX_POINT('',#1183);
#1183 = CARTESIAN_POINT('',(4.837691,-7.808754,1.));
#1184 = LINE('',#1185,#1186);
#1185 = CARTESIAN_POINT('',(4.837691,-7.29415,1.));
#1186 = VECTOR('',#1187,1.);
#1187 = DIRECTION('',(0.,-1.,0.));
#1188 = ORIENTED_EDGE('',*,*,#1189,.T.);
#1189 = EDGE_CURVE('',#1182,#1190,#1192,.T.);
#1190 = VERTEX_POINT('',#1191);
#1191 = CARTESIAN_POINT('',(4.,-7.808754,1.));
#1192 = LINE('',#1193,#1194);
#1193 = CARTESIAN_POINT('',(4.837691,-7.808754,1.));
#1194 = VECTOR('',#1195,1.);
#1195 = DIRECTION('',(-1.,0.,0.));
#1196 = ORIENTED_EDGE('',*,*,#1197,.T.);
#1197 = EDGE_CURVE('',#1190,#1198,#1200,.T.);
#1198 = VERTEX_POINT('',#1199);
#1199 = CARTESIAN_POINT('',(4.,-9.,1.));
#1200 = LINE('',#1201,#1202);
#1201 = CARTESIAN_POINT('',(4.,5.,1.));
#1202 = VECTOR('',#1203,1.);
#1203 = DIRECTION('',(0.,-1.,0.));
#1204 = ORIENTED_EDGE('',*,*,#1205,.T.);
#1205 = EDGE_CURVE('',#1198,#1206,#1208,.T.);
#1206 = VERTEX_POINT('',#1207);
#1207 = CARTESIAN_POINT('',(-4.,-9.,1.));
#1208 = LINE('',#1209,#1210);
#1209 = CARTESIAN_POINT('',(4.,-9.,1.));
#1210 = VECTOR('',#1211,1.);
#1211 = DIRECTION('',(-1.,0.,0.));
#1212 = ORIENTED_EDGE('',*,*,#1213,.T.);
#1213 = EDGE_CURVE('',#1206,#1214,#1216,.T.);
#1214 = VERTEX_POINT('',#1215);
#1215 = CARTESIAN_POINT('',(-4.,-8.030337,1.));
#1216 = LINE('',#1217,#1218);
#1217 = CARTESIAN_POINT('',(-4.,-9.,1.));
#1218 = VECTOR('',#1219,1.);
#1219 = DIRECTION('',(0.,1.,0.));
#1220 = ORIENTED_EDGE('',*,*,#1221,.T.);
#1221 = EDGE_CURVE('',#1214,#1222,#1224,.T.);
#1222 = VERTEX_POINT('',#1223);
#1223 = CARTESIAN_POINT('',(-5.218666,-8.030337,1.));
#1224 = LINE('',#1225,#1226);
#1225 = CARTESIAN_POINT('',(-3.86224,-8.030337,1.));
#1226 = VECTOR('',#1227,1.);
#1227 = DIRECTION('',(-1.,0.,0.));
#1228 = ORIENTED_EDGE('',*,*,#1229,.T.);
#1229 = EDGE_CURVE('',#1222,#1230,#1232,.T.);
#1230 = VERTEX_POINT('',#1231);
#1231 = CARTESIAN_POINT('',(-5.218666,-7.368665,1.));
#1232 = LINE('',#1233,#1234);
#1233 = CARTESIAN_POINT('',(-5.218666,-8.030337,1.));
#1234 = VECTOR('',#1235,1.);
#1235 = DIRECTION('',(0.,1.,0.));
#1236 = ORIENTED_EDGE('',*,*,#1237,.T.);
#1237 = EDGE_CURVE('',#1230,#1238,#1240,.T.);
#1238 = VERTEX_POINT('',#1239);
#1239 = CARTESIAN_POINT('',(-4.,-7.368665,1.));
#1240 = LINE('',#1241,#1242);
#1241 = CARTESIAN_POINT('',(-5.218666,-7.368665,1.));
#1242 = VECTOR('',#1243,1.);
#1243 = DIRECTION('',(1.,0.,0.));
#1244 = ORIENTED_EDGE('',*,*,#1245,.T.);
#1245 = EDGE_CURVE('',#1238,#1246,#1248,.T.);
#1246 = VERTEX_POINT('',#1247);
#1247 = CARTESIAN_POINT('',(-4.,-6.697003666667,1.));
#1248 = LINE('',#1249,#1250);
#1249 = CARTESIAN_POINT('',(-4.,-9.,1.));
#1250 = VECTOR('',#1251,1.);
#1251 = DIRECTION('',(0.,1.,0.));
#1252 = ORIENTED_EDGE('',*,*,#1253,.T.);
#1253 = EDGE_CURVE('',#1246,#1254,#1256,.T.);
#1254 = VERTEX_POINT('',#1255);
#1255 = CARTESIAN_POINT('',(-5.218666,-6.697003666667,1.));
#1256 = LINE('',#1257,#1258);
#1257 = CARTESIAN_POINT('',(-3.86224,-6.697003666667,1.));
#1258 = VECTOR('',#1259,1.);
#1259 = DIRECTION('',(-1.,0.,0.));
#1260 = ORIENTED_EDGE('',*,*,#1261,.T.);
#1261 = EDGE_CURVE('',#1254,#1262,#1264,.T.);
#1262 = VERTEX_POINT('',#1263);
#1263 = CARTESIAN_POINT('',(-5.218666,-6.035331666667,1.));
#1264 = LINE('',#1265,#1266);
#1265 = CARTESIAN_POINT('',(-5.218666,-6.697003666667,1.));
#1266 = VECTOR('',#1267,1.);
#1267 = DIRECTION('',(0.,1.,0.));
#1268 = ORIENTED_EDGE('',*,*,#1269,.T.);
#1269 = EDGE_CURVE('',#1262,#1270,#1272,.T.);
#1270 = VERTEX_POINT('',#1271);
#1271 = CARTESIAN_POINT('',(-4.,-6.035331666667,1.));
#1272 = LINE('',#1273,#1274);
#1273 = CARTESIAN_POINT('',(-5.218666,-6.035331666667,1.));
#1274 = VECTOR('',#1275,1.);
#1275 = DIRECTION('',(1.,0.,0.));
#1276 = ORIENTED_EDGE('',*,*,#1277,.T.);
#1277 = EDGE_CURVE('',#1270,#1278,#1280,.T.);
#1278 = VERTEX_POINT('',#1279);
#1279 = CARTESIAN_POINT('',(-4.,-5.363670333333,1.));
#1280 = LINE('',#1281,#1282);
#1281 = CARTESIAN_POINT('',(-4.,-9.,1.));
#1282 = VECTOR('',#1283,1.);
#1283 = DIRECTION('',(0.,1.,0.));
#1284 = ORIENTED_EDGE('',*,*,#1285,.T.);
#1285 = EDGE_CURVE('',#1278,#1286,#1288,.T.);
#1286 = VERTEX_POINT('',#1287);
#1287 = CARTESIAN_POINT('',(-5.218666,-5.363670333333,1.));
#1288 = LINE('',#1289,#1290);
#1289 = CARTESIAN_POINT('',(-3.86224,-5.363670333333,1.));
#1290 = VECTOR('',#1291,1.);
#1291 = DIRECTION('',(-1.,0.,0.));
#1292 = ORIENTED_EDGE('',*,*,#1293,.T.);
#1293 = EDGE_CURVE('',#1286,#1294,#1296,.T.);
#1294 = VERTEX_POINT('',#1295);
#1295 = CARTESIAN_POINT('',(-5.218666,-4.701998333333,1.));
#1296 = LINE('',#1297,#1298);
#1297 = CARTESIAN_POINT('',(-5.218666,-5.363670333333,1.));
#1298 = VECTOR('',#1299,1.);
#1299 = DIRECTION('',(0.,1.,0.));
#1300 = ORIENTED_EDGE('',*,*,#1301,.T.);
#1301 = EDGE_CURVE('',#1294,#1302,#1304,.T.);
#1302 = VERTEX_POINT('',#1303);
#1303 = CARTESIAN_POINT('',(-4.,-4.701998333333,1.));
#1304 = LINE('',#1305,#1306);
#1305 = CARTESIAN_POINT('',(-5.218666,-4.701998333333,1.));
#1306 = VECTOR('',#1307,1.);
#1307 = DIRECTION('',(1.,0.,0.));
#1308 = ORIENTED_EDGE('',*,*,#1309,.T.);
#1309 = EDGE_CURVE('',#1302,#1310,#1312,.T.);
#1310 = VERTEX_POINT('',#1311);
#1311 = CARTESIAN_POINT('',(-4.,-4.030337,1.));
#1312 = LINE('',#1313,#1314);
#1313 = CARTESIAN_POINT('',(-4.,-9.,1.));
#1314 = VECTOR('',#1315,1.);
#1315 = DIRECTION('',(0.,1.,0.));
#1316 = ORIENTED_EDGE('',*,*,#1317,.T.);
#1317 = EDGE_CURVE('',#1310,#1318,#1320,.T.);
#1318 = VERTEX_POINT('',#1319);
#1319 = CARTESIAN_POINT('',(-5.218666,-4.030337,1.));
#1320 = LINE('',#1321,#1322);
#1321 = CARTESIAN_POINT('',(-3.86224,-4.030337,1.));
#1322 = VECTOR('',#1323,1.);
#1323 = DIRECTION('',(-1.,0.,0.));
#1324 = ORIENTED_EDGE('',*,*,#1325,.T.);
#1325 = EDGE_CURVE('',#1318,#1326,#1328,.T.);
#1326 = VERTEX_POINT('',#1327);
#1327 = CARTESIAN_POINT('',(-5.218666,-3.368665,1.));
#1328 = LINE('',#1329,#1330);
#1329 = CARTESIAN_POINT('',(-5.218666,-4.030337,1.));
#1330 = VECTOR('',#1331,1.);
#1331 = DIRECTION('',(0.,1.,0.));
#1332 = ORIENTED_EDGE('',*,*,#1333,.T.);
#1333 = EDGE_CURVE('',#1326,#1334,#1336,.T.);
#1334 = VERTEX_POINT('',#1335);
#1335 = CARTESIAN_POINT('',(-4.,-3.368665,1.));
#1336 = LINE('',#1337,#1338);
#1337 = CARTESIAN_POINT('',(-5.218666,-3.368665,1.));
#1338 = VECTOR('',#1339,1.);
#1339 = DIRECTION('',(1.,0.,0.));
#1340 = ORIENTED_EDGE('',*,*,#1341,.T.);
#1341 = EDGE_CURVE('',#1334,#1342,#1344,.T.);
#1342 = VERTEX_POINT('',#1343);
#1343 = CARTESIAN_POINT('',(-4.,-2.697003666667,1.));
#1344 = LINE('',#1345,#1346);
#1345 = CARTESIAN_POINT('',(-4.,-9.,1.));
#1346 = VECTOR('',#1347,1.);
#1347 = DIRECTION('',(0.,1.,0.));
#1348 = ORIENTED_EDGE('',*,*,#1349,.T.);
#1349 = EDGE_CURVE('',#1342,#1350,#1352,.T.);
#1350 = VERTEX_POINT('',#1351);
#1351 = CARTESIAN_POINT('',(-5.218666,-2.697003666667,1.));
#1352 = LINE('',#1353,#1354);
#1353 = CARTESIAN_POINT('',(-3.86224,-2.697003666667,1.));
#1354 = VECTOR('',#1355,1.);
#1355 = DIRECTION('',(-1.,0.,0.));
#1356 = ORIENTED_EDGE('',*,*,#1357,.T.);
#1357 = EDGE_CURVE('',#1350,#1358,#1360,.T.);
#1358 = VERTEX_POINT('',#1359);
#1359 = CARTESIAN_POINT('',(-5.218666,-2.035331666667,1.));
#1360 = LINE('',#1361,#1362);
#1361 = CARTESIAN_POINT('',(-5.218666,-2.697003666667,1.));
#1362 = VECTOR('',#1363,1.);
#1363 = DIRECTION('',(0.,1.,0.));
#1364 = ORIENTED_EDGE('',*,*,#1365,.T.);
#1365 = EDGE_CURVE('',#1358,#1366,#1368,.T.);
#1366 = VERTEX_POINT('',#1367);
#1367 = CARTESIAN_POINT('',(-4.,-2.035331666667,1.));
#1368 = LINE('',#1369,#1370);
#1369 = CARTESIAN_POINT('',(-5.218666,-2.035331666667,1.));
#1370 = VECTOR('',#1371,1.);
#1371 = DIRECTION('',(1.,0.,0.));
#1372 = ORIENTED_EDGE('',*,*,#1373,.T.);
#1373 = EDGE_CURVE('',#1366,#1374,#1376,.T.);
#1374 = VERTEX_POINT('',#1375);
#1375 = CARTESIAN_POINT('',(-4.,-1.363670333333,1.));
#1376 = LINE('',#1377,#1378);
#1377 = CARTESIAN_POINT('',(-4.,-9.,1.));
#1378 = VECTOR('',#1379,1.);
#1379 = DIRECTION('',(0.,1.,0.));
#1380 = ORIENTED_EDGE('',*,*,#1381,.T.);
#1381 = EDGE_CURVE('',#1374,#1382,#1384,.T.);
#1382 = VERTEX_POINT('',#1383);
#1383 = CARTESIAN_POINT('',(-5.218666,-1.363670333333,1.));
#1384 = LINE('',#1385,#1386);
#1385 = CARTESIAN_POINT('',(-3.86224,-1.363670333333,1.));
#1386 = VECTOR('',#1387,1.);
#1387 = DIRECTION('',(-1.,0.,0.));
#1388 = ORIENTED_EDGE('',*,*,#1389,.T.);
#1389 = EDGE_CURVE('',#1382,#1390,#1392,.T.);
#1390 = VERTEX_POINT('',#1391);
#1391 = CARTESIAN_POINT('',(-5.218666,-0.701998333333,1.));
#1392 = LINE('',#1393,#1394);
#1393 = CARTESIAN_POINT('',(-5.218666,-1.363670333333,1.));
#1394 = VECTOR('',#1395,1.);
#1395 = DIRECTION('',(0.,1.,0.));
#1396 = ORIENTED_EDGE('',*,*,#1397,.T.);
#1397 = EDGE_CURVE('',#1390,#1398,#1400,.T.);
#1398 = VERTEX_POINT('',#1399);
#1399 = CARTESIAN_POINT('',(-4.,-0.701998333333,1.));
#1400 = LINE('',#1401,#1402);
#1401 = CARTESIAN_POINT('',(-5.218666,-0.701998333333,1.));
#1402 = VECTOR('',#1403,1.);
#1403 = DIRECTION('',(1.,0.,0.));
#1404 = ORIENTED_EDGE('',*,*,#1405,.T.);
#1405 = EDGE_CURVE('',#1398,#1406,#1408,.T.);
#1406 = VERTEX_POINT('',#1407);
#1407 = CARTESIAN_POINT('',(-4.,-3.0337E-02,1.));
#1408 = LINE('',#1409,#1410);
#1409 = CARTESIAN_POINT('',(-4.,-9.,1.));
#1410 = VECTOR('',#1411,1.);
#1411 = DIRECTION('',(0.,1.,0.));
#1412 = ORIENTED_EDGE('',*,*,#1413,.T.);
#1413 = EDGE_CURVE('',#1406,#1414,#1416,.T.);
#1414 = VERTEX_POINT('',#1415);
#1415 = CARTESIAN_POINT('',(-5.218666,-3.0337E-02,1.));
#1416 = LINE('',#1417,#1418);
#1417 = CARTESIAN_POINT('',(-3.86224,-3.0337E-02,1.));
#1418 = VECTOR('',#1419,1.);
#1419 = DIRECTION('',(-1.,0.,0.));
#1420 = ORIENTED_EDGE('',*,*,#1421,.T.);
#1421 = EDGE_CURVE('',#1414,#1422,#1424,.T.);
#1422 = VERTEX_POINT('',#1423);
#1423 = CARTESIAN_POINT('',(-5.218666,0.631335,1.));
#1424 = LINE('',#1425,#1426);
#1425 = CARTESIAN_POINT('',(-5.218666,-3.0337E-02,1.));
#1426 = VECTOR('',#1427,1.);
#1427 = DIRECTION('',(0.,1.,0.));
#1428 = ORIENTED_EDGE('',*,*,#1429,.T.);
#1429 = EDGE_CURVE('',#1422,#1430,#1432,.T.);
#1430 = VERTEX_POINT('',#1431);
#1431 = CARTESIAN_POINT('',(-4.,0.631335,1.));
#1432 = LINE('',#1433,#1434);
#1433 = CARTESIAN_POINT('',(-5.218666,0.631335,1.));
#1434 = VECTOR('',#1435,1.);
#1435 = DIRECTION('',(1.,0.,0.));
#1436 = ORIENTED_EDGE('',*,*,#1437,.T.);
#1437 = EDGE_CURVE('',#1430,#1438,#1440,.T.);
#1438 = VERTEX_POINT('',#1439);
#1439 = CARTESIAN_POINT('',(-4.,1.302996333333,1.));
#1440 = LINE('',#1441,#1442);
#1441 = CARTESIAN_POINT('',(-4.,-9.,1.));
#1442 = VECTOR('',#1443,1.);
#1443 = DIRECTION('',(0.,1.,0.));
#1444 = ORIENTED_EDGE('',*,*,#1445,.T.);
#1445 = EDGE_CURVE('',#1438,#1446,#1448,.T.);
#1446 = VERTEX_POINT('',#1447);
#1447 = CARTESIAN_POINT('',(-5.218666,1.302996333333,1.));
#1448 = LINE('',#1449,#1450);
#1449 = CARTESIAN_POINT('',(-3.86224,1.302996333333,1.));
#1450 = VECTOR('',#1451,1.);
#1451 = DIRECTION('',(-1.,0.,0.));
#1452 = ORIENTED_EDGE('',*,*,#1453,.T.);
#1453 = EDGE_CURVE('',#1446,#1454,#1456,.T.);
#1454 = VERTEX_POINT('',#1455);
#1455 = CARTESIAN_POINT('',(-5.218666,1.964668333333,1.));
#1456 = LINE('',#1457,#1458);
#1457 = CARTESIAN_POINT('',(-5.218666,1.302996333333,1.));
#1458 = VECTOR('',#1459,1.);
#1459 = DIRECTION('',(0.,1.,0.));
#1460 = ORIENTED_EDGE('',*,*,#1461,.T.);
#1461 = EDGE_CURVE('',#1454,#1462,#1464,.T.);
#1462 = VERTEX_POINT('',#1463);
#1463 = CARTESIAN_POINT('',(-4.,1.964668333333,1.));
#1464 = LINE('',#1465,#1466);
#1465 = CARTESIAN_POINT('',(-5.218666,1.964668333333,1.));
#1466 = VECTOR('',#1467,1.);
#1467 = DIRECTION('',(1.,0.,0.));
#1468 = ORIENTED_EDGE('',*,*,#1469,.T.);
#1469 = EDGE_CURVE('',#1462,#1470,#1472,.T.);
#1470 = VERTEX_POINT('',#1471);
#1471 = CARTESIAN_POINT('',(-4.,2.636329666667,1.));
#1472 = LINE('',#1473,#1474);
#1473 = CARTESIAN_POINT('',(-4.,-9.,1.));
#1474 = VECTOR('',#1475,1.);
#1475 = DIRECTION('',(0.,1.,0.));
#1476 = ORIENTED_EDGE('',*,*,#1477,.T.);
#1477 = EDGE_CURVE('',#1470,#1478,#1480,.T.);
#1478 = VERTEX_POINT('',#1479);
#1479 = CARTESIAN_POINT('',(-5.218666,2.636329666667,1.));
#1480 = LINE('',#1481,#1482);
#1481 = CARTESIAN_POINT('',(-3.86224,2.636329666667,1.));
#1482 = VECTOR('',#1483,1.);
#1483 = DIRECTION('',(-1.,0.,0.));
#1484 = ORIENTED_EDGE('',*,*,#1485,.T.);
#1485 = EDGE_CURVE('',#1478,#1486,#1488,.T.);
#1486 = VERTEX_POINT('',#1487);
#1487 = CARTESIAN_POINT('',(-5.218666,3.298001666667,1.));
#1488 = LINE('',#1489,#1490);
#1489 = CARTESIAN_POINT('',(-5.218666,2.636329666667,1.));
#1490 = VECTOR('',#1491,1.);
#1491 = DIRECTION('',(0.,1.,0.));
#1492 = ORIENTED_EDGE('',*,*,#1493,.T.);
#1493 = EDGE_CURVE('',#1486,#1494,#1496,.T.);
#1494 = VERTEX_POINT('',#1495);
#1495 = CARTESIAN_POINT('',(-4.,3.298001666667,1.));
#1496 = LINE('',#1497,#1498);
#1497 = CARTESIAN_POINT('',(-5.218666,3.298001666667,1.));
#1498 = VECTOR('',#1499,1.);
#1499 = DIRECTION('',(1.,0.,0.));
#1500 = ORIENTED_EDGE('',*,*,#1501,.T.);
#1501 = EDGE_CURVE('',#1494,#1502,#1504,.T.);
#1502 = VERTEX_POINT('',#1503);
#1503 = CARTESIAN_POINT('',(-4.,3.969663,1.));
#1504 = LINE('',#1505,#1506);
#1505 = CARTESIAN_POINT('',(-4.,-9.,1.));
#1506 = VECTOR('',#1507,1.);
#1507 = DIRECTION('',(0.,1.,0.));
#1508 = ORIENTED_EDGE('',*,*,#1509,.T.);
#1509 = EDGE_CURVE('',#1502,#1510,#1512,.T.);
#1510 = VERTEX_POINT('',#1511);
#1511 = CARTESIAN_POINT('',(-5.218666,3.969663,1.));
#1512 = LINE('',#1513,#1514);
#1513 = CARTESIAN_POINT('',(-3.86224,3.969663,1.));
#1514 = VECTOR('',#1515,1.);
#1515 = DIRECTION('',(-1.,0.,0.));
#1516 = ORIENTED_EDGE('',*,*,#1517,.T.);
#1517 = EDGE_CURVE('',#1510,#1518,#1520,.T.);
#1518 = VERTEX_POINT('',#1519);
#1519 = CARTESIAN_POINT('',(-5.218666,4.631335,1.));
#1520 = LINE('',#1521,#1522);
#1521 = CARTESIAN_POINT('',(-5.218666,3.969663,1.));
#1522 = VECTOR('',#1523,1.);
#1523 = DIRECTION('',(0.,1.,0.));
#1524 = ORIENTED_EDGE('',*,*,#1525,.T.);
#1525 = EDGE_CURVE('',#1518,#860,#1526,.T.);
#1526 = LINE('',#1527,#1528);
#1527 = CARTESIAN_POINT('',(-5.218666,4.631335,1.));
#1528 = VECTOR('',#1529,1.);
#1529 = DIRECTION('',(1.,0.,0.));
#1530 = FACE_BOUND('',#1531,.T.);
#1531 = EDGE_LOOP('',(#1532));
#1532 = ORIENTED_EDGE('',*,*,#1533,.F.);
#1533 = EDGE_CURVE('',#1534,#1534,#1536,.T.);
#1534 = VERTEX_POINT('',#1535);
#1535 = CARTESIAN_POINT('',(10.75,-2.5,1.));
#1536 = CIRCLE('',#1537,2.25);
#1537 = AXIS2_PLACEMENT_3D('',#1538,#1539,#1540);
#1538 = CARTESIAN_POINT('',(8.5,-2.5,1.));
#1539 = DIRECTION('',(0.,0.,1.));
#1540 = DIRECTION('',(1.,0.,0.));
#1541 = FACE_BOUND('',#1542,.T.);
#1542 = EDGE_LOOP('',(#1543,#1553,#1561,#1569));
#1543 = ORIENTED_EDGE('',*,*,#1544,.T.);
#1544 = EDGE_CURVE('',#1545,#1547,#1549,.T.);
#1545 = VERTEX_POINT('',#1546);
#1546 = CARTESIAN_POINT('',(-14.25,9.,1.));
#1547 = VERTEX_POINT('',#1548);
#1548 = CARTESIAN_POINT('',(-14.25,14.5,1.));
#1549 = LINE('',#1550,#1551);
#1550 = CARTESIAN_POINT('',(-14.25,9.,1.));
#1551 = VECTOR('',#1552,1.);
#1552 = DIRECTION('',(0.,1.,0.));
#1553 = ORIENTED_EDGE('',*,*,#1554,.T.);
#1554 = EDGE_CURVE('',#1547,#1555,#1557,.T.);
#1555 = VERTEX_POINT('',#1556);
#1556 = CARTESIAN_POINT('',(-9.,14.5,1.));
#1557 = LINE('',#1558,#1559);
#1558 = CARTESIAN_POINT('',(-14.25,14.5,1.));
#1559 = VECTOR('',#1560,1.);
#1560 = DIRECTION('',(1.,0.,0.));
#1561 = ORIENTED_EDGE('',*,*,#1562,.T.);
#1562 = EDGE_CURVE('',#1555,#1563,#1565,.T.);
#1563 = VERTEX_POINT('',#1564);
#1564 = CARTESIAN_POINT('',(-9.,9.,1.));
#1565 = LINE('',#1566,#1567);
#1566 = CARTESIAN_POINT('',(-9.,14.5,1.));
#1567 = VECTOR('',#1568,1.);
#1568 = DIRECTION('',(0.,-1.,0.));
#1569 = ORIENTED_EDGE('',*,*,#1570,.T.);
#1570 = EDGE_CURVE('',#1563,#1545,#1571,.T.);
#1571 = LINE('',#1572,#1573);
#1572 = CARTESIAN_POINT('',(-9.,9.,1.));
#1573 = VECTOR('',#1574,1.);
#1574 = DIRECTION('',(-1.,0.,0.));
#1575 = FACE_BOUND('',#1576,.T.);
#1576 = EDGE_LOOP('',(#1577,#1587,#1595,#1603));
#1577 = ORIENTED_EDGE('',*,*,#1578,.T.);
#1578 = EDGE_CURVE('',#1579,#1581,#1583,.T.);
#1579 = VERTEX_POINT('',#1580);
#1580 = CARTESIAN_POINT('',(5.,1.,1.));
#1581 = VERTEX_POINT('',#1582);
#1582 = CARTESIAN_POINT('',(5.,14.,1.));
#1583 = LINE('',#1584,#1585);
#1584 = CARTESIAN_POINT('',(5.,1.,1.));
#1585 = VECTOR('',#1586,1.);
#1586 = DIRECTION('',(0.,1.,0.));
#1587 = ORIENTED_EDGE('',*,*,#1588,.T.);
#1588 = EDGE_CURVE('',#1581,#1589,#1591,.T.);
#1589 = VERTEX_POINT('',#1590);
#1590 = CARTESIAN_POINT('',(12.,14.,1.));
#1591 = LINE('',#1592,#1593);
#1592 = CARTESIAN_POINT('',(5.,14.,1.));
#1593 = VECTOR('',#1594,1.);
#1594 = DIRECTION('',(1.,0.,0.));
#1595 = ORIENTED_EDGE('',*,*,#1596,.T.);
#1596 = EDGE_CURVE('',#1589,#1597,#1599,.T.);
#1597 = VERTEX_POINT('',#1598);
#1598 = CARTESIAN_POINT('',(12.,1.,1.));
#1599 = LINE('',#1600,#1601);
#1600 = CARTESIAN_POINT('',(12.,14.,1.));
#1601 = VECTOR('',#1602,1.);
#1602 = DIRECTION('',(0.,-1.,0.));
#1603 = ORIENTED_EDGE('',*,*,#1604,.T.);
#1604 = EDGE_CURVE('',#1597,#1579,#1605,.T.);
#1605 = LINE('',#1606,#1607);
#1606 = CARTESIAN_POINT('',(12.,1.,1.));
#1607 = VECTOR('',#1608,1.);
#1608 = DIRECTION('',(-1.,0.,0.));
#1609 = FACE_BOUND('',#1610,.T.);
#1610 = EDGE_LOOP('',(#1611));
#1611 = ORIENTED_EDGE('',*,*,#1612,.F.);
#1612 = EDGE_CURVE('',#1613,#1613,#1615,.T.);
#1613 = VERTEX_POINT('',#1614);
#1614 = CARTESIAN_POINT('',(0.921936,8.,1.));
#1615 = CIRCLE('',#1616,0.921936);
#1616 = AXIS2_PLACEMENT_3D('',#1617,#1618,#1619);
#1617 = CARTESIAN_POINT('',(0.,8.,1.));
#1618 = DIRECTION('',(0.,0.,1.));
#1619 = DIRECTION('',(1.,0.,0.));
#1620 = PLANE('',#1621);
#1621 = AXIS2_PLACEMENT_3D('',#1622,#1623,#1624);
#1622 = CARTESIAN_POINT('',(1.42E-15,1.89E-15,1.));
#1623 = DIRECTION('',(0.,0.,1.));
#1624 = DIRECTION('',(1.,0.,0.));
#1625 = ADVANCED_FACE('',(#1626),#1629,.T.);
#1626 = FACE_BOUND('',#1627,.T.);
#1627 = EDGE_LOOP('',(#1628));
#1628 = ORIENTED_EDGE('',*,*,#64,.T.);
#1629 = PLANE('',#1630);
#1630 = AXIS2_PLACEMENT_3D('',#1631,#1632,#1633);
#1631 = CARTESIAN_POINT('',(8.82,-8.,5.));
#1632 = DIRECTION('',(0.,0.,1.));
#1633 = DIRECTION('',(1.,0.,0.));
#1634 = ADVANCED_FACE('',(#1635),#1660,.T.);
#1635 = FACE_BOUND('',#1636,.T.);
#1636 = EDGE_LOOP('',(#1637,#1645,#1646,#1654));
#1637 = ORIENTED_EDGE('',*,*,#1638,.T.);
#1638 = EDGE_CURVE('',#1639,#80,#1641,.T.);
#1639 = VERTEX_POINT('',#1640);
#1640 = CARTESIAN_POINT('',(-15.,15.,0.));
#1641 = LINE('',#1642,#1643);
#1642 = CARTESIAN_POINT('',(-15.,15.,0.));
#1643 = VECTOR('',#1644,1.);
#1644 = DIRECTION('',(0.,0.,1.));
#1645 = ORIENTED_EDGE('',*,*,#79,.T.);
#1646 = ORIENTED_EDGE('',*,*,#1647,.F.);
#1647 = EDGE_CURVE('',#1648,#82,#1650,.T.);
#1648 = VERTEX_POINT('',#1649);
#1649 = CARTESIAN_POINT('',(15.,15.,0.));
#1650 = LINE('',#1651,#1652);
#1651 = CARTESIAN_POINT('',(15.,15.,0.));
#1652 = VECTOR('',#1653,1.);
#1653 = DIRECTION('',(0.,0.,1.));
#1654 = ORIENTED_EDGE('',*,*,#1655,.F.);
#1655 = EDGE_CURVE('',#1639,#1648,#1656,.T.);
#1656 = LINE('',#1657,#1658);
#1657 = CARTESIAN_POINT('',(-15.,15.,0.));
#1658 = VECTOR('',#1659,1.);
#1659 = DIRECTION('',(1.,0.,0.));
#1660 = PLANE('',#1661);
#1661 = AXIS2_PLACEMENT_3D('',#1662,#1663,#1664);
#1662 = CARTESIAN_POINT('',(-15.,15.,0.));
#1663 = DIRECTION('',(0.,1.,0.));
#1664 = DIRECTION('',(1.,0.,0.));
#1665 = ADVANCED_FACE('',(#1666),#1684,.T.);
#1666 = FACE_BOUND('',#1667,.T.);
#1667 = EDGE_LOOP('',(#1668,#1676,#1677,#1678));
#1668 = ORIENTED_EDGE('',*,*,#1669,.T.);
#1669 = EDGE_CURVE('',#1670,#90,#1672,.T.);
#1670 = VERTEX_POINT('',#1671);
#1671 = CARTESIAN_POINT('',(-15.,-15.,0.));
#1672 = LINE('',#1673,#1674);
#1673 = CARTESIAN_POINT('',(-15.,-15.,0.));
#1674 = VECTOR('',#1675,1.);
#1675 = DIRECTION('',(0.,0.,1.));
#1676 = ORIENTED_EDGE('',*,*,#89,.T.);
#1677 = ORIENTED_EDGE('',*,*,#1638,.F.);
#1678 = ORIENTED_EDGE('',*,*,#1679,.F.);
#1679 = EDGE_CURVE('',#1670,#1639,#1680,.T.);
#1680 = LINE('',#1681,#1682);
#1681 = CARTESIAN_POINT('',(-15.,-15.,0.));
#1682 = VECTOR('',#1683,1.);
#1683 = DIRECTION('',(0.,1.,0.));
#1684 = PLANE('',#1685);
#1685 = AXIS2_PLACEMENT_3D('',#1686,#1687,#1688);
#1686 = CARTESIAN_POINT('',(-15.,-15.,0.));
#1687 = DIRECTION('',(-1.,0.,0.));
#1688 = DIRECTION('',(0.,1.,0.));
#1689 = ADVANCED_FACE('',(#1690),#1708,.T.);
#1690 = FACE_BOUND('',#1691,.T.);
#1691 = EDGE_LOOP('',(#1692,#1693,#1694,#1702));
#1692 = ORIENTED_EDGE('',*,*,#1647,.T.);
#1693 = ORIENTED_EDGE('',*,*,#105,.T.);
#1694 = ORIENTED_EDGE('',*,*,#1695,.F.);
#1695 = EDGE_CURVE('',#1696,#98,#1698,.T.);
#1696 = VERTEX_POINT('',#1697);
#1697 = CARTESIAN_POINT('',(15.,-15.,0.));
#1698 = LINE('',#1699,#1700);
#1699 = CARTESIAN_POINT('',(15.,-15.,0.));
#1700 = VECTOR('',#1701,1.);
#1701 = DIRECTION('',(0.,0.,1.));
#1702 = ORIENTED_EDGE('',*,*,#1703,.F.);
#1703 = EDGE_CURVE('',#1648,#1696,#1704,.T.);
#1704 = LINE('',#1705,#1706);
#1705 = CARTESIAN_POINT('',(15.,15.,0.));
#1706 = VECTOR('',#1707,1.);
#1707 = DIRECTION('',(0.,-1.,0.));
#1708 = PLANE('',#1709);
#1709 = AXIS2_PLACEMENT_3D('',#1710,#1711,#1712);
#1710 = CARTESIAN_POINT('',(15.,15.,0.));
#1711 = DIRECTION('',(1.,0.,0.));
#1712 = DIRECTION('',(0.,-1.,0.));
#1713 = ADVANCED_FACE('',(#1714),#1725,.T.);
#1714 = FACE_BOUND('',#1715,.T.);
#1715 = EDGE_LOOP('',(#1716,#1717,#1718,#1719));
#1716 = ORIENTED_EDGE('',*,*,#1695,.T.);
#1717 = ORIENTED_EDGE('',*,*,#97,.T.);
#1718 = ORIENTED_EDGE('',*,*,#1669,.F.);
#1719 = ORIENTED_EDGE('',*,*,#1720,.F.);
#1720 = EDGE_CURVE('',#1696,#1670,#1721,.T.);
#1721 = LINE('',#1722,#1723);
#1722 = CARTESIAN_POINT('',(15.,-15.,0.));
#1723 = VECTOR('',#1724,1.);
#1724 = DIRECTION('',(-1.,0.,0.));
#1725 = PLANE('',#1726);
#1726 = AXIS2_PLACEMENT_3D('',#1727,#1728,#1729);
#1727 = CARTESIAN_POINT('',(15.,-15.,0.));
#1728 = DIRECTION('',(0.,-1.,0.));
#1729 = DIRECTION('',(-1.,0.,0.));
#1730 = ADVANCED_FACE('',(#1731),#1750,.F.);
#1731 = FACE_BOUND('',#1732,.F.);
#1732 = EDGE_LOOP('',(#1733,#1734,#1742,#1749));
#1733 = ORIENTED_EDGE('',*,*,#113,.F.);
#1734 = ORIENTED_EDGE('',*,*,#1735,.T.);
#1735 = EDGE_CURVE('',#114,#1736,#1738,.T.);
#1736 = VERTEX_POINT('',#1737);
#1737 = CARTESIAN_POINT('',(-11.195728,-12.25,0.));
#1738 = LINE('',#1739,#1740);
#1739 = CARTESIAN_POINT('',(-11.195728,-12.25,1.));
#1740 = VECTOR('',#1741,1.);
#1741 = DIRECTION('',(-0.,-0.,-1.));
#1742 = ORIENTED_EDGE('',*,*,#1743,.T.);
#1743 = EDGE_CURVE('',#1736,#1736,#1744,.T.);
#1744 = CIRCLE('',#1745,1.054272);
#1745 = AXIS2_PLACEMENT_3D('',#1746,#1747,#1748);
#1746 = CARTESIAN_POINT('',(-12.25,-12.25,0.));
#1747 = DIRECTION('',(0.,0.,1.));
#1748 = DIRECTION('',(1.,0.,0.));
#1749 = ORIENTED_EDGE('',*,*,#1735,.F.);
#1750 = CYLINDRICAL_SURFACE('',#1751,1.054272);
#1751 = AXIS2_PLACEMENT_3D('',#1752,#1753,#1754);
#1752 = CARTESIAN_POINT('',(-12.25,-12.25,1.));
#1753 = DIRECTION('',(0.,0.,1.));
#1754 = DIRECTION('',(1.,0.,0.));
#1755 = ADVANCED_FACE('',(#1756),#1781,.T.);
#1756 = FACE_BOUND('',#1757,.T.);
#1757 = EDGE_LOOP('',(#1758,#1766,#1774,#1780));
#1758 = ORIENTED_EDGE('',*,*,#1759,.T.);
#1759 = EDGE_CURVE('',#125,#1760,#1762,.T.);
#1760 = VERTEX_POINT('',#1761);
#1761 = CARTESIAN_POINT('',(-6.465361702128,-13.48000009106,0.9));
#1762 = LINE('',#1763,#1764);
#1763 = CARTESIAN_POINT('',(-6.465361702128,-13.48000009106,1.));
#1764 = VECTOR('',#1765,1.);
#1765 = DIRECTION('',(7.11E-15,-9.948E-14,-1.));
#1766 = ORIENTED_EDGE('',*,*,#1767,.T.);
#1767 = EDGE_CURVE('',#1760,#1768,#1770,.T.);
#1768 = VERTEX_POINT('',#1769);
#1769 = CARTESIAN_POINT('',(-6.709106382979,-13.48000000389,0.9));
#1770 = LINE('',#1771,#1772);
#1771 = CARTESIAN_POINT('',(-6.465361702128,-13.48000009106,0.9));
#1772 = VECTOR('',#1773,1.);
#1773 = DIRECTION('',(-1.,3.57627869E-07,-7.E-15));
#1774 = ORIENTED_EDGE('',*,*,#1775,.F.);
#1775 = EDGE_CURVE('',#127,#1768,#1776,.T.);
#1776 = LINE('',#1777,#1778);
#1777 = CARTESIAN_POINT('',(-6.709106382979,-13.48000000389,1.));
#1778 = VECTOR('',#1779,1.);
#1779 = DIRECTION('',(7.11E-15,-9.948E-14,-1.));
#1780 = ORIENTED_EDGE('',*,*,#124,.F.);
#1781 = PLANE('',#1782);
#1782 = AXIS2_PLACEMENT_3D('',#1783,#1784,#1785);
#1783 = CARTESIAN_POINT('',(-6.465361702128,-13.48000009106,1.));
#1784 = DIRECTION('',(3.5762786865E-07,1.,-9.948E-14));
#1785 = DIRECTION('',(-1.,3.5762786865E-07,-7.11E-15));
#1786 = ADVANCED_FACE('',(#1787),#1805,.T.);
#1787 = FACE_BOUND('',#1788,.T.);
#1788 = EDGE_LOOP('',(#1789,#1797,#1803,#1804));
#1789 = ORIENTED_EDGE('',*,*,#1790,.T.);
#1790 = EDGE_CURVE('',#239,#1791,#1793,.T.);
#1791 = VERTEX_POINT('',#1792);
#1792 = CARTESIAN_POINT('',(-6.077276363119,-12.82953214474,0.9));
#1793 = LINE('',#1794,#1795);
#1794 = CARTESIAN_POINT('',(-6.077276363119,-12.82953214474,1.));
#1795 = VECTOR('',#1796,1.);
#1796 = DIRECTION('',(7.11E-15,-9.948E-14,-1.));
#1797 = ORIENTED_EDGE('',*,*,#1798,.T.);
#1798 = EDGE_CURVE('',#1791,#1760,#1799,.T.);
#1799 = LINE('',#1800,#1801);
#1800 = CARTESIAN_POINT('',(-6.077276363119,-12.82953214474,0.9));
#1801 = VECTOR('',#1802,1.);
#1802 = DIRECTION('',(-0.512362933419,-0.858769016941,8.143161243338E-14
    ));
#1803 = ORIENTED_EDGE('',*,*,#1759,.F.);
#1804 = ORIENTED_EDGE('',*,*,#246,.F.);
#1805 = PLANE('',#1806);
#1806 = AXIS2_PLACEMENT_3D('',#1807,#1808,#1809);
#1807 = CARTESIAN_POINT('',(-6.077276363119,-12.82953214474,1.));
#1808 = DIRECTION('',(-0.858769016941,0.512362933419,-5.707E-14));
#1809 = DIRECTION('',(-0.512362933419,-0.858769016941,8.179E-14));
#1810 = ADVANCED_FACE('',(#1811),#1829,.T.);
#1811 = FACE_BOUND('',#1812,.T.);
#1812 = EDGE_LOOP('',(#1813,#1821,#1827,#1828));
#1813 = ORIENTED_EDGE('',*,*,#1814,.T.);
#1814 = EDGE_CURVE('',#231,#1815,#1817,.T.);
#1815 = VERTEX_POINT('',#1816);
#1816 = CARTESIAN_POINT('',(-6.005786951014,-12.6885960001,0.9));
#1817 = LINE('',#1818,#1819);
#1818 = CARTESIAN_POINT('',(-6.005786951014,-12.6885960001,1.));
#1819 = VECTOR('',#1820,1.);
#1820 = DIRECTION('',(7.11E-15,-9.948E-14,-1.));
#1821 = ORIENTED_EDGE('',*,*,#1822,.T.);
#1822 = EDGE_CURVE('',#1815,#1791,#1823,.T.);
#1823 = B_SPLINE_CURVE_WITH_KNOTS('',2,(#1824,#1825,#1826),
  .UNSPECIFIED.,.F.,.F.,(3,3),(0.,1.),.PIECEWISE_BEZIER_KNOTS.);
#1824 = CARTESIAN_POINT('',(-6.005786951014,-12.6885960001,0.9));
#1825 = CARTESIAN_POINT('',(-6.054723158116,-12.79174491877,0.9));
#1826 = CARTESIAN_POINT('',(-6.077276363119,-12.82953214474,0.9));
#1827 = ORIENTED_EDGE('',*,*,#1790,.F.);
#1828 = ORIENTED_EDGE('',*,*,#238,.F.);
#1829 = SURFACE_OF_LINEAR_EXTRUSION('',#1830,#1834);
#1830 = B_SPLINE_CURVE_WITH_KNOTS('',2,(#1831,#1832,#1833),
  .UNSPECIFIED.,.F.,.F.,(3,3),(0.,1.),.PIECEWISE_BEZIER_KNOTS.);
#1831 = CARTESIAN_POINT('',(-6.005786951014,-12.6885960001,1.));
#1832 = CARTESIAN_POINT('',(-6.054723158116,-12.79174491877,1.));
#1833 = CARTESIAN_POINT('',(-6.077276363119,-12.82953214474,1.));
#1834 = VECTOR('',#1835,1.);
#1835 = DIRECTION('',(-7.11E-15,9.948E-14,1.));
#1836 = ADVANCED_FACE('',(#1837),#1855,.T.);
#1837 = FACE_BOUND('',#1838,.T.);
#1838 = EDGE_LOOP('',(#1839,#1847,#1853,#1854));
#1839 = ORIENTED_EDGE('',*,*,#1840,.T.);
#1840 = EDGE_CURVE('',#223,#1841,#1843,.T.);
#1841 = VERTEX_POINT('',#1842);
#1842 = CARTESIAN_POINT('',(-5.94034018685,-12.8125960235,0.9));
#1843 = LINE('',#1844,#1845);
#1844 = CARTESIAN_POINT('',(-5.94034018685,-12.8125960235,1.));
#1845 = VECTOR('',#1846,1.);
#1846 = DIRECTION('',(7.11E-15,-9.948E-14,-1.));
#1847 = ORIENTED_EDGE('',*,*,#1848,.T.);
#1848 = EDGE_CURVE('',#1841,#1815,#1849,.T.);
#1849 = B_SPLINE_CURVE_WITH_KNOTS('',2,(#1850,#1851,#1852),
  .UNSPECIFIED.,.F.,.F.,(3,3),(0.,1.),.PIECEWISE_BEZIER_KNOTS.);
#1850 = CARTESIAN_POINT('',(-5.94034018685,-12.8125960235,0.9));
#1851 = CARTESIAN_POINT('',(-5.972765698768,-12.75668111829,0.9));
#1852 = CARTESIAN_POINT('',(-6.005786951014,-12.6885960001,0.9));
#1853 = ORIENTED_EDGE('',*,*,#1814,.F.);
#1854 = ORIENTED_EDGE('',*,*,#230,.F.);
#1855 = SURFACE_OF_LINEAR_EXTRUSION('',#1856,#1860);
#1856 = B_SPLINE_CURVE_WITH_KNOTS('',2,(#1857,#1858,#1859),
  .UNSPECIFIED.,.F.,.F.,(3,3),(0.,1.),.PIECEWISE_BEZIER_KNOTS.);
#1857 = CARTESIAN_POINT('',(-5.94034018685,-12.8125960235,1.));
#1858 = CARTESIAN_POINT('',(-5.972765698768,-12.75668111829,1.));
#1859 = CARTESIAN_POINT('',(-6.005786951014,-12.6885960001,1.));
#1860 = VECTOR('',#1861,1.);
#1861 = DIRECTION('',(-7.11E-15,9.948E-14,1.));
#1862 = ADVANCED_FACE('',(#1863),#1881,.T.);
#1863 = FACE_BOUND('',#1864,.T.);
#1864 = EDGE_LOOP('',(#1865,#1873,#1879,#1880));
#1865 = ORIENTED_EDGE('',*,*,#1866,.T.);
#1866 = EDGE_CURVE('',#215,#1867,#1869,.T.);
#1867 = VERTEX_POINT('',#1868);
#1868 = CARTESIAN_POINT('',(-5.554212765958,-13.48000041691,0.9));
#1869 = LINE('',#1870,#1871);
#1870 = CARTESIAN_POINT('',(-5.554212765958,-13.48000041691,1.));
#1871 = VECTOR('',#1872,1.);
#1872 = DIRECTION('',(7.11E-15,-9.948E-14,-1.));
#1873 = ORIENTED_EDGE('',*,*,#1874,.T.);
#1874 = EDGE_CURVE('',#1867,#1841,#1875,.T.);
#1875 = LINE('',#1876,#1877);
#1876 = CARTESIAN_POINT('',(-5.554212765958,-13.48000041691,0.9));
#1877 = VECTOR('',#1878,1.);
#1878 = DIRECTION('',(-0.500779232736,0.865575045886,-8.919736860853E-14
    ));
#1879 = ORIENTED_EDGE('',*,*,#1840,.F.);
#1880 = ORIENTED_EDGE('',*,*,#222,.F.);
#1881 = PLANE('',#1882);
#1882 = AXIS2_PLACEMENT_3D('',#1883,#1884,#1885);
#1883 = CARTESIAN_POINT('',(-5.554212765958,-13.48000041691,1.));
#1884 = DIRECTION('',(0.865575045886,0.500779232736,-4.367E-14));
#1885 = DIRECTION('',(-0.500779232736,0.865575045886,-8.966E-14));
#1886 = ADVANCED_FACE('',(#1887),#1905,.T.);
#1887 = FACE_BOUND('',#1888,.T.);
#1888 = EDGE_LOOP('',(#1889,#1897,#1903,#1904));
#1889 = ORIENTED_EDGE('',*,*,#1890,.T.);
#1890 = EDGE_CURVE('',#207,#1891,#1893,.T.);
#1891 = VERTEX_POINT('',#1892);
#1892 = CARTESIAN_POINT('',(-5.303829787234,-13.48000050646,0.9));
#1893 = LINE('',#1894,#1895);
#1894 = CARTESIAN_POINT('',(-5.303829787234,-13.48000050646,1.));
#1895 = VECTOR('',#1896,1.);
#1896 = DIRECTION('',(7.11E-15,-9.948E-14,-1.));
#1897 = ORIENTED_EDGE('',*,*,#1898,.T.);
#1898 = EDGE_CURVE('',#1891,#1867,#1899,.T.);
#1899 = LINE('',#1900,#1901);
#1900 = CARTESIAN_POINT('',(-5.303829787234,-13.48000050646,0.9));
#1901 = VECTOR('',#1902,1.);
#1902 = DIRECTION('',(-1.,3.57627869E-07,-7.E-15));
#1903 = ORIENTED_EDGE('',*,*,#1866,.F.);
#1904 = ORIENTED_EDGE('',*,*,#214,.F.);
#1905 = PLANE('',#1906);
#1906 = AXIS2_PLACEMENT_3D('',#1907,#1908,#1909);
#1907 = CARTESIAN_POINT('',(-5.303829787234,-13.48000050646,1.));
#1908 = DIRECTION('',(3.5762786865E-07,1.,-9.948E-14));
#1909 = DIRECTION('',(-1.,3.5762786865E-07,-7.11E-15));
#1910 = ADVANCED_FACE('',(#1911),#1929,.T.);
#1911 = FACE_BOUND('',#1912,.T.);
#1912 = EDGE_LOOP('',(#1913,#1921,#1927,#1928));
#1913 = ORIENTED_EDGE('',*,*,#1914,.T.);
#1914 = EDGE_CURVE('',#199,#1915,#1917,.T.);
#1915 = VERTEX_POINT('',#1916);
#1916 = CARTESIAN_POINT('',(-5.880425177544,-12.48910668323,0.9));
#1917 = LINE('',#1918,#1919);
#1918 = CARTESIAN_POINT('',(-5.880425177544,-12.48910668323,1.));
#1919 = VECTOR('',#1920,1.);
#1920 = DIRECTION('',(7.11E-15,-9.948E-14,-1.));
#1921 = ORIENTED_EDGE('',*,*,#1922,.T.);
#1922 = EDGE_CURVE('',#1915,#1891,#1923,.T.);
#1923 = LINE('',#1924,#1925);
#1924 = CARTESIAN_POINT('',(-5.880425177544,-12.48910668323,0.9));
#1925 = VECTOR('',#1926,1.);
#1926 = DIRECTION('',(0.502942679014,-0.864319768157,8.908824015756E-14)
  );
#1927 = ORIENTED_EDGE('',*,*,#1890,.F.);
#1928 = ORIENTED_EDGE('',*,*,#206,.F.);
#1929 = PLANE('',#1930);
#1930 = AXIS2_PLACEMENT_3D('',#1931,#1932,#1933);
#1931 = CARTESIAN_POINT('',(-5.880425177544,-12.48910668323,1.));
#1932 = DIRECTION('',(-0.864319768157,-0.502942679014,4.389E-14));
#1933 = DIRECTION('',(0.502942679014,-0.864319768157,8.955E-14));
#1934 = ADVANCED_FACE('',(#1935),#1953,.T.);
#1935 = FACE_BOUND('',#1936,.T.);
#1936 = EDGE_LOOP('',(#1937,#1945,#1951,#1952));
#1937 = ORIENTED_EDGE('',*,*,#1938,.T.);
#1938 = EDGE_CURVE('',#191,#1939,#1941,.T.);
#1939 = VERTEX_POINT('',#1940);
#1940 = CARTESIAN_POINT('',(-5.347403585231,-11.60629836321,0.9));
#1941 = LINE('',#1942,#1943);
#1942 = CARTESIAN_POINT('',(-5.347403585231,-11.60629836321,1.));
#1943 = VECTOR('',#1944,1.);
#1944 = DIRECTION('',(7.11E-15,-9.948E-14,-1.));
#1945 = ORIENTED_EDGE('',*,*,#1946,.T.);
#1946 = EDGE_CURVE('',#1939,#1915,#1947,.T.);
#1947 = LINE('',#1948,#1949);
#1948 = CARTESIAN_POINT('',(-5.347403585231,-11.60629836321,0.9));
#1949 = VECTOR('',#1950,1.);
#1950 = DIRECTION('',(-0.516872828595,-0.856062193453,8.113206779475E-14
    ));
#1951 = ORIENTED_EDGE('',*,*,#1914,.F.);
#1952 = ORIENTED_EDGE('',*,*,#198,.F.);
#1953 = PLANE('',#1954);
#1954 = AXIS2_PLACEMENT_3D('',#1955,#1956,#1957);
#1955 = CARTESIAN_POINT('',(-5.347403585231,-11.60629836321,1.));
#1956 = DIRECTION('',(-0.856062193453,0.516872828595,-5.75E-14));
#1957 = DIRECTION('',(-0.516872828595,-0.856062193453,8.149E-14));
#1958 = ADVANCED_FACE('',(#1959),#1977,.T.);
#1959 = FACE_BOUND('',#1960,.T.);
#1960 = EDGE_LOOP('',(#1961,#1969,#1975,#1976));
#1961 = ORIENTED_EDGE('',*,*,#1962,.T.);
#1962 = EDGE_CURVE('',#183,#1963,#1965,.T.);
#1963 = VERTEX_POINT('',#1964);
#1964 = CARTESIAN_POINT('',(-5.572084436295,-11.60629828286,0.9));
#1965 = LINE('',#1966,#1967);
#1966 = CARTESIAN_POINT('',(-5.572084436295,-11.60629828286,1.));
#1967 = VECTOR('',#1968,1.);
#1968 = DIRECTION('',(7.11E-15,-9.948E-14,-1.));
#1969 = ORIENTED_EDGE('',*,*,#1970,.T.);
#1970 = EDGE_CURVE('',#1963,#1939,#1971,.T.);
#1971 = LINE('',#1972,#1973);
#1972 = CARTESIAN_POINT('',(-5.572084436295,-11.60629828286,0.9));
#1973 = VECTOR('',#1974,1.);
#1974 = DIRECTION('',(1.,-3.57627869E-07,7.E-15));
#1975 = ORIENTED_EDGE('',*,*,#1938,.F.);
#1976 = ORIENTED_EDGE('',*,*,#190,.F.);
#1977 = PLANE('',#1978);
#1978 = AXIS2_PLACEMENT_3D('',#1979,#1980,#1981);
#1979 = CARTESIAN_POINT('',(-5.572084436295,-11.60629828286,1.));
#1980 = DIRECTION('',(-3.5762786865E-07,-1.,9.948E-14));
#1981 = DIRECTION('',(1.,-3.5762786865E-07,7.11E-15));
#1982 = ADVANCED_FACE('',(#1983),#2001,.T.);
#1983 = FACE_BOUND('',#1984,.T.);
#1984 = EDGE_LOOP('',(#1985,#1993,#1999,#2000));
#1985 = ORIENTED_EDGE('',*,*,#1986,.T.);
#1986 = EDGE_CURVE('',#175,#1987,#1989,.T.);
#1987 = VERTEX_POINT('',#1988);
#1988 = CARTESIAN_POINT('',(-5.874808018969,-12.10519179162,0.9));
#1989 = LINE('',#1990,#1991);
#1990 = CARTESIAN_POINT('',(-5.874808018969,-12.10519179162,1.));
#1991 = VECTOR('',#1992,1.);
#1992 = DIRECTION('',(7.11E-15,-9.948E-14,-1.));
#1993 = ORIENTED_EDGE('',*,*,#1994,.T.);
#1994 = EDGE_CURVE('',#1987,#1963,#1995,.T.);
#1995 = LINE('',#1996,#1997);
#1996 = CARTESIAN_POINT('',(-5.874808018969,-12.10519179162,0.9));
#1997 = VECTOR('',#1998,1.);
#1998 = DIRECTION('',(0.518757689955,0.854921317498,-8.100592710955E-14)
  );
#1999 = ORIENTED_EDGE('',*,*,#1962,.F.);
#2000 = ORIENTED_EDGE('',*,*,#182,.F.);
#2001 = PLANE('',#2002);
#2002 = AXIS2_PLACEMENT_3D('',#2003,#2004,#2005);
#2003 = CARTESIAN_POINT('',(-5.874808018969,-12.10519179162,1.));
#2004 = DIRECTION('',(0.854921317498,-0.518757689955,5.768E-14));
#2005 = DIRECTION('',(0.518757689955,0.854921317498,-8.136E-14));
#2006 = ADVANCED_FACE('',(#2007),#2025,.T.);
#2007 = FACE_BOUND('',#2008,.T.);
#2008 = EDGE_LOOP('',(#2009,#2017,#2023,#2024));
#2009 = ORIENTED_EDGE('',*,*,#2010,.T.);
#2010 = EDGE_CURVE('',#167,#2011,#2013,.T.);
#2011 = VERTEX_POINT('',#2012);
#2012 = CARTESIAN_POINT('',(-5.996510220284,-12.31114919491,0.9));
#2013 = LINE('',#2014,#2015);
#2014 = CARTESIAN_POINT('',(-5.996510220284,-12.31114919491,1.));
#2015 = VECTOR('',#2016,1.);
#2016 = DIRECTION('',(7.11E-15,-9.948E-14,-1.));
#2017 = ORIENTED_EDGE('',*,*,#2018,.T.);
#2018 = EDGE_CURVE('',#2011,#1987,#2019,.T.);
#2019 = B_SPLINE_CURVE_WITH_KNOTS('',2,(#2020,#2021,#2022),
  .UNSPECIFIED.,.F.,.F.,(3,3),(0.,1.),.PIECEWISE_BEZIER_KNOTS.);
#2020 = CARTESIAN_POINT('',(-5.996510220284,-12.31114919491,0.9));
#2021 = CARTESIAN_POINT('',(-5.949105931333,-12.21710665867,0.9));
#2022 = CARTESIAN_POINT('',(-5.874808018969,-12.10519179162,0.9));
#2023 = ORIENTED_EDGE('',*,*,#1986,.F.);
#2024 = ORIENTED_EDGE('',*,*,#174,.F.);
#2025 = SURFACE_OF_LINEAR_EXTRUSION('',#2026,#2030);
#2026 = B_SPLINE_CURVE_WITH_KNOTS('',2,(#2027,#2028,#2029),
  .UNSPECIFIED.,.F.,.F.,(3,3),(0.,1.),.PIECEWISE_BEZIER_KNOTS.);
#2027 = CARTESIAN_POINT('',(-5.996510220284,-12.31114919491,1.));
#2028 = CARTESIAN_POINT('',(-5.949105931333,-12.21710665867,1.));
#2029 = CARTESIAN_POINT('',(-5.874808018969,-12.10519179162,1.));
#2030 = VECTOR('',#2031,1.);
#2031 = DIRECTION('',(-7.11E-15,9.948E-14,1.));
#2032 = ADVANCED_FACE('',(#2033),#2051,.T.);
#2033 = FACE_BOUND('',#2034,.T.);
#2034 = EDGE_LOOP('',(#2035,#2043,#2049,#2050));
#2035 = ORIENTED_EDGE('',*,*,#2036,.T.);
#2036 = EDGE_CURVE('',#159,#2037,#2039,.T.);
#2037 = VERTEX_POINT('',#2038);
#2038 = CARTESIAN_POINT('',(-6.114808012181,-12.08621298239,0.9));
#2039 = LINE('',#2040,#2041);
#2040 = CARTESIAN_POINT('',(-6.114808012181,-12.08621298239,1.));
#2041 = VECTOR('',#2042,1.);
#2042 = DIRECTION('',(7.11E-15,-9.948E-14,-1.));
#2043 = ORIENTED_EDGE('',*,*,#2044,.T.);
#2044 = EDGE_CURVE('',#2037,#2011,#2045,.T.);
#2045 = B_SPLINE_CURVE_WITH_KNOTS('',2,(#2046,#2047,#2048),
  .UNSPECIFIED.,.F.,.F.,(3,3),(0.,1.),.PIECEWISE_BEZIER_KNOTS.);
#2046 = CARTESIAN_POINT('',(-6.114808012181,-12.08621298239,0.9));
#2047 = CARTESIAN_POINT('',(-6.028850618241,-12.23404280036,0.9));
#2048 = CARTESIAN_POINT('',(-5.996510220284,-12.31114919491,0.9));
#2049 = ORIENTED_EDGE('',*,*,#2010,.F.);
#2050 = ORIENTED_EDGE('',*,*,#166,.F.);
#2051 = SURFACE_OF_LINEAR_EXTRUSION('',#2052,#2056);
#2052 = B_SPLINE_CURVE_WITH_KNOTS('',2,(#2053,#2054,#2055),
  .UNSPECIFIED.,.F.,.F.,(3,3),(0.,1.),.PIECEWISE_BEZIER_KNOTS.);
#2053 = CARTESIAN_POINT('',(-6.114808012181,-12.08621298239,1.));
#2054 = CARTESIAN_POINT('',(-6.028850618241,-12.23404280036,1.));
#2055 = CARTESIAN_POINT('',(-5.996510220284,-12.31114919491,1.));
#2056 = VECTOR('',#2057,1.);
#2057 = DIRECTION('',(-7.11E-15,9.948E-14,1.));
#2058 = ADVANCED_FACE('',(#2059),#2077,.T.);
#2059 = FACE_BOUND('',#2060,.T.);
#2060 = EDGE_LOOP('',(#2061,#2069,#2075,#2076));
#2061 = ORIENTED_EDGE('',*,*,#2062,.T.);
#2062 = EDGE_CURVE('',#151,#2063,#2065,.T.);
#2063 = VERTEX_POINT('',#2064);
#2064 = CARTESIAN_POINT('',(-6.394126989486,-11.60629798888,0.9));
#2065 = LINE('',#2066,#2067);
#2066 = CARTESIAN_POINT('',(-6.394126989486,-11.60629798888,1.));
#2067 = VECTOR('',#2068,1.);
#2068 = DIRECTION('',(7.11E-15,-9.948E-14,-1.));
#2069 = ORIENTED_EDGE('',*,*,#2070,.T.);
#2070 = EDGE_CURVE('',#2063,#2037,#2071,.T.);
#2071 = LINE('',#2072,#2073);
#2072 = CARTESIAN_POINT('',(-6.394126989486,-11.60629798888,0.9));
#2073 = VECTOR('',#2074,1.);
#2074 = DIRECTION('',(0.503022342601,-0.864273407461,8.908420809089E-14)
  );
#2075 = ORIENTED_EDGE('',*,*,#2036,.F.);
#2076 = ORIENTED_EDGE('',*,*,#158,.F.);
#2077 = PLANE('',#2078);
#2078 = AXIS2_PLACEMENT_3D('',#2079,#2080,#2081);
#2079 = CARTESIAN_POINT('',(-6.394126989486,-11.60629798888,1.));
#2080 = DIRECTION('',(-0.864273407461,-0.503022342601,4.39E-14));
#2081 = DIRECTION('',(0.503022342601,-0.864273407461,8.955E-14));
#2082 = ADVANCED_FACE('',(#2083),#2101,.T.);
#2083 = FACE_BOUND('',#2084,.T.);
#2084 = EDGE_LOOP('',(#2085,#2093,#2099,#2100));
#2085 = ORIENTED_EDGE('',*,*,#2086,.T.);
#2086 = EDGE_CURVE('',#143,#2087,#2089,.T.);
#2087 = VERTEX_POINT('',#2088);
#2088 = CARTESIAN_POINT('',(-6.638297202252,-11.60629790156,0.9));
#2089 = LINE('',#2090,#2091);
#2090 = CARTESIAN_POINT('',(-6.638297202252,-11.60629790156,1.));
#2091 = VECTOR('',#2092,1.);
#2092 = DIRECTION('',(7.11E-15,-9.948E-14,-1.));
#2093 = ORIENTED_EDGE('',*,*,#2094,.T.);
#2094 = EDGE_CURVE('',#2087,#2063,#2095,.T.);
#2095 = LINE('',#2096,#2097);
#2096 = CARTESIAN_POINT('',(-6.638297202252,-11.60629790156,0.9));
#2097 = VECTOR('',#2098,1.);
#2098 = DIRECTION('',(1.,-3.57627869E-07,7.E-15));
#2099 = ORIENTED_EDGE('',*,*,#2062,.F.);
#2100 = ORIENTED_EDGE('',*,*,#150,.F.);
#2101 = PLANE('',#2102);
#2102 = AXIS2_PLACEMENT_3D('',#2103,#2104,#2105);
#2103 = CARTESIAN_POINT('',(-6.638297202252,-11.60629790156,1.));
#2104 = DIRECTION('',(-3.5762786865E-07,-1.,9.948E-14));
#2105 = DIRECTION('',(1.,-3.5762786865E-07,7.11E-15));
#2106 = ADVANCED_FACE('',(#2107),#2125,.T.);
#2107 = FACE_BOUND('',#2108,.T.);
#2108 = EDGE_LOOP('',(#2109,#2117,#2123,#2124));
#2109 = ORIENTED_EDGE('',*,*,#2110,.T.);
#2110 = EDGE_CURVE('',#135,#2111,#2113,.T.);
#2111 = VERTEX_POINT('',#2112);
#2112 = CARTESIAN_POINT('',(-6.117871991959,-12.50561723661,0.9));
#2113 = LINE('',#2114,#2115);
#2114 = CARTESIAN_POINT('',(-6.117871991959,-12.50561723661,1.));
#2115 = VECTOR('',#2116,1.);
#2116 = DIRECTION('',(7.11E-15,-9.948E-14,-1.));
#2117 = ORIENTED_EDGE('',*,*,#2118,.T.);
#2118 = EDGE_CURVE('',#2111,#2087,#2119,.T.);
#2119 = LINE('',#2120,#2121);
#2120 = CARTESIAN_POINT('',(-6.117871991959,-12.50561723661,0.9));
#2121 = VECTOR('',#2122,1.);
#2122 = DIRECTION('',(-0.500868056854,0.865523650528,-8.919290223369E-14
    ));
#2123 = ORIENTED_EDGE('',*,*,#2086,.F.);
#2124 = ORIENTED_EDGE('',*,*,#142,.F.);
#2125 = PLANE('',#2126);
#2126 = AXIS2_PLACEMENT_3D('',#2127,#2128,#2129);
#2127 = CARTESIAN_POINT('',(-6.117871991959,-12.50561723661,1.));
#2128 = DIRECTION('',(0.865523650528,0.500868056854,-4.367E-14));
#2129 = DIRECTION('',(-0.500868056854,0.865523650528,-8.966E-14));
#2130 = ADVANCED_FACE('',(#2131),#2142,.T.);
#2131 = FACE_BOUND('',#2132,.T.);
#2132 = EDGE_LOOP('',(#2133,#2134,#2140,#2141));
#2133 = ORIENTED_EDGE('',*,*,#1775,.T.);
#2134 = ORIENTED_EDGE('',*,*,#2135,.T.);
#2135 = EDGE_CURVE('',#1768,#2111,#2136,.T.);
#2136 = LINE('',#2137,#2138);
#2137 = CARTESIAN_POINT('',(-6.709106382979,-13.48000000389,0.9));
#2138 = VECTOR('',#2139,1.);
#2139 = DIRECTION('',(0.518750437148,0.854925718386,-8.100641356686E-14)
  );
#2140 = ORIENTED_EDGE('',*,*,#2110,.F.);
#2141 = ORIENTED_EDGE('',*,*,#134,.F.);
#2142 = PLANE('',#2143);
#2143 = AXIS2_PLACEMENT_3D('',#2144,#2145,#2146);
#2144 = CARTESIAN_POINT('',(-6.709106382979,-13.48000000389,1.));
#2145 = DIRECTION('',(0.854925718386,-0.518750437148,5.768E-14));
#2146 = DIRECTION('',(0.518750437148,0.854925718386,-8.136E-14));
#2147 = ADVANCED_FACE('',(#2148),#2173,.T.);
#2148 = FACE_BOUND('',#2149,.T.);
#2149 = EDGE_LOOP('',(#2150,#2158,#2166,#2172));
#2150 = ORIENTED_EDGE('',*,*,#2151,.T.);
#2151 = EDGE_CURVE('',#255,#2152,#2154,.T.);
#2152 = VERTEX_POINT('',#2153);
#2153 = CARTESIAN_POINT('',(-4.486808510638,-13.48000079865,0.9));
#2154 = LINE('',#2155,#2156);
#2155 = CARTESIAN_POINT('',(-4.486808510638,-13.48000079865,1.));
#2156 = VECTOR('',#2157,1.);
#2157 = DIRECTION('',(7.11E-15,-9.948E-14,-1.));
#2158 = ORIENTED_EDGE('',*,*,#2159,.T.);
#2159 = EDGE_CURVE('',#2152,#2160,#2162,.T.);
#2160 = VERTEX_POINT('',#2161);
#2161 = CARTESIAN_POINT('',(-4.688340425532,-13.48000072657,0.9));
#2162 = LINE('',#2163,#2164);
#2163 = CARTESIAN_POINT('',(-4.486808510638,-13.48000079865,0.9));
#2164 = VECTOR('',#2165,1.);
#2165 = DIRECTION('',(-1.,3.57627869E-07,-7.E-15));
#2166 = ORIENTED_EDGE('',*,*,#2167,.F.);
#2167 = EDGE_CURVE('',#257,#2160,#2168,.T.);
#2168 = LINE('',#2169,#2170);
#2169 = CARTESIAN_POINT('',(-4.688340425532,-13.48000072657,1.));
#2170 = VECTOR('',#2171,1.);
#2171 = DIRECTION('',(7.11E-15,-9.948E-14,-1.));
#2172 = ORIENTED_EDGE('',*,*,#254,.F.);
#2173 = PLANE('',#2174);
#2174 = AXIS2_PLACEMENT_3D('',#2175,#2176,#2177);
#2175 = CARTESIAN_POINT('',(-4.486808510638,-13.48000079865,1.));
#2176 = DIRECTION('',(3.5762786865E-07,1.,-9.948E-14));
#2177 = DIRECTION('',(-1.,3.5762786865E-07,-7.11E-15));
#2178 = ADVANCED_FACE('',(#2179),#2197,.T.);
#2179 = FACE_BOUND('',#2180,.T.);
#2180 = EDGE_LOOP('',(#2181,#2189,#2195,#2196));
#2181 = ORIENTED_EDGE('',*,*,#2182,.T.);
#2182 = EDGE_CURVE('',#329,#2183,#2185,.T.);
#2183 = VERTEX_POINT('',#2184);
#2184 = CARTESIAN_POINT('',(-4.486808226788,-12.68629867099,0.9));
#2185 = LINE('',#2186,#2187);
#2186 = CARTESIAN_POINT('',(-4.486808226788,-12.68629867099,1.));
#2187 = VECTOR('',#2188,1.);
#2188 = DIRECTION('',(7.11E-15,-9.948E-14,-1.));
#2189 = ORIENTED_EDGE('',*,*,#2190,.T.);
#2190 = EDGE_CURVE('',#2183,#2152,#2191,.T.);
#2191 = LINE('',#2192,#2193);
#2192 = CARTESIAN_POINT('',(-4.486808226788,-12.68629867099,0.9));
#2193 = VECTOR('',#2194,1.);
#2194 = DIRECTION('',(-3.57627869E-07,-1.,9.9E-14));
#2195 = ORIENTED_EDGE('',*,*,#2151,.F.);
#2196 = ORIENTED_EDGE('',*,*,#336,.F.);
#2197 = PLANE('',#2198);
#2198 = AXIS2_PLACEMENT_3D('',#2199,#2200,#2201);
#2199 = CARTESIAN_POINT('',(-4.486808226788,-12.68629867099,1.));
#2200 = DIRECTION('',(-1.,3.5762786865E-07,-7.11E-15));
#2201 = DIRECTION('',(-3.5762786865E-07,-1.,9.948E-14));
#2202 = ADVANCED_FACE('',(#2203),#2221,.T.);
#2203 = FACE_BOUND('',#2204,.T.);
#2204 = EDGE_LOOP('',(#2205,#2213,#2219,#2220));
#2205 = ORIENTED_EDGE('',*,*,#2206,.T.);
#2206 = EDGE_CURVE('',#321,#2207,#2209,.T.);
#2207 = VERTEX_POINT('',#2208);
#2208 = CARTESIAN_POINT('',(-3.871318478848,-11.6062988911,0.9));
#2209 = LINE('',#2210,#2211);
#2210 = CARTESIAN_POINT('',(-3.871318478848,-11.6062988911,1.));
#2211 = VECTOR('',#2212,1.);
#2212 = DIRECTION('',(7.11E-15,-9.948E-14,-1.));
#2213 = ORIENTED_EDGE('',*,*,#2214,.T.);
#2214 = EDGE_CURVE('',#2207,#2183,#2215,.T.);
#2215 = LINE('',#2216,#2217);
#2216 = CARTESIAN_POINT('',(-3.871318478848,-11.6062988911,0.9));
#2217 = VECTOR('',#2218,1.);
#2218 = DIRECTION('',(-0.495136175374,-0.868815381906,8.254678928644E-14
    ));
#2219 = ORIENTED_EDGE('',*,*,#2182,.F.);
#2220 = ORIENTED_EDGE('',*,*,#328,.F.);
#2221 = PLANE('',#2222);
#2222 = AXIS2_PLACEMENT_3D('',#2223,#2224,#2225);
#2223 = CARTESIAN_POINT('',(-3.871318478848,-11.6062988911,1.));
#2224 = DIRECTION('',(-0.868815381906,0.495136175374,-5.543E-14));
#2225 = DIRECTION('',(-0.495136175374,-0.868815381906,8.291E-14));
#2226 = ADVANCED_FACE('',(#2227),#2245,.T.);
#2227 = FACE_BOUND('',#2228,.T.);
#2228 = EDGE_LOOP('',(#2229,#2237,#2243,#2244));
#2229 = ORIENTED_EDGE('',*,*,#2230,.T.);
#2230 = EDGE_CURVE('',#313,#2231,#2233,.T.);
#2231 = VERTEX_POINT('',#2232);
#2232 = CARTESIAN_POINT('',(-4.102382308635,-11.60629880847,0.9));
#2233 = LINE('',#2234,#2235);
#2234 = CARTESIAN_POINT('',(-4.102382308635,-11.60629880847,1.));
#2235 = VECTOR('',#2236,1.);
#2236 = DIRECTION('',(7.11E-15,-9.948E-14,-1.));
#2237 = ORIENTED_EDGE('',*,*,#2238,.T.);
#2238 = EDGE_CURVE('',#2231,#2207,#2239,.T.);
#2239 = LINE('',#2240,#2241);
#2240 = CARTESIAN_POINT('',(-4.102382308635,-11.60629880847,0.9));
#2241 = VECTOR('',#2242,1.);
#2242 = DIRECTION('',(1.,-3.57627869E-07,7.E-15));
#2243 = ORIENTED_EDGE('',*,*,#2206,.F.);
#2244 = ORIENTED_EDGE('',*,*,#320,.F.);
#2245 = PLANE('',#2246);
#2246 = AXIS2_PLACEMENT_3D('',#2247,#2248,#2249);
#2247 = CARTESIAN_POINT('',(-4.102382308635,-11.60629880847,1.));
#2248 = DIRECTION('',(-3.5762786865E-07,-1.,9.948E-14));
#2249 = DIRECTION('',(1.,-3.5762786865E-07,7.11E-15));
#2250 = ADVANCED_FACE('',(#2251),#2269,.T.);
#2251 = FACE_BOUND('',#2252,.T.);
#2252 = EDGE_LOOP('',(#2253,#2261,#2267,#2268));
#2253 = ORIENTED_EDGE('',*,*,#2254,.T.);
#2254 = EDGE_CURVE('',#305,#2255,#2257,.T.);
#2255 = VERTEX_POINT('',#2256);
#2256 = CARTESIAN_POINT('',(-4.402297398111,-12.15395827568,0.9));
#2257 = LINE('',#2258,#2259);
#2258 = CARTESIAN_POINT('',(-4.402297398111,-12.15395827568,1.));
#2259 = VECTOR('',#2260,1.);
#2260 = DIRECTION('',(7.11E-15,-9.948E-14,-1.));
#2261 = ORIENTED_EDGE('',*,*,#2262,.T.);
#2262 = EDGE_CURVE('',#2255,#2231,#2263,.T.);
#2263 = LINE('',#2264,#2265);
#2264 = CARTESIAN_POINT('',(-4.402297398111,-12.15395827568,0.9));
#2265 = VECTOR('',#2266,1.);
#2266 = DIRECTION('',(0.480322426199,0.877091994542,-8.346986967789E-14)
  );
#2267 = ORIENTED_EDGE('',*,*,#2230,.F.);
#2268 = ORIENTED_EDGE('',*,*,#312,.F.);
#2269 = PLANE('',#2270);
#2270 = AXIS2_PLACEMENT_3D('',#2271,#2272,#2273);
#2271 = CARTESIAN_POINT('',(-4.402297398111,-12.15395827568,1.));
#2272 = DIRECTION('',(0.877091994542,-0.480322426199,5.401E-14));
#2273 = DIRECTION('',(0.480322426199,0.877091994542,-8.384E-14));
#2274 = ADVANCED_FACE('',(#2275),#2293,.T.);
#2275 = FACE_BOUND('',#2276,.T.);
#2276 = EDGE_LOOP('',(#2277,#2285,#2291,#2292));
#2277 = ORIENTED_EDGE('',*,*,#2278,.T.);
#2278 = EDGE_CURVE('',#297,#2279,#2281,.T.);
#2279 = VERTEX_POINT('',#2280);
#2280 = CARTESIAN_POINT('',(-4.570893260489,-12.48306459836,0.9));
#2281 = LINE('',#2282,#2283);
#2282 = CARTESIAN_POINT('',(-4.570893260489,-12.48306459836,1.));
#2283 = VECTOR('',#2284,1.);
#2284 = DIRECTION('',(7.11E-15,-9.948E-14,-1.));
#2285 = ORIENTED_EDGE('',*,*,#2286,.T.);
#2286 = EDGE_CURVE('',#2279,#2255,#2287,.T.);
#2287 = B_SPLINE_CURVE_WITH_KNOTS('',2,(#2288,#2289,#2290),
  .UNSPECIFIED.,.F.,.F.,(3,3),(0.,1.),.PIECEWISE_BEZIER_KNOTS.);
#2288 = CARTESIAN_POINT('',(-4.570893260489,-12.48306459836,0.9));
#2289 = CARTESIAN_POINT('',(-4.502637889081,-12.3369369632,0.9));
#2290 = CARTESIAN_POINT('',(-4.402297398111,-12.15395827568,0.9));
#2291 = ORIENTED_EDGE('',*,*,#2254,.F.);
#2292 = ORIENTED_EDGE('',*,*,#304,.F.);
#2293 = SURFACE_OF_LINEAR_EXTRUSION('',#2294,#2298);
#2294 = B_SPLINE_CURVE_WITH_KNOTS('',2,(#2295,#2296,#2297),
  .UNSPECIFIED.,.F.,.F.,(3,3),(0.,1.),.PIECEWISE_BEZIER_KNOTS.);
#2295 = CARTESIAN_POINT('',(-4.570893260489,-12.48306459836,1.));
#2296 = CARTESIAN_POINT('',(-4.502637889081,-12.3369369632,1.));
#2297 = CARTESIAN_POINT('',(-4.402297398111,-12.15395827568,1.));
#2298 = VECTOR('',#2299,1.);
#2299 = DIRECTION('',(-7.11E-15,9.948E-14,1.));
#2300 = ADVANCED_FACE('',(#2301),#2319,.T.);
#2301 = FACE_BOUND('',#2302,.T.);
#2302 = EDGE_LOOP('',(#2303,#2311,#2317,#2318));
#2303 = ORIENTED_EDGE('',*,*,#2304,.T.);
#2304 = EDGE_CURVE('',#289,#2305,#2307,.T.);
#2305 = VERTEX_POINT('',#2306);
#2306 = CARTESIAN_POINT('',(-4.729616552039,-12.16791560543,0.9));
#2307 = LINE('',#2308,#2309);
#2308 = CARTESIAN_POINT('',(-4.729616552039,-12.16791560543,1.));
#2309 = VECTOR('',#2310,1.);
#2310 = DIRECTION('',(7.11E-15,-9.948E-14,-1.));
#2311 = ORIENTED_EDGE('',*,*,#2312,.T.);
#2312 = EDGE_CURVE('',#2305,#2279,#2313,.T.);
#2313 = B_SPLINE_CURVE_WITH_KNOTS('',2,(#2314,#2315,#2316),
  .UNSPECIFIED.,.F.,.F.,(3,3),(0.,1.),.PIECEWISE_BEZIER_KNOTS.);
#2314 = CARTESIAN_POINT('',(-4.729616552039,-12.16791560543,0.9));
#2315 = CARTESIAN_POINT('',(-4.639318739232,-12.33438372283,0.9));
#2316 = CARTESIAN_POINT('',(-4.570893260489,-12.48306459836,0.9));
#2317 = ORIENTED_EDGE('',*,*,#2278,.F.);
#2318 = ORIENTED_EDGE('',*,*,#296,.F.);
#2319 = SURFACE_OF_LINEAR_EXTRUSION('',#2320,#2324);
#2320 = B_SPLINE_CURVE_WITH_KNOTS('',2,(#2321,#2322,#2323),
  .UNSPECIFIED.,.F.,.F.,(3,3),(0.,1.),.PIECEWISE_BEZIER_KNOTS.);
#2321 = CARTESIAN_POINT('',(-4.729616552039,-12.16791560543,1.));
#2322 = CARTESIAN_POINT('',(-4.639318739232,-12.33438372283,1.));
#2323 = CARTESIAN_POINT('',(-4.570893260489,-12.48306459836,1.));
#2324 = VECTOR('',#2325,1.);
#2325 = DIRECTION('',(-7.11E-15,9.948E-14,1.));
#2326 = ADVANCED_FACE('',(#2327),#2345,.T.);
#2327 = FACE_BOUND('',#2328,.T.);
#2328 = EDGE_LOOP('',(#2329,#2337,#2343,#2344));
#2329 = ORIENTED_EDGE('',*,*,#2330,.T.);
#2330 = EDGE_CURVE('',#281,#2331,#2333,.T.);
#2331 = VERTEX_POINT('',#2332);
#2332 = CARTESIAN_POINT('',(-5.034212095869,-11.60629847522,0.9));
#2333 = LINE('',#2334,#2335);
#2334 = CARTESIAN_POINT('',(-5.034212095869,-11.60629847522,1.));
#2335 = VECTOR('',#2336,1.);
#2336 = DIRECTION('',(7.11E-15,-9.948E-14,-1.));
#2337 = ORIENTED_EDGE('',*,*,#2338,.T.);
#2338 = EDGE_CURVE('',#2331,#2305,#2339,.T.);
#2339 = LINE('',#2340,#2341);
#2340 = CARTESIAN_POINT('',(-5.034212095869,-11.60629847522,0.9));
#2341 = VECTOR('',#2342,1.);
#2342 = DIRECTION('',(0.476750514013,-0.879038649542,9.036206522387E-14)
  );
#2343 = ORIENTED_EDGE('',*,*,#2304,.F.);
#2344 = ORIENTED_EDGE('',*,*,#288,.F.);
#2345 = PLANE('',#2346);
#2346 = AXIS2_PLACEMENT_3D('',#2347,#2348,#2349);
#2347 = CARTESIAN_POINT('',(-5.034212095869,-11.60629847522,1.));
#2348 = DIRECTION('',(-0.879038649542,-0.476750514013,4.118E-14));
#2349 = DIRECTION('',(0.476750514013,-0.879038649542,9.083E-14));
#2350 = ADVANCED_FACE('',(#2351),#2369,.T.);
#2351 = FACE_BOUND('',#2352,.T.);
#2352 = EDGE_LOOP('',(#2353,#2361,#2367,#2368));
#2353 = ORIENTED_EDGE('',*,*,#2354,.T.);
#2354 = EDGE_CURVE('',#273,#2355,#2357,.T.);
#2355 = VERTEX_POINT('',#2356);
#2356 = CARTESIAN_POINT('',(-5.282041883103,-11.60629838659,0.9));
#2357 = LINE('',#2358,#2359);
#2358 = CARTESIAN_POINT('',(-5.282041883103,-11.60629838659,1.));
#2359 = VECTOR('',#2360,1.);
#2360 = DIRECTION('',(7.11E-15,-9.948E-14,-1.));
#2361 = ORIENTED_EDGE('',*,*,#2362,.T.);
#2362 = EDGE_CURVE('',#2355,#2331,#2363,.T.);
#2363 = LINE('',#2364,#2365);
#2364 = CARTESIAN_POINT('',(-5.282041883103,-11.60629838659,0.9));
#2365 = VECTOR('',#2366,1.);
#2366 = DIRECTION('',(1.,-3.57627869E-07,7.E-15));
#2367 = ORIENTED_EDGE('',*,*,#2330,.F.);
#2368 = ORIENTED_EDGE('',*,*,#280,.F.);
#2369 = PLANE('',#2370);
#2370 = AXIS2_PLACEMENT_3D('',#2371,#2372,#2373);
#2371 = CARTESIAN_POINT('',(-5.282041883103,-11.60629838659,1.));
#2372 = DIRECTION('',(-3.5762786865E-07,-1.,9.948E-14));
#2373 = DIRECTION('',(1.,-3.5762786865E-07,7.11E-15));
#2374 = ADVANCED_FACE('',(#2375),#2393,.T.);
#2375 = FACE_BOUND('',#2376,.T.);
#2376 = EDGE_LOOP('',(#2377,#2385,#2391,#2392));
#2377 = ORIENTED_EDGE('',*,*,#2378,.T.);
#2378 = EDGE_CURVE('',#265,#2379,#2381,.T.);
#2379 = VERTEX_POINT('',#2380);
#2380 = CARTESIAN_POINT('',(-4.688340141682,-12.68629859891,0.9));
#2381 = LINE('',#2382,#2383);
#2382 = CARTESIAN_POINT('',(-4.688340141682,-12.68629859891,1.));
#2383 = VECTOR('',#2384,1.);
#2384 = DIRECTION('',(7.11E-15,-9.948E-14,-1.));
#2385 = ORIENTED_EDGE('',*,*,#2386,.T.);
#2386 = EDGE_CURVE('',#2379,#2355,#2387,.T.);
#2387 = LINE('',#2388,#2389);
#2388 = CARTESIAN_POINT('',(-4.688340141682,-12.68629859891,0.9));
#2389 = VECTOR('',#2390,1.);
#2390 = DIRECTION('',(-0.481732862992,0.876318120727,-9.012760913082E-14
    ));
#2391 = ORIENTED_EDGE('',*,*,#2354,.F.);
#2392 = ORIENTED_EDGE('',*,*,#272,.F.);
#2393 = PLANE('',#2394);
#2394 = AXIS2_PLACEMENT_3D('',#2395,#2396,#2397);
#2395 = CARTESIAN_POINT('',(-4.688340141682,-12.68629859891,1.));
#2396 = DIRECTION('',(0.876318120727,0.481732862992,-4.169E-14));
#2397 = DIRECTION('',(-0.481732862992,0.876318120727,-9.06E-14));
#2398 = ADVANCED_FACE('',(#2399),#2410,.T.);
#2399 = FACE_BOUND('',#2400,.T.);
#2400 = EDGE_LOOP('',(#2401,#2402,#2408,#2409));
#2401 = ORIENTED_EDGE('',*,*,#2167,.T.);
#2402 = ORIENTED_EDGE('',*,*,#2403,.T.);
#2403 = EDGE_CURVE('',#2160,#2379,#2404,.T.);
#2404 = LINE('',#2405,#2406);
#2405 = CARTESIAN_POINT('',(-4.688340425532,-13.48000072657,0.9));
#2406 = VECTOR('',#2407,1.);
#2407 = DIRECTION('',(3.57627869E-07,1.,-9.9E-14));
#2408 = ORIENTED_EDGE('',*,*,#2378,.F.);
#2409 = ORIENTED_EDGE('',*,*,#264,.F.);
#2410 = PLANE('',#2411);
#2411 = AXIS2_PLACEMENT_3D('',#2412,#2413,#2414);
#2412 = CARTESIAN_POINT('',(-4.688340425532,-13.48000072657,1.));
#2413 = DIRECTION('',(1.,-3.5762786865E-07,7.11E-15));
#2414 = DIRECTION('',(3.5762786865E-07,1.,-9.948E-14));
#2415 = ADVANCED_FACE('',(#2416),#2441,.T.);
#2416 = FACE_BOUND('',#2417,.T.);
#2417 = EDGE_LOOP('',(#2418,#2426,#2434,#2440));
#2418 = ORIENTED_EDGE('',*,*,#2419,.T.);
#2419 = EDGE_CURVE('',#345,#2420,#2422,.T.);
#2420 = VERTEX_POINT('',#2421);
#2421 = CARTESIAN_POINT('',(-3.413787033406,-12.91897990579,0.9));
#2422 = LINE('',#2423,#2424);
#2423 = CARTESIAN_POINT('',(-3.413787033406,-12.91897990579,1.));
#2424 = VECTOR('',#2425,1.);
#2425 = DIRECTION('',(7.11E-15,-9.948E-14,-1.));
#2426 = ORIENTED_EDGE('',*,*,#2427,.T.);
#2427 = EDGE_CURVE('',#2420,#2428,#2430,.T.);
#2428 = VERTEX_POINT('',#2429);
#2429 = CARTESIAN_POINT('',(-3.991148735534,-12.91897969931,0.9));
#2430 = LINE('',#2431,#2432);
#2431 = CARTESIAN_POINT('',(-3.413787033406,-12.91897990579,0.9));
#2432 = VECTOR('',#2433,1.);
#2433 = DIRECTION('',(-1.,3.57627869E-07,-7.E-15));
#2434 = ORIENTED_EDGE('',*,*,#2435,.F.);
#2435 = EDGE_CURVE('',#347,#2428,#2436,.T.);
#2436 = LINE('',#2437,#2438);
#2437 = CARTESIAN_POINT('',(-3.991148735534,-12.91897969931,1.));
#2438 = VECTOR('',#2439,1.);
#2439 = DIRECTION('',(7.11E-15,-9.948E-14,-1.));
#2440 = ORIENTED_EDGE('',*,*,#344,.F.);
#2441 = PLANE('',#2442);
#2442 = AXIS2_PLACEMENT_3D('',#2443,#2444,#2445);
#2443 = CARTESIAN_POINT('',(-3.413787033406,-12.91897990579,1.));
#2444 = DIRECTION('',(3.5762786865E-07,1.,-9.948E-14));
#2445 = DIRECTION('',(-1.,3.5762786865E-07,-7.11E-15));
#2446 = ADVANCED_FACE('',(#2447),#2465,.T.);
#2447 = FACE_BOUND('',#2448,.T.);
#2448 = EDGE_LOOP('',(#2449,#2457,#2463,#2464));
#2449 = ORIENTED_EDGE('',*,*,#2450,.T.);
#2450 = EDGE_CURVE('',#363,#2451,#2453,.T.);
#2451 = VERTEX_POINT('',#2452);
#2452 = CARTESIAN_POINT('',(-3.413786951593,-12.69021394835,0.9));
#2453 = LINE('',#2454,#2455);
#2454 = CARTESIAN_POINT('',(-3.413786951593,-12.69021394835,1.));
#2455 = VECTOR('',#2456,1.);
#2456 = DIRECTION('',(7.11E-15,-9.948E-14,-1.));
#2457 = ORIENTED_EDGE('',*,*,#2458,.T.);
#2458 = EDGE_CURVE('',#2451,#2420,#2459,.T.);
#2459 = LINE('',#2460,#2461);
#2460 = CARTESIAN_POINT('',(-3.413786951593,-12.69021394835,0.9));
#2461 = VECTOR('',#2462,1.);
#2462 = DIRECTION('',(-3.57627869E-07,-1.,9.9E-14));
#2463 = ORIENTED_EDGE('',*,*,#2419,.F.);
#2464 = ORIENTED_EDGE('',*,*,#370,.F.);
#2465 = PLANE('',#2466);
#2466 = AXIS2_PLACEMENT_3D('',#2467,#2468,#2469);
#2467 = CARTESIAN_POINT('',(-3.413786951593,-12.69021394835,1.));
#2468 = DIRECTION('',(-1.,3.5762786865E-07,-7.11E-15));
#2469 = DIRECTION('',(-3.5762786865E-07,-1.,9.948E-14));
#2470 = ADVANCED_FACE('',(#2471),#2489,.T.);
#2471 = FACE_BOUND('',#2472,.T.);
#2472 = EDGE_LOOP('',(#2473,#2481,#2487,#2488));
#2473 = ORIENTED_EDGE('',*,*,#2474,.T.);
#2474 = EDGE_CURVE('',#355,#2475,#2477,.T.);
#2475 = VERTEX_POINT('',#2476);
#2476 = CARTESIAN_POINT('',(-3.99114865372,-12.69021374187,0.9));
#2477 = LINE('',#2478,#2479);
#2478 = CARTESIAN_POINT('',(-3.99114865372,-12.69021374187,1.));
#2479 = VECTOR('',#2480,1.);
#2480 = DIRECTION('',(7.11E-15,-9.948E-14,-1.));
#2481 = ORIENTED_EDGE('',*,*,#2482,.T.);
#2482 = EDGE_CURVE('',#2475,#2451,#2483,.T.);
#2483 = LINE('',#2484,#2485);
#2484 = CARTESIAN_POINT('',(-3.99114865372,-12.69021374187,0.9));
#2485 = VECTOR('',#2486,1.);
#2486 = DIRECTION('',(1.,-3.57627869E-07,7.E-15));
#2487 = ORIENTED_EDGE('',*,*,#2450,.F.);
#2488 = ORIENTED_EDGE('',*,*,#362,.F.);
#2489 = PLANE('',#2490);
#2490 = AXIS2_PLACEMENT_3D('',#2491,#2492,#2493);
#2491 = CARTESIAN_POINT('',(-3.99114865372,-12.69021374187,1.));
#2492 = DIRECTION('',(-3.5762786865E-07,-1.,9.948E-14));
#2493 = DIRECTION('',(1.,-3.5762786865E-07,7.11E-15));
#2494 = ADVANCED_FACE('',(#2495),#2506,.T.);
#2495 = FACE_BOUND('',#2496,.T.);
#2496 = EDGE_LOOP('',(#2497,#2498,#2504,#2505));
#2497 = ORIENTED_EDGE('',*,*,#2435,.T.);
#2498 = ORIENTED_EDGE('',*,*,#2499,.T.);
#2499 = EDGE_CURVE('',#2428,#2475,#2500,.T.);
#2500 = LINE('',#2501,#2502);
#2501 = CARTESIAN_POINT('',(-3.991148735534,-12.91897969931,0.9));
#2502 = VECTOR('',#2503,1.);
#2503 = DIRECTION('',(3.57627869E-07,1.,-9.9E-14));
#2504 = ORIENTED_EDGE('',*,*,#2474,.F.);
#2505 = ORIENTED_EDGE('',*,*,#354,.F.);
#2506 = PLANE('',#2507);
#2507 = AXIS2_PLACEMENT_3D('',#2508,#2509,#2510);
#2508 = CARTESIAN_POINT('',(-3.991148735534,-12.91897969931,1.));
#2509 = DIRECTION('',(1.,-3.5762786865E-07,7.11E-15));
#2510 = DIRECTION('',(3.5762786865E-07,1.,-9.948E-14));
#2511 = ADVANCED_FACE('',(#2512),#2537,.T.);
#2512 = FACE_BOUND('',#2513,.T.);
#2513 = EDGE_LOOP('',(#2514,#2522,#2530,#2536));
#2514 = ORIENTED_EDGE('',*,*,#2515,.T.);
#2515 = EDGE_CURVE('',#379,#2516,#2518,.T.);
#2516 = VERTEX_POINT('',#2517);
#2517 = CARTESIAN_POINT('',(-2.591659574468,-13.48000147641,0.9));
#2518 = LINE('',#2519,#2520);
#2519 = CARTESIAN_POINT('',(-2.591659574468,-13.48000147641,1.));
#2520 = VECTOR('',#2521,1.);
#2521 = DIRECTION('',(7.11E-15,-9.948E-14,-1.));
#2522 = ORIENTED_EDGE('',*,*,#2523,.T.);
#2523 = EDGE_CURVE('',#2516,#2524,#2526,.T.);
#2524 = VERTEX_POINT('',#2525);
#2525 = CARTESIAN_POINT('',(-3.174127659575,-13.4800012681,0.9));
#2526 = LINE('',#2527,#2528);
#2527 = CARTESIAN_POINT('',(-2.591659574468,-13.48000147641,0.9));
#2528 = VECTOR('',#2529,1.);
#2529 = DIRECTION('',(-1.,3.57627869E-07,-7.E-15));
#2530 = ORIENTED_EDGE('',*,*,#2531,.F.);
#2531 = EDGE_CURVE('',#381,#2524,#2532,.T.);
#2532 = LINE('',#2533,#2534);
#2533 = CARTESIAN_POINT('',(-3.174127659575,-13.4800012681,1.));
#2534 = VECTOR('',#2535,1.);
#2535 = DIRECTION('',(7.11E-15,-9.948E-14,-1.));
#2536 = ORIENTED_EDGE('',*,*,#378,.F.);
#2537 = PLANE('',#2538);
#2538 = AXIS2_PLACEMENT_3D('',#2539,#2540,#2541);
#2539 = CARTESIAN_POINT('',(-2.591659574468,-13.48000147641,1.));
#2540 = DIRECTION('',(3.5762786865E-07,1.,-9.948E-14));
#2541 = DIRECTION('',(-1.,3.5762786865E-07,-7.11E-15));
#2542 = ADVANCED_FACE('',(#2543),#2561,.T.);
#2543 = FACE_BOUND('',#2544,.T.);
#2544 = EDGE_LOOP('',(#2545,#2553,#2559,#2560));
#2545 = ORIENTED_EDGE('',*,*,#2546,.T.);
#2546 = EDGE_CURVE('',#469,#2547,#2549,.T.);
#2547 = VERTEX_POINT('',#2548);
#2548 = CARTESIAN_POINT('',(-2.273787213194,-13.42170371774,0.9));
#2549 = LINE('',#2550,#2551);
#2550 = CARTESIAN_POINT('',(-2.273787213194,-13.42170371774,1.));
#2551 = VECTOR('',#2552,1.);
#2552 = DIRECTION('',(7.11E-15,-9.948E-14,-1.));
#2553 = ORIENTED_EDGE('',*,*,#2554,.T.);
#2554 = EDGE_CURVE('',#2547,#2516,#2555,.T.);
#2555 = B_SPLINE_CURVE_WITH_KNOTS('',2,(#2556,#2557,#2558),
  .UNSPECIFIED.,.F.,.F.,(3,3),(0.,1.),.PIECEWISE_BEZIER_KNOTS.);
#2556 = CARTESIAN_POINT('',(-2.273787213194,-13.42170371774,0.9));
#2557 = CARTESIAN_POINT('',(-2.389446808511,-13.48000154872,0.9));
#2558 = CARTESIAN_POINT('',(-2.591659574468,-13.48000147641,0.9));
#2559 = ORIENTED_EDGE('',*,*,#2515,.F.);
#2560 = ORIENTED_EDGE('',*,*,#476,.F.);
#2561 = SURFACE_OF_LINEAR_EXTRUSION('',#2562,#2566);
#2562 = B_SPLINE_CURVE_WITH_KNOTS('',2,(#2563,#2564,#2565),
  .UNSPECIFIED.,.F.,.F.,(3,3),(0.,1.),.PIECEWISE_BEZIER_KNOTS.);
#2563 = CARTESIAN_POINT('',(-2.273787213194,-13.42170371774,1.));
#2564 = CARTESIAN_POINT('',(-2.389446808511,-13.48000154872,1.));
#2565 = CARTESIAN_POINT('',(-2.591659574468,-13.48000147641,1.));
#2566 = VECTOR('',#2567,1.);
#2567 = DIRECTION('',(-7.11E-15,9.948E-14,1.));
#2568 = ADVANCED_FACE('',(#2569),#2587,.T.);
#2569 = FACE_BOUND('',#2570,.T.);
#2570 = EDGE_LOOP('',(#2571,#2579,#2585,#2586));
#2571 = ORIENTED_EDGE('',*,*,#2572,.T.);
#2572 = EDGE_CURVE('',#461,#2573,#2575,.T.);
#2573 = VERTEX_POINT('',#2574);
#2574 = CARTESIAN_POINT('',(-2.088765869699,-13.23463995413,0.9));
#2575 = LINE('',#2576,#2577);
#2576 = CARTESIAN_POINT('',(-2.088765869699,-13.23463995413,1.));
#2577 = VECTOR('',#2578,1.);
#2578 = DIRECTION('',(7.11E-15,-9.948E-14,-1.));
#2579 = ORIENTED_EDGE('',*,*,#2580,.T.);
#2580 = EDGE_CURVE('',#2573,#2547,#2581,.T.);
#2581 = B_SPLINE_CURVE_WITH_KNOTS('',2,(#2582,#2583,#2584),
  .UNSPECIFIED.,.F.,.F.,(3,3),(0.,1.),.PIECEWISE_BEZIER_KNOTS.);
#2582 = CARTESIAN_POINT('',(-2.088765869699,-13.23463995413,0.9));
#2583 = CARTESIAN_POINT('',(-2.158042511494,-13.3634058868,0.9));
#2584 = CARTESIAN_POINT('',(-2.273787213194,-13.42170371774,0.9));
#2585 = ORIENTED_EDGE('',*,*,#2546,.F.);
#2586 = ORIENTED_EDGE('',*,*,#468,.F.);
#2587 = SURFACE_OF_LINEAR_EXTRUSION('',#2588,#2592);
#2588 = B_SPLINE_CURVE_WITH_KNOTS('',2,(#2589,#2590,#2591),
  .UNSPECIFIED.,.F.,.F.,(3,3),(0.,1.),.PIECEWISE_BEZIER_KNOTS.);
#2589 = CARTESIAN_POINT('',(-2.088765869699,-13.23463995413,1.));
#2590 = CARTESIAN_POINT('',(-2.158042511494,-13.3634058868,1.));
#2591 = CARTESIAN_POINT('',(-2.273787213194,-13.42170371774,1.));
#2592 = VECTOR('',#2593,1.);
#2593 = DIRECTION('',(-7.11E-15,9.948E-14,1.));
#2594 = ADVANCED_FACE('',(#2595),#2613,.T.);
#2595 = FACE_BOUND('',#2596,.T.);
#2596 = EDGE_LOOP('',(#2597,#2605,#2611,#2612));
#2597 = ORIENTED_EDGE('',*,*,#2598,.T.);
#2598 = EDGE_CURVE('',#453,#2599,#2601,.T.);
#2599 = VERTEX_POINT('',#2600);
#2600 = CARTESIAN_POINT('',(-2.019404060557,-12.93540593638,0.9));
#2601 = LINE('',#2602,#2603);
#2602 = CARTESIAN_POINT('',(-2.019404060557,-12.93540593638,1.));
#2603 = VECTOR('',#2604,1.);
#2604 = DIRECTION('',(7.11E-15,-9.948E-14,-1.));
#2605 = ORIENTED_EDGE('',*,*,#2606,.T.);
#2606 = EDGE_CURVE('',#2599,#2573,#2607,.T.);
#2607 = B_SPLINE_CURVE_WITH_KNOTS('',2,(#2608,#2609,#2610),
  .UNSPECIFIED.,.F.,.F.,(3,3),(0.,1.),.PIECEWISE_BEZIER_KNOTS.);
#2608 = CARTESIAN_POINT('',(-2.019404060557,-12.93540593638,0.9));
#2609 = CARTESIAN_POINT('',(-2.019404121521,-13.10587402149,0.9));
#2610 = CARTESIAN_POINT('',(-2.088765869699,-13.23463995413,0.9));
#2611 = ORIENTED_EDGE('',*,*,#2572,.F.);
#2612 = ORIENTED_EDGE('',*,*,#460,.F.);
#2613 = SURFACE_OF_LINEAR_EXTRUSION('',#2614,#2618);
#2614 = B_SPLINE_CURVE_WITH_KNOTS('',2,(#2615,#2616,#2617),
  .UNSPECIFIED.,.F.,.F.,(3,3),(0.,1.),.PIECEWISE_BEZIER_KNOTS.);
#2615 = CARTESIAN_POINT('',(-2.019404060557,-12.93540593638,1.));
#2616 = CARTESIAN_POINT('',(-2.019404121521,-13.10587402149,1.));
#2617 = CARTESIAN_POINT('',(-2.088765869699,-13.23463995413,1.));
#2618 = VECTOR('',#2619,1.);
#2619 = DIRECTION('',(-7.11E-15,9.948E-14,1.));
#2620 = ADVANCED_FACE('',(#2621),#2639,.T.);
#2621 = FACE_BOUND('',#2622,.T.);
#2622 = EDGE_LOOP('',(#2623,#2631,#2637,#2638));
#2623 = ORIENTED_EDGE('',*,*,#2624,.T.);
#2624 = EDGE_CURVE('',#445,#2625,#2627,.T.);
#2625 = VERTEX_POINT('',#2626);
#2626 = CARTESIAN_POINT('',(-2.096084808289,-12.64646973874,0.9));
#2627 = LINE('',#2628,#2629);
#2628 = CARTESIAN_POINT('',(-2.096084808289,-12.64646973874,1.));
#2629 = VECTOR('',#2630,1.);
#2630 = DIRECTION('',(7.11E-15,-9.948E-14,-1.));
#2631 = ORIENTED_EDGE('',*,*,#2632,.T.);
#2632 = EDGE_CURVE('',#2625,#2599,#2633,.T.);
#2633 = B_SPLINE_CURVE_WITH_KNOTS('',2,(#2634,#2635,#2636),
  .UNSPECIFIED.,.F.,.F.,(3,3),(0.,1.),.PIECEWISE_BEZIER_KNOTS.);
#2634 = CARTESIAN_POINT('',(-2.096084808289,-12.64646973874,0.9));
#2635 = CARTESIAN_POINT('',(-2.019403999136,-12.76366125553,0.9));
#2636 = CARTESIAN_POINT('',(-2.019404060557,-12.93540593638,0.9));
#2637 = ORIENTED_EDGE('',*,*,#2598,.F.);
#2638 = ORIENTED_EDGE('',*,*,#452,.F.);
#2639 = SURFACE_OF_LINEAR_EXTRUSION('',#2640,#2644);
#2640 = B_SPLINE_CURVE_WITH_KNOTS('',2,(#2641,#2642,#2643),
  .UNSPECIFIED.,.F.,.F.,(3,3),(0.,1.),.PIECEWISE_BEZIER_KNOTS.);
#2641 = CARTESIAN_POINT('',(-2.096084808289,-12.64646973874,1.));
#2642 = CARTESIAN_POINT('',(-2.019403999136,-12.76366125553,1.));
#2643 = CARTESIAN_POINT('',(-2.019404060557,-12.93540593638,1.));
#2644 = VECTOR('',#2645,1.);
#2645 = DIRECTION('',(-7.11E-15,9.948E-14,1.));
#2646 = ADVANCED_FACE('',(#2647),#2665,.T.);
#2647 = FACE_BOUND('',#2648,.T.);
#2648 = EDGE_LOOP('',(#2649,#2657,#2663,#2664));
#2649 = ORIENTED_EDGE('',*,*,#2650,.T.);
#2650 = EDGE_CURVE('',#437,#2651,#2653,.T.);
#2651 = VERTEX_POINT('',#2652);
#2652 = CARTESIAN_POINT('',(-2.305786876598,-12.48051221694,0.9));
#2653 = LINE('',#2654,#2655);
#2654 = CARTESIAN_POINT('',(-2.305786876598,-12.48051221694,1.));
#2655 = VECTOR('',#2656,1.);
#2656 = DIRECTION('',(7.11E-15,-9.948E-14,-1.));
#2657 = ORIENTED_EDGE('',*,*,#2658,.T.);
#2658 = EDGE_CURVE('',#2651,#2625,#2659,.T.);
#2659 = B_SPLINE_CURVE_WITH_KNOTS('',2,(#2660,#2661,#2662),
  .UNSPECIFIED.,.F.,.F.,(3,3),(0.,1.),.PIECEWISE_BEZIER_KNOTS.);
#2660 = CARTESIAN_POINT('',(-2.305786876598,-12.48051221694,0.9));
#2661 = CARTESIAN_POINT('',(-2.172765617411,-12.52919311557,0.9));
#2662 = CARTESIAN_POINT('',(-2.096084808289,-12.64646973874,0.9));
#2663 = ORIENTED_EDGE('',*,*,#2624,.F.);
#2664 = ORIENTED_EDGE('',*,*,#444,.F.);
#2665 = SURFACE_OF_LINEAR_EXTRUSION('',#2666,#2670);
#2666 = B_SPLINE_CURVE_WITH_KNOTS('',2,(#2667,#2668,#2669),
  .UNSPECIFIED.,.F.,.F.,(3,3),(0.,1.),.PIECEWISE_BEZIER_KNOTS.);
#2667 = CARTESIAN_POINT('',(-2.305786876598,-12.48051221694,1.));
#2668 = CARTESIAN_POINT('',(-2.172765617411,-12.52919311557,1.));
#2669 = CARTESIAN_POINT('',(-2.096084808289,-12.64646973874,1.));
#2670 = VECTOR('',#2671,1.);
#2671 = DIRECTION('',(-7.11E-15,9.948E-14,1.));
#2672 = ADVANCED_FACE('',(#2673),#2691,.T.);
#2673 = FACE_BOUND('',#2674,.T.);
#2674 = EDGE_LOOP('',(#2675,#2683,#2689,#2690));
#2675 = ORIENTED_EDGE('',*,*,#2676,.T.);
#2676 = EDGE_CURVE('',#429,#2677,#2679,.T.);
#2677 = VERTEX_POINT('',#2678);
#2678 = CARTESIAN_POINT('',(-2.146722987581,-12.31489525255,0.9));
#2679 = LINE('',#2680,#2681);
#2680 = CARTESIAN_POINT('',(-2.146722987581,-12.31489525255,1.));
#2681 = VECTOR('',#2682,1.);
#2682 = DIRECTION('',(7.11E-15,-9.948E-14,-1.));
#2683 = ORIENTED_EDGE('',*,*,#2684,.T.);
#2684 = EDGE_CURVE('',#2677,#2651,#2685,.T.);
#2685 = B_SPLINE_CURVE_WITH_KNOTS('',2,(#2686,#2687,#2688),
  .UNSPECIFIED.,.F.,.F.,(3,3),(0.,1.),.PIECEWISE_BEZIER_KNOTS.);
#2686 = CARTESIAN_POINT('',(-2.146722987581,-12.31489525255,0.9));
#2687 = CARTESIAN_POINT('',(-2.203148556385,-12.41804416854,0.9));
#2688 = CARTESIAN_POINT('',(-2.305786876598,-12.48051221694,0.9));
#2689 = ORIENTED_EDGE('',*,*,#2650,.F.);
#2690 = ORIENTED_EDGE('',*,*,#436,.F.);
#2691 = SURFACE_OF_LINEAR_EXTRUSION('',#2692,#2696);
#2692 = B_SPLINE_CURVE_WITH_KNOTS('',2,(#2693,#2694,#2695),
  .UNSPECIFIED.,.F.,.F.,(3,3),(0.,1.),.PIECEWISE_BEZIER_KNOTS.);
#2693 = CARTESIAN_POINT('',(-2.146722987581,-12.31489525255,1.));
#2694 = CARTESIAN_POINT('',(-2.203148556385,-12.41804416854,1.));
#2695 = CARTESIAN_POINT('',(-2.305786876598,-12.48051221694,1.));
#2696 = VECTOR('',#2697,1.);
#2697 = DIRECTION('',(-7.11E-15,9.948E-14,1.));
#2698 = ADVANCED_FACE('',(#2699),#2717,.T.);
#2699 = FACE_BOUND('',#2700,.T.);
#2700 = EDGE_LOOP('',(#2701,#2709,#2715,#2716));
#2701 = ORIENTED_EDGE('',*,*,#2702,.T.);
#2702 = EDGE_CURVE('',#421,#2703,#2705,.T.);
#2703 = VERTEX_POINT('',#2704);
#2704 = CARTESIAN_POINT('',(-2.090212266314,-12.08289527276,0.9));
#2705 = LINE('',#2706,#2707);
#2706 = CARTESIAN_POINT('',(-2.090212266314,-12.08289527276,1.));
#2707 = VECTOR('',#2708,1.);
#2708 = DIRECTION('',(7.11E-15,-9.948E-14,-1.));
#2709 = ORIENTED_EDGE('',*,*,#2710,.T.);
#2710 = EDGE_CURVE('',#2703,#2677,#2711,.T.);
#2711 = B_SPLINE_CURVE_WITH_KNOTS('',2,(#2712,#2713,#2714),
  .UNSPECIFIED.,.F.,.F.,(3,3),(0.,1.),.PIECEWISE_BEZIER_KNOTS.);
#2712 = CARTESIAN_POINT('',(-2.090212266314,-12.08289527276,0.9));
#2713 = CARTESIAN_POINT('',(-2.090212312364,-12.2116612302,0.9));
#2714 = CARTESIAN_POINT('',(-2.146722987581,-12.31489525255,0.9));
#2715 = ORIENTED_EDGE('',*,*,#2676,.F.);
#2716 = ORIENTED_EDGE('',*,*,#428,.F.);
#2717 = SURFACE_OF_LINEAR_EXTRUSION('',#2718,#2722);
#2718 = B_SPLINE_CURVE_WITH_KNOTS('',2,(#2719,#2720,#2721),
  .UNSPECIFIED.,.F.,.F.,(3,3),(0.,1.),.PIECEWISE_BEZIER_KNOTS.);
#2719 = CARTESIAN_POINT('',(-2.090212266314,-12.08289527276,1.));
#2720 = CARTESIAN_POINT('',(-2.090212312364,-12.2116612302,1.));
#2721 = CARTESIAN_POINT('',(-2.146722987581,-12.31489525255,1.));
#2722 = VECTOR('',#2723,1.);
#2723 = DIRECTION('',(-7.11E-15,9.948E-14,1.));
#2724 = ADVANCED_FACE('',(#2725),#2743,.T.);
#2725 = FACE_BOUND('',#2726,.T.);
#2726 = EDGE_LOOP('',(#2727,#2735,#2741,#2742));
#2727 = ORIENTED_EDGE('',*,*,#2728,.T.);
#2728 = EDGE_CURVE('',#413,#2729,#2731,.T.);
#2729 = VERTEX_POINT('',#2730);
#2730 = CARTESIAN_POINT('',(-2.155233452239,-11.82936333461,0.9));
#2731 = LINE('',#2732,#2733);
#2732 = CARTESIAN_POINT('',(-2.155233452239,-11.82936333461,1.));
#2733 = VECTOR('',#2734,1.);
#2734 = DIRECTION('',(7.11E-15,-9.948E-14,-1.));
#2735 = ORIENTED_EDGE('',*,*,#2736,.T.);
#2736 = EDGE_CURVE('',#2729,#2703,#2737,.T.);
#2737 = B_SPLINE_CURVE_WITH_KNOTS('',2,(#2738,#2739,#2740),
  .UNSPECIFIED.,.F.,.F.,(3,3),(0.,1.),.PIECEWISE_BEZIER_KNOTS.);
#2738 = CARTESIAN_POINT('',(-2.155233452239,-11.82936333461,0.9));
#2739 = CARTESIAN_POINT('',(-2.090212216641,-11.94400165574,0.9));
#2740 = CARTESIAN_POINT('',(-2.090212266314,-12.08289527276,0.9));
#2741 = ORIENTED_EDGE('',*,*,#2702,.F.);
#2742 = ORIENTED_EDGE('',*,*,#420,.F.);
#2743 = SURFACE_OF_LINEAR_EXTRUSION('',#2744,#2748);
#2744 = B_SPLINE_CURVE_WITH_KNOTS('',2,(#2745,#2746,#2747),
  .UNSPECIFIED.,.F.,.F.,(3,3),(0.,1.),.PIECEWISE_BEZIER_KNOTS.);
#2745 = CARTESIAN_POINT('',(-2.155233452239,-11.82936333461,1.));
#2746 = CARTESIAN_POINT('',(-2.090212216641,-11.94400165574,1.));
#2747 = CARTESIAN_POINT('',(-2.090212266314,-12.08289527276,1.));
#2748 = VECTOR('',#2749,1.);
#2749 = DIRECTION('',(-7.11E-15,9.948E-14,1.));
#2750 = ADVANCED_FACE('',(#2751),#2769,.T.);
#2751 = FACE_BOUND('',#2752,.T.);
#2752 = EDGE_LOOP('',(#2753,#2761,#2767,#2768));
#2753 = ORIENTED_EDGE('',*,*,#2754,.T.);
#2754 = EDGE_CURVE('',#405,#2755,#2757,.T.);
#2755 = VERTEX_POINT('',#2756);
#2756 = CARTESIAN_POINT('',(-2.322297221641,-11.66051221103,0.9));
#2757 = LINE('',#2758,#2759);
#2758 = CARTESIAN_POINT('',(-2.322297221641,-11.66051221103,1.));
#2759 = VECTOR('',#2760,1.);
#2760 = DIRECTION('',(7.11E-15,-9.948E-14,-1.));
#2761 = ORIENTED_EDGE('',*,*,#2762,.T.);
#2762 = EDGE_CURVE('',#2755,#2729,#2763,.T.);
#2763 = B_SPLINE_CURVE_WITH_KNOTS('',2,(#2764,#2765,#2766),
  .UNSPECIFIED.,.F.,.F.,(3,3),(0.,1.),.PIECEWISE_BEZIER_KNOTS.);
#2764 = CARTESIAN_POINT('',(-2.322297221641,-11.66051221103,0.9));
#2765 = CARTESIAN_POINT('',(-2.220254687807,-11.7146399071,0.9));
#2766 = CARTESIAN_POINT('',(-2.155233452239,-11.82936333461,0.9));
#2767 = ORIENTED_EDGE('',*,*,#2728,.F.);
#2768 = ORIENTED_EDGE('',*,*,#412,.F.);
#2769 = SURFACE_OF_LINEAR_EXTRUSION('',#2770,#2774);
#2770 = B_SPLINE_CURVE_WITH_KNOTS('',2,(#2771,#2772,#2773),
  .UNSPECIFIED.,.F.,.F.,(3,3),(0.,1.),.PIECEWISE_BEZIER_KNOTS.);
#2771 = CARTESIAN_POINT('',(-2.322297221641,-11.66051221103,1.));
#2772 = CARTESIAN_POINT('',(-2.220254687807,-11.7146399071,1.));
#2773 = CARTESIAN_POINT('',(-2.155233452239,-11.82936333461,1.));
#2774 = VECTOR('',#2775,1.);
#2775 = DIRECTION('',(-7.11E-15,9.948E-14,1.));
#2776 = ADVANCED_FACE('',(#2777),#2795,.T.);
#2777 = FACE_BOUND('',#2778,.T.);
#2778 = EDGE_LOOP('',(#2779,#2787,#2793,#2794));
#2779 = ORIENTED_EDGE('',*,*,#2780,.T.);
#2780 = EDGE_CURVE('',#397,#2781,#2783,.T.);
#2781 = VERTEX_POINT('',#2782);
#2782 = CARTESIAN_POINT('',(-2.598978053316,-11.60629934613,0.9));
#2783 = LINE('',#2784,#2785);
#2784 = CARTESIAN_POINT('',(-2.598978053316,-11.60629934613,1.));
#2785 = VECTOR('',#2786,1.);
#2786 = DIRECTION('',(7.11E-15,-9.948E-14,-1.));
#2787 = ORIENTED_EDGE('',*,*,#2788,.T.);
#2788 = EDGE_CURVE('',#2781,#2755,#2789,.T.);
#2789 = B_SPLINE_CURVE_WITH_KNOTS('',2,(#2790,#2791,#2792),
  .UNSPECIFIED.,.F.,.F.,(3,3),(0.,1.),.PIECEWISE_BEZIER_KNOTS.);
#2790 = CARTESIAN_POINT('',(-2.598978053316,-11.60629934613,0.9));
#2791 = CARTESIAN_POINT('',(-2.424339755444,-11.60629940858,0.9));
#2792 = CARTESIAN_POINT('',(-2.322297221641,-11.66051221103,0.9));
#2793 = ORIENTED_EDGE('',*,*,#2754,.F.);
#2794 = ORIENTED_EDGE('',*,*,#404,.F.);
#2795 = SURFACE_OF_LINEAR_EXTRUSION('',#2796,#2800);
#2796 = B_SPLINE_CURVE_WITH_KNOTS('',2,(#2797,#2798,#2799),
  .UNSPECIFIED.,.F.,.F.,(3,3),(0.,1.),.PIECEWISE_BEZIER_KNOTS.);
#2797 = CARTESIAN_POINT('',(-2.598978053316,-11.60629934613,1.));
#2798 = CARTESIAN_POINT('',(-2.424339755444,-11.60629940858,1.));
#2799 = CARTESIAN_POINT('',(-2.322297221641,-11.66051221103,1.));
#2800 = VECTOR('',#2801,1.);
#2801 = DIRECTION('',(-7.11E-15,9.948E-14,1.));
#2802 = ADVANCED_FACE('',(#2803),#2821,.T.);
#2803 = FACE_BOUND('',#2804,.T.);
#2804 = EDGE_LOOP('',(#2805,#2813,#2819,#2820));
#2805 = ORIENTED_EDGE('',*,*,#2806,.T.);
#2806 = EDGE_CURVE('',#389,#2807,#2809,.T.);
#2807 = VERTEX_POINT('',#2808);
#2808 = CARTESIAN_POINT('',(-3.174126989487,-11.60629914044,0.9));
#2809 = LINE('',#2810,#2811);
#2810 = CARTESIAN_POINT('',(-3.174126989487,-11.60629914044,1.));
#2811 = VECTOR('',#2812,1.);
#2812 = DIRECTION('',(7.11E-15,-9.948E-14,-1.));
#2813 = ORIENTED_EDGE('',*,*,#2814,.T.);
#2814 = EDGE_CURVE('',#2807,#2781,#2815,.T.);
#2815 = LINE('',#2816,#2817);
#2816 = CARTESIAN_POINT('',(-3.174126989487,-11.60629914044,0.9));
#2817 = VECTOR('',#2818,1.);
#2818 = DIRECTION('',(1.,-3.57627869E-07,7.E-15));
#2819 = ORIENTED_EDGE('',*,*,#2780,.F.);
#2820 = ORIENTED_EDGE('',*,*,#396,.F.);
#2821 = PLANE('',#2822);
#2822 = AXIS2_PLACEMENT_3D('',#2823,#2824,#2825);
#2823 = CARTESIAN_POINT('',(-3.174126989487,-11.60629914044,1.));
#2824 = DIRECTION('',(-3.5762786865E-07,-1.,9.948E-14));
#2825 = DIRECTION('',(1.,-3.5762786865E-07,7.11E-15));
#2826 = ADVANCED_FACE('',(#2827),#2838,.T.);
#2827 = FACE_BOUND('',#2828,.T.);
#2828 = EDGE_LOOP('',(#2829,#2830,#2836,#2837));
#2829 = ORIENTED_EDGE('',*,*,#2531,.T.);
#2830 = ORIENTED_EDGE('',*,*,#2831,.T.);
#2831 = EDGE_CURVE('',#2524,#2807,#2832,.T.);
#2832 = LINE('',#2833,#2834);
#2833 = CARTESIAN_POINT('',(-3.174127659575,-13.4800012681,0.9));
#2834 = VECTOR('',#2835,1.);
#2835 = DIRECTION('',(3.57627869E-07,1.,-9.9E-14));
#2836 = ORIENTED_EDGE('',*,*,#2806,.F.);
#2837 = ORIENTED_EDGE('',*,*,#388,.F.);
#2838 = PLANE('',#2839);
#2839 = AXIS2_PLACEMENT_3D('',#2840,#2841,#2842);
#2840 = CARTESIAN_POINT('',(-3.174127659575,-13.4800012681,1.));
#2841 = DIRECTION('',(1.,-3.5762786865E-07,7.11E-15));
#2842 = DIRECTION('',(3.5762786865E-07,1.,-9.948E-14));
#2843 = ADVANCED_FACE('',(#2844),#2869,.T.);
#2844 = FACE_BOUND('',#2845,.T.);
#2845 = EDGE_LOOP('',(#2846,#2854,#2862,#2868));
#2846 = ORIENTED_EDGE('',*,*,#2847,.T.);
#2847 = EDGE_CURVE('',#485,#2848,#2850,.T.);
#2848 = VERTEX_POINT('',#2849);
#2849 = CARTESIAN_POINT('',(-1.147914893617,-13.48000199273,0.9));
#2850 = LINE('',#2851,#2852);
#2851 = CARTESIAN_POINT('',(-1.147914893617,-13.48000199273,1.));
#2852 = VECTOR('',#2853,1.);
#2853 = DIRECTION('',(7.11E-15,-9.948E-14,-1.));
#2854 = ORIENTED_EDGE('',*,*,#2855,.T.);
#2855 = EDGE_CURVE('',#2848,#2856,#2858,.T.);
#2856 = VERTEX_POINT('',#2857);
#2857 = CARTESIAN_POINT('',(-1.349446808511,-13.48000192066,0.9));
#2858 = LINE('',#2859,#2860);
#2859 = CARTESIAN_POINT('',(-1.147914893617,-13.48000199273,0.9));
#2860 = VECTOR('',#2861,1.);
#2861 = DIRECTION('',(-1.,3.57627869E-07,-7.E-15));
#2862 = ORIENTED_EDGE('',*,*,#2863,.F.);
#2863 = EDGE_CURVE('',#487,#2856,#2864,.T.);
#2864 = LINE('',#2865,#2866);
#2865 = CARTESIAN_POINT('',(-1.349446808511,-13.48000192065,1.));
#2866 = VECTOR('',#2867,1.);
#2867 = DIRECTION('',(7.11E-15,-9.948E-14,-1.));
#2868 = ORIENTED_EDGE('',*,*,#484,.F.);
#2869 = PLANE('',#2870);
#2870 = AXIS2_PLACEMENT_3D('',#2871,#2872,#2873);
#2871 = CARTESIAN_POINT('',(-1.147914893617,-13.48000199273,1.));
#2872 = DIRECTION('',(3.5762786865E-07,1.,-9.948E-14));
#2873 = DIRECTION('',(-1.,3.5762786865E-07,-7.11E-15));
#2874 = ADVANCED_FACE('',(#2875),#2893,.T.);
#2875 = FACE_BOUND('',#2876,.T.);
#2876 = EDGE_LOOP('',(#2877,#2885,#2891,#2892));
#2877 = ORIENTED_EDGE('',*,*,#2878,.T.);
#2878 = EDGE_CURVE('',#535,#2879,#2881,.T.);
#2879 = VERTEX_POINT('',#2880);
#2880 = CARTESIAN_POINT('',(-1.147914303394,-11.82961901401,0.9));
#2881 = LINE('',#2882,#2883);
#2882 = CARTESIAN_POINT('',(-1.147914303394,-11.82961901401,1.));
#2883 = VECTOR('',#2884,1.);
#2884 = DIRECTION('',(7.11E-15,-9.948E-14,-1.));
#2885 = ORIENTED_EDGE('',*,*,#2886,.T.);
#2886 = EDGE_CURVE('',#2879,#2848,#2887,.T.);
#2887 = LINE('',#2888,#2889);
#2888 = CARTESIAN_POINT('',(-1.147914303394,-11.82961901401,0.9));
#2889 = VECTOR('',#2890,1.);
#2890 = DIRECTION('',(-3.57627869E-07,-1.,9.9E-14));
#2891 = ORIENTED_EDGE('',*,*,#2847,.F.);
#2892 = ORIENTED_EDGE('',*,*,#542,.F.);
#2893 = PLANE('',#2894);
#2894 = AXIS2_PLACEMENT_3D('',#2895,#2896,#2897);
#2895 = CARTESIAN_POINT('',(-1.147914303394,-11.82961901401,1.));
#2896 = DIRECTION('',(-1.,3.5762786865E-07,-7.11E-15));
#2897 = DIRECTION('',(-3.5762786865E-07,-1.,9.948E-14));
#2898 = ADVANCED_FACE('',(#2899),#2917,.T.);
#2899 = FACE_BOUND('',#2900,.T.);
#2900 = EDGE_LOOP('',(#2901,#2909,#2915,#2916));
#2901 = ORIENTED_EDGE('',*,*,#2902,.T.);
#2902 = EDGE_CURVE('',#527,#2903,#2905,.T.);
#2903 = VERTEX_POINT('',#2904);
#2904 = CARTESIAN_POINT('',(-0.641361111905,-11.82961919516,0.9));
#2905 = LINE('',#2906,#2907);
#2906 = CARTESIAN_POINT('',(-0.641361111905,-11.82961919516,1.));
#2907 = VECTOR('',#2908,1.);
#2908 = DIRECTION('',(7.11E-15,-9.948E-14,-1.));
#2909 = ORIENTED_EDGE('',*,*,#2910,.T.);
#2910 = EDGE_CURVE('',#2903,#2879,#2911,.T.);
#2911 = LINE('',#2912,#2913);
#2912 = CARTESIAN_POINT('',(-0.641361111905,-11.82961919516,0.9));
#2913 = VECTOR('',#2914,1.);
#2914 = DIRECTION('',(-1.,3.57627869E-07,-7.E-15));
#2915 = ORIENTED_EDGE('',*,*,#2878,.F.);
#2916 = ORIENTED_EDGE('',*,*,#534,.F.);
#2917 = PLANE('',#2918);
#2918 = AXIS2_PLACEMENT_3D('',#2919,#2920,#2921);
#2919 = CARTESIAN_POINT('',(-0.641361111905,-11.82961919516,1.));
#2920 = DIRECTION('',(3.5762786865E-07,1.,-9.948E-14));
#2921 = DIRECTION('',(-1.,3.5762786865E-07,-7.11E-15));
#2922 = ADVANCED_FACE('',(#2923),#2941,.T.);
#2923 = FACE_BOUND('',#2924,.T.);
#2924 = EDGE_LOOP('',(#2925,#2933,#2939,#2940));
#2925 = ORIENTED_EDGE('',*,*,#2926,.T.);
#2926 = EDGE_CURVE('',#519,#2927,#2929,.T.);
#2927 = VERTEX_POINT('',#2928);
#2928 = CARTESIAN_POINT('',(-0.64136103204,-11.60630004623,0.9));
#2929 = LINE('',#2930,#2931);
#2930 = CARTESIAN_POINT('',(-0.64136103204,-11.60630004623,1.));
#2931 = VECTOR('',#2932,1.);
#2932 = DIRECTION('',(7.11E-15,-9.948E-14,-1.));
#2933 = ORIENTED_EDGE('',*,*,#2934,.T.);
#2934 = EDGE_CURVE('',#2927,#2903,#2935,.T.);
#2935 = LINE('',#2936,#2937);
#2936 = CARTESIAN_POINT('',(-0.64136103204,-11.60630004623,0.9));
#2937 = VECTOR('',#2938,1.);
#2938 = DIRECTION('',(-3.57627869E-07,-1.,9.9E-14));
#2939 = ORIENTED_EDGE('',*,*,#2902,.F.);
#2940 = ORIENTED_EDGE('',*,*,#526,.F.);
#2941 = PLANE('',#2942);
#2942 = AXIS2_PLACEMENT_3D('',#2943,#2944,#2945);
#2943 = CARTESIAN_POINT('',(-0.64136103204,-11.60630004623,1.));
#2944 = DIRECTION('',(-1.,3.5762786865E-07,-7.11E-15));
#2945 = DIRECTION('',(-3.5762786865E-07,-1.,9.948E-14));
#2946 = ADVANCED_FACE('',(#2947),#2965,.T.);
#2947 = FACE_BOUND('',#2948,.T.);
#2948 = EDGE_LOOP('',(#2949,#2957,#2963,#2964));
#2949 = ORIENTED_EDGE('',*,*,#2950,.T.);
#2950 = EDGE_CURVE('',#511,#2951,#2953,.T.);
#2951 = VERTEX_POINT('',#2952);
#2952 = CARTESIAN_POINT('',(-1.855999329912,-11.60629961184,0.9));
#2953 = LINE('',#2954,#2955);
#2954 = CARTESIAN_POINT('',(-1.855999329912,-11.60629961184,1.));
#2955 = VECTOR('',#2956,1.);
#2956 = DIRECTION('',(7.11E-15,-9.948E-14,-1.));
#2957 = ORIENTED_EDGE('',*,*,#2958,.T.);
#2958 = EDGE_CURVE('',#2951,#2927,#2959,.T.);
#2959 = LINE('',#2960,#2961);
#2960 = CARTESIAN_POINT('',(-1.855999329912,-11.60629961184,0.9));
#2961 = VECTOR('',#2962,1.);
#2962 = DIRECTION('',(1.,-3.57627869E-07,7.E-15));
#2963 = ORIENTED_EDGE('',*,*,#2926,.F.);
#2964 = ORIENTED_EDGE('',*,*,#518,.F.);
#2965 = PLANE('',#2966);
#2966 = AXIS2_PLACEMENT_3D('',#2967,#2968,#2969);
#2967 = CARTESIAN_POINT('',(-1.855999329912,-11.60629961184,1.));
#2968 = DIRECTION('',(-3.5762786865E-07,-1.,9.948E-14));
#2969 = DIRECTION('',(1.,-3.5762786865E-07,7.11E-15));
#2970 = ADVANCED_FACE('',(#2971),#2989,.T.);
#2971 = FACE_BOUND('',#2972,.T.);
#2972 = EDGE_LOOP('',(#2973,#2981,#2987,#2988));
#2973 = ORIENTED_EDGE('',*,*,#2974,.T.);
#2974 = EDGE_CURVE('',#503,#2975,#2977,.T.);
#2975 = VERTEX_POINT('',#2976);
#2976 = CARTESIAN_POINT('',(-1.855999409777,-11.82961876077,0.9));
#2977 = LINE('',#2978,#2979);
#2978 = CARTESIAN_POINT('',(-1.855999409777,-11.82961876077,1.));
#2979 = VECTOR('',#2980,1.);
#2980 = DIRECTION('',(7.11E-15,-9.948E-14,-1.));
#2981 = ORIENTED_EDGE('',*,*,#2982,.T.);
#2982 = EDGE_CURVE('',#2975,#2951,#2983,.T.);
#2983 = LINE('',#2984,#2985);
#2984 = CARTESIAN_POINT('',(-1.855999409777,-11.82961876077,0.9));
#2985 = VECTOR('',#2986,1.);
#2986 = DIRECTION('',(3.57627869E-07,1.,-9.9E-14));
#2987 = ORIENTED_EDGE('',*,*,#2950,.F.);
#2988 = ORIENTED_EDGE('',*,*,#510,.F.);
#2989 = PLANE('',#2990);
#2990 = AXIS2_PLACEMENT_3D('',#2991,#2992,#2993);
#2991 = CARTESIAN_POINT('',(-1.855999409777,-11.82961876077,1.));
#2992 = DIRECTION('',(1.,-3.5762786865E-07,7.11E-15));
#2993 = DIRECTION('',(3.5762786865E-07,1.,-9.948E-14));
#2994 = ADVANCED_FACE('',(#2995),#3013,.T.);
#2995 = FACE_BOUND('',#2996,.T.);
#2996 = EDGE_LOOP('',(#2997,#3005,#3011,#3012));
#2997 = ORIENTED_EDGE('',*,*,#2998,.T.);
#2998 = EDGE_CURVE('',#495,#2999,#3001,.T.);
#2999 = VERTEX_POINT('',#3000);
#3000 = CARTESIAN_POINT('',(-1.349446218288,-11.82961894193,0.9));
#3001 = LINE('',#3002,#3003);
#3002 = CARTESIAN_POINT('',(-1.349446218288,-11.82961894193,1.));
#3003 = VECTOR('',#3004,1.);
#3004 = DIRECTION('',(7.11E-15,-9.948E-14,-1.));
#3005 = ORIENTED_EDGE('',*,*,#3006,.T.);
#3006 = EDGE_CURVE('',#2999,#2975,#3007,.T.);
#3007 = LINE('',#3008,#3009);
#3008 = CARTESIAN_POINT('',(-1.349446218288,-11.82961894193,0.9));
#3009 = VECTOR('',#3010,1.);
#3010 = DIRECTION('',(-1.,3.57627869E-07,-7.E-15));
#3011 = ORIENTED_EDGE('',*,*,#2974,.F.);
#3012 = ORIENTED_EDGE('',*,*,#502,.F.);
#3013 = PLANE('',#3014);
#3014 = AXIS2_PLACEMENT_3D('',#3015,#3016,#3017);
#3015 = CARTESIAN_POINT('',(-1.349446218288,-11.82961894193,1.));
#3016 = DIRECTION('',(3.5762786865E-07,1.,-9.948E-14));
#3017 = DIRECTION('',(-1.,3.5762786865E-07,-7.11E-15));
#3018 = ADVANCED_FACE('',(#3019),#3030,.T.);
#3019 = FACE_BOUND('',#3020,.T.);
#3020 = EDGE_LOOP('',(#3021,#3022,#3028,#3029));
#3021 = ORIENTED_EDGE('',*,*,#2863,.T.);
#3022 = ORIENTED_EDGE('',*,*,#3023,.T.);
#3023 = EDGE_CURVE('',#2856,#2999,#3024,.T.);
#3024 = LINE('',#3025,#3026);
#3025 = CARTESIAN_POINT('',(-1.349446808511,-13.48000192066,0.9));
#3026 = VECTOR('',#3027,1.);
#3027 = DIRECTION('',(3.57627869E-07,1.,-9.9E-14));
#3028 = ORIENTED_EDGE('',*,*,#2998,.F.);
#3029 = ORIENTED_EDGE('',*,*,#494,.F.);
#3030 = PLANE('',#3031);
#3031 = AXIS2_PLACEMENT_3D('',#3032,#3033,#3034);
#3032 = CARTESIAN_POINT('',(-1.349446808511,-13.48000192065,1.));
#3033 = DIRECTION('',(1.,-3.5762786865E-07,7.11E-15));
#3034 = DIRECTION('',(3.5762786865E-07,1.,-9.948E-14));
#3035 = ADVANCED_FACE('',(#3036),#3061,.T.);
#3036 = FACE_BOUND('',#3037,.T.);
#3037 = EDGE_LOOP('',(#3038,#3046,#3054,#3060));
#3038 = ORIENTED_EDGE('',*,*,#3039,.T.);
#3039 = EDGE_CURVE('',#551,#3040,#3042,.T.);
#3040 = VERTEX_POINT('',#3041);
#3041 = CARTESIAN_POINT('',(-8.034022489549E-02,-12.91898109793,0.9));
#3042 = LINE('',#3043,#3044);
#3043 = CARTESIAN_POINT('',(-8.03402248955E-02,-12.91898109793,1.));
#3044 = VECTOR('',#3045,1.);
#3045 = DIRECTION('',(7.11E-15,-9.948E-14,-1.));
#3046 = ORIENTED_EDGE('',*,*,#3047,.T.);
#3047 = EDGE_CURVE('',#3040,#3048,#3050,.T.);
#3048 = VERTEX_POINT('',#3049);
#3049 = CARTESIAN_POINT('',(-0.657701927023,-12.91898089145,0.9));
#3050 = LINE('',#3051,#3052);
#3051 = CARTESIAN_POINT('',(-8.034022489549E-02,-12.91898109793,0.9));
#3052 = VECTOR('',#3053,1.);
#3053 = DIRECTION('',(-1.,3.57627869E-07,-7.E-15));
#3054 = ORIENTED_EDGE('',*,*,#3055,.F.);
#3055 = EDGE_CURVE('',#553,#3048,#3056,.T.);
#3056 = LINE('',#3057,#3058);
#3057 = CARTESIAN_POINT('',(-0.657701927023,-12.91898089145,1.));
#3058 = VECTOR('',#3059,1.);
#3059 = DIRECTION('',(7.11E-15,-9.948E-14,-1.));
#3060 = ORIENTED_EDGE('',*,*,#550,.F.);
#3061 = PLANE('',#3062);
#3062 = AXIS2_PLACEMENT_3D('',#3063,#3064,#3065);
#3063 = CARTESIAN_POINT('',(-8.03402248955E-02,-12.91898109793,1.));
#3064 = DIRECTION('',(3.5762786865E-07,1.,-9.948E-14));
#3065 = DIRECTION('',(-1.,3.5762786865E-07,-7.11E-15));
#3066 = ADVANCED_FACE('',(#3067),#3085,.T.);
#3067 = FACE_BOUND('',#3068,.T.);
#3068 = EDGE_LOOP('',(#3069,#3077,#3083,#3084));
#3069 = ORIENTED_EDGE('',*,*,#3070,.T.);
#3070 = EDGE_CURVE('',#569,#3071,#3073,.T.);
#3071 = VERTEX_POINT('',#3072);
#3072 = CARTESIAN_POINT('',(-8.034014308241E-02,-12.69021514048,0.9));
#3073 = LINE('',#3074,#3075);
#3074 = CARTESIAN_POINT('',(-8.034014308241E-02,-12.69021514048,1.));
#3075 = VECTOR('',#3076,1.);
#3076 = DIRECTION('',(7.11E-15,-9.948E-14,-1.));
#3077 = ORIENTED_EDGE('',*,*,#3078,.T.);
#3078 = EDGE_CURVE('',#3071,#3040,#3079,.T.);
#3079 = LINE('',#3080,#3081);
#3080 = CARTESIAN_POINT('',(-8.034014308241E-02,-12.69021514048,0.9));
#3081 = VECTOR('',#3082,1.);
#3082 = DIRECTION('',(-3.57627869E-07,-1.,9.9E-14));
#3083 = ORIENTED_EDGE('',*,*,#3039,.F.);
#3084 = ORIENTED_EDGE('',*,*,#576,.F.);
#3085 = PLANE('',#3086);
#3086 = AXIS2_PLACEMENT_3D('',#3087,#3088,#3089);
#3087 = CARTESIAN_POINT('',(-8.034014308241E-02,-12.69021514048,1.));
#3088 = DIRECTION('',(-1.,3.5762786865E-07,-7.11E-15));
#3089 = DIRECTION('',(-3.5762786865E-07,-1.,9.948E-14));
#3090 = ADVANCED_FACE('',(#3091),#3109,.T.);
#3091 = FACE_BOUND('',#3092,.T.);
#3092 = EDGE_LOOP('',(#3093,#3101,#3107,#3108));
#3093 = ORIENTED_EDGE('',*,*,#3094,.T.);
#3094 = EDGE_CURVE('',#561,#3095,#3097,.T.);
#3095 = VERTEX_POINT('',#3096);
#3096 = CARTESIAN_POINT('',(-0.65770184521,-12.690214934,0.9));
#3097 = LINE('',#3098,#3099);
#3098 = CARTESIAN_POINT('',(-0.65770184521,-12.690214934,1.));
#3099 = VECTOR('',#3100,1.);
#3100 = DIRECTION('',(7.11E-15,-9.948E-14,-1.));
#3101 = ORIENTED_EDGE('',*,*,#3102,.T.);
#3102 = EDGE_CURVE('',#3095,#3071,#3103,.T.);
#3103 = LINE('',#3104,#3105);
#3104 = CARTESIAN_POINT('',(-0.65770184521,-12.690214934,0.9));
#3105 = VECTOR('',#3106,1.);
#3106 = DIRECTION('',(1.,-3.57627869E-07,7.E-15));
#3107 = ORIENTED_EDGE('',*,*,#3070,.F.);
#3108 = ORIENTED_EDGE('',*,*,#568,.F.);
#3109 = PLANE('',#3110);
#3110 = AXIS2_PLACEMENT_3D('',#3111,#3112,#3113);
#3111 = CARTESIAN_POINT('',(-0.65770184521,-12.690214934,1.));
#3112 = DIRECTION('',(-3.5762786865E-07,-1.,9.948E-14));
#3113 = DIRECTION('',(1.,-3.5762786865E-07,7.11E-15));
#3114 = ADVANCED_FACE('',(#3115),#3126,.T.);
#3115 = FACE_BOUND('',#3116,.T.);
#3116 = EDGE_LOOP('',(#3117,#3118,#3124,#3125));
#3117 = ORIENTED_EDGE('',*,*,#3055,.T.);
#3118 = ORIENTED_EDGE('',*,*,#3119,.T.);
#3119 = EDGE_CURVE('',#3048,#3095,#3120,.T.);
#3120 = LINE('',#3121,#3122);
#3121 = CARTESIAN_POINT('',(-0.657701927023,-12.91898089145,0.9));
#3122 = VECTOR('',#3123,1.);
#3123 = DIRECTION('',(3.57627869E-07,1.,-9.9E-14));
#3124 = ORIENTED_EDGE('',*,*,#3094,.F.);
#3125 = ORIENTED_EDGE('',*,*,#560,.F.);
#3126 = PLANE('',#3127);
#3127 = AXIS2_PLACEMENT_3D('',#3128,#3129,#3130);
#3128 = CARTESIAN_POINT('',(-0.657701927023,-12.91898089145,1.));
#3129 = DIRECTION('',(1.,-3.5762786865E-07,7.11E-15));
#3130 = DIRECTION('',(3.5762786865E-07,1.,-9.948E-14));
#3131 = ADVANCED_FACE('',(#3132),#3157,.T.);
#3132 = FACE_BOUND('',#3133,.T.);
#3133 = EDGE_LOOP('',(#3134,#3142,#3150,#3156));
#3134 = ORIENTED_EDGE('',*,*,#3135,.T.);
#3135 = EDGE_CURVE('',#585,#3136,#3138,.T.);
#3136 = VERTEX_POINT('',#3137);
#3137 = CARTESIAN_POINT('',(0.355404255319,-13.48000253036,0.9));
#3138 = LINE('',#3139,#3140);
#3139 = CARTESIAN_POINT('',(0.355404255319,-13.48000253036,1.));
#3140 = VECTOR('',#3141,1.);
#3141 = DIRECTION('',(7.11E-15,-9.948E-14,-1.));
#3142 = ORIENTED_EDGE('',*,*,#3143,.T.);
#3143 = EDGE_CURVE('',#3136,#3144,#3146,.T.);
#3144 = VERTEX_POINT('',#3145);
#3145 = CARTESIAN_POINT('',(0.159319148936,-13.48000246023,0.9));
#3146 = LINE('',#3147,#3148);
#3147 = CARTESIAN_POINT('',(0.355404255319,-13.48000253036,0.9));
#3148 = VECTOR('',#3149,1.);
#3149 = DIRECTION('',(-1.,3.57627869E-07,-7.E-15));
#3150 = ORIENTED_EDGE('',*,*,#3151,.F.);
#3151 = EDGE_CURVE('',#587,#3144,#3152,.T.);
#3152 = LINE('',#3153,#3154);
#3153 = CARTESIAN_POINT('',(0.159319148936,-13.48000246023,1.));
#3154 = VECTOR('',#3155,1.);
#3155 = DIRECTION('',(7.11E-15,-9.948E-14,-1.));
#3156 = ORIENTED_EDGE('',*,*,#584,.F.);
#3157 = PLANE('',#3158);
#3158 = AXIS2_PLACEMENT_3D('',#3159,#3160,#3161);
#3159 = CARTESIAN_POINT('',(0.355404255319,-13.48000253036,1.));
#3160 = DIRECTION('',(3.5762786865E-07,1.,-9.948E-14));
#3161 = DIRECTION('',(-1.,3.5762786865E-07,-7.11E-15));
#3162 = ADVANCED_FACE('',(#3163),#3181,.T.);
#3163 = FACE_BOUND('',#3164,.T.);
#3164 = EDGE_LOOP('',(#3165,#3173,#3179,#3180));
#3165 = ORIENTED_EDGE('',*,*,#3166,.T.);
#3166 = EDGE_CURVE('',#691,#3167,#3169,.T.);
#3167 = VERTEX_POINT('',#3168);
#3168 = CARTESIAN_POINT('',(0.355404831997,-11.86749189206,0.9));
#3169 = LINE('',#3170,#3171);
#3170 = CARTESIAN_POINT('',(0.355404831997,-11.86749189206,1.));
#3171 = VECTOR('',#3172,1.);
#3172 = DIRECTION('',(7.11E-15,-9.948E-14,-1.));
#3173 = ORIENTED_EDGE('',*,*,#3174,.T.);
#3174 = EDGE_CURVE('',#3167,#3136,#3175,.T.);
#3175 = LINE('',#3176,#3177);
#3176 = CARTESIAN_POINT('',(0.355404831997,-11.86749189206,0.9));
#3177 = VECTOR('',#3178,1.);
#3178 = DIRECTION('',(-3.57627869E-07,-1.,9.9E-14));
#3179 = ORIENTED_EDGE('',*,*,#3135,.F.);
#3180 = ORIENTED_EDGE('',*,*,#698,.F.);
#3181 = PLANE('',#3182);
#3182 = AXIS2_PLACEMENT_3D('',#3183,#3184,#3185);
#3183 = CARTESIAN_POINT('',(0.355404831997,-11.86749189206,1.));
#3184 = DIRECTION('',(-1.,3.5762786865E-07,-7.11E-15));
#3185 = DIRECTION('',(-3.5762786865E-07,-1.,9.948E-14));
#3186 = ADVANCED_FACE('',(#3187),#3205,.T.);
#3187 = FACE_BOUND('',#3188,.T.);
#3188 = EDGE_LOOP('',(#3189,#3197,#3203,#3204));
#3189 = ORIENTED_EDGE('',*,*,#3190,.T.);
#3190 = EDGE_CURVE('',#683,#3191,#3193,.T.);
#3191 = VERTEX_POINT('',#3192);
#3192 = CARTESIAN_POINT('',(0.800851063829,-13.48000268966,0.9));
#3193 = LINE('',#3194,#3195);
#3194 = CARTESIAN_POINT('',(0.800851063829,-13.48000268966,1.));
#3195 = VECTOR('',#3196,1.);
#3196 = DIRECTION('',(7.11E-15,-9.948E-14,-1.));
#3197 = ORIENTED_EDGE('',*,*,#3198,.T.);
#3198 = EDGE_CURVE('',#3191,#3167,#3199,.T.);
#3199 = LINE('',#3200,#3201);
#3200 = CARTESIAN_POINT('',(0.800851063829,-13.48000268966,0.9));
#3201 = VECTOR('',#3202,1.);
#3202 = DIRECTION('',(-0.266270978015,0.963898213644,-9.728981298255E-14
    ));
#3203 = ORIENTED_EDGE('',*,*,#3166,.F.);
#3204 = ORIENTED_EDGE('',*,*,#690,.F.);
#3205 = PLANE('',#3206);
#3206 = AXIS2_PLACEMENT_3D('',#3207,#3208,#3209);
#3207 = CARTESIAN_POINT('',(0.800851063829,-13.48000268966,1.));
#3208 = DIRECTION('',(0.963898213644,0.266270978015,-1.964E-14));
#3209 = DIRECTION('',(-0.266270978015,0.963898213644,-9.778E-14));
#3210 = ADVANCED_FACE('',(#3211),#3229,.T.);
#3211 = FACE_BOUND('',#3212,.T.);
#3212 = EDGE_LOOP('',(#3213,#3221,#3227,#3228));
#3213 = ORIENTED_EDGE('',*,*,#3214,.T.);
#3214 = EDGE_CURVE('',#675,#3215,#3217,.T.);
#3215 = VERTEX_POINT('',#3216);
#3216 = CARTESIAN_POINT('',(0.983404255319,-13.48000275495,0.9));
#3217 = LINE('',#3218,#3219);
#3218 = CARTESIAN_POINT('',(0.983404255319,-13.48000275495,1.));
#3219 = VECTOR('',#3220,1.);
#3220 = DIRECTION('',(7.11E-15,-9.948E-14,-1.));
#3221 = ORIENTED_EDGE('',*,*,#3222,.T.);
#3222 = EDGE_CURVE('',#3215,#3191,#3223,.T.);
#3223 = LINE('',#3224,#3225);
#3224 = CARTESIAN_POINT('',(0.983404255319,-13.48000275495,0.9));
#3225 = VECTOR('',#3226,1.);
#3226 = DIRECTION('',(-1.,3.57627869E-07,-7.E-15));
#3227 = ORIENTED_EDGE('',*,*,#3190,.F.);
#3228 = ORIENTED_EDGE('',*,*,#682,.F.);
#3229 = PLANE('',#3230);
#3230 = AXIS2_PLACEMENT_3D('',#3231,#3232,#3233);
#3231 = CARTESIAN_POINT('',(0.983404255319,-13.48000275495,1.));
#3232 = DIRECTION('',(3.5762786865E-07,1.,-9.948E-14));
#3233 = DIRECTION('',(-1.,3.5762786865E-07,-7.11E-15));
#3234 = ADVANCED_FACE('',(#3235),#3253,.T.);
#3235 = FACE_BOUND('',#3236,.T.);
#3236 = EDGE_LOOP('',(#3237,#3245,#3251,#3252));
#3237 = ORIENTED_EDGE('',*,*,#3238,.T.);
#3238 = EDGE_CURVE('',#667,#3239,#3241,.T.);
#3239 = VERTEX_POINT('',#3240);
#3240 = CARTESIAN_POINT('',(1.428426094562,-11.90672631835,0.9));
#3241 = LINE('',#3242,#3243);
#3242 = CARTESIAN_POINT('',(1.428426094562,-11.90672631835,1.));
#3243 = VECTOR('',#3244,1.);
#3244 = DIRECTION('',(7.11E-15,-9.948E-14,-1.));
#3245 = ORIENTED_EDGE('',*,*,#3246,.T.);
#3246 = EDGE_CURVE('',#3239,#3215,#3247,.T.);
#3247 = LINE('',#3248,#3249);
#3248 = CARTESIAN_POINT('',(1.428426094562,-11.90672631835,0.9));
#3249 = VECTOR('',#3250,1.);
#3250 = DIRECTION('',(-0.27218368546,-0.96224531247,9.335701218185E-14)
  );
#3251 = ORIENTED_EDGE('',*,*,#3214,.F.);
#3252 = ORIENTED_EDGE('',*,*,#674,.F.);
#3253 = PLANE('',#3254);
#3254 = AXIS2_PLACEMENT_3D('',#3255,#3256,#3257);
#3255 = CARTESIAN_POINT('',(1.428426094562,-11.90672631835,1.));
#3256 = DIRECTION('',(-0.96224531247,0.27218368546,-3.391E-14));
#3257 = DIRECTION('',(-0.27218368546,-0.96224531247,9.379E-14));
#3258 = ADVANCED_FACE('',(#3259),#3277,.T.);
#3259 = FACE_BOUND('',#3260,.T.);
#3260 = EDGE_LOOP('',(#3261,#3269,#3275,#3276));
#3261 = ORIENTED_EDGE('',*,*,#3262,.T.);
#3262 = EDGE_CURVE('',#659,#3263,#3265,.T.);
#3263 = VERTEX_POINT('',#3264);
#3264 = CARTESIAN_POINT('',(1.428425531914,-13.4800029141,0.9));
#3265 = LINE('',#3266,#3267);
#3266 = CARTESIAN_POINT('',(1.428425531914,-13.4800029141,1.));
#3267 = VECTOR('',#3268,1.);
#3268 = DIRECTION('',(7.11E-15,-9.948E-14,-1.));
#3269 = ORIENTED_EDGE('',*,*,#3270,.T.);
#3270 = EDGE_CURVE('',#3263,#3239,#3271,.T.);
#3271 = LINE('',#3272,#3273);
#3272 = CARTESIAN_POINT('',(1.428425531914,-13.4800029141,0.9));
#3273 = VECTOR('',#3274,1.);
#3274 = DIRECTION('',(3.57627869E-07,1.,-9.9E-14));
#3275 = ORIENTED_EDGE('',*,*,#3238,.F.);
#3276 = ORIENTED_EDGE('',*,*,#666,.F.);
#3277 = PLANE('',#3278);
#3278 = AXIS2_PLACEMENT_3D('',#3279,#3280,#3281);
#3279 = CARTESIAN_POINT('',(1.428425531914,-13.4800029141,1.));
#3280 = DIRECTION('',(1.,-3.5762786865E-07,7.11E-15));
#3281 = DIRECTION('',(3.5762786865E-07,1.,-9.948E-14));
#3282 = ADVANCED_FACE('',(#3283),#3301,.T.);
#3283 = FACE_BOUND('',#3284,.T.);
#3284 = EDGE_LOOP('',(#3285,#3293,#3299,#3300));
#3285 = ORIENTED_EDGE('',*,*,#3286,.T.);
#3286 = EDGE_CURVE('',#651,#3287,#3289,.T.);
#3287 = VERTEX_POINT('',#3288);
#3288 = CARTESIAN_POINT('',(1.624510638297,-13.48000298423,0.9));
#3289 = LINE('',#3290,#3291);
#3290 = CARTESIAN_POINT('',(1.624510638297,-13.48000298423,1.));
#3291 = VECTOR('',#3292,1.);
#3292 = DIRECTION('',(7.11E-15,-9.948E-14,-1.));
#3293 = ORIENTED_EDGE('',*,*,#3294,.T.);
#3294 = EDGE_CURVE('',#3287,#3263,#3295,.T.);
#3295 = LINE('',#3296,#3297);
#3296 = CARTESIAN_POINT('',(1.624510638297,-13.48000298423,0.9));
#3297 = VECTOR('',#3298,1.);
#3298 = DIRECTION('',(-1.,3.57627869E-07,-7.E-15));
#3299 = ORIENTED_EDGE('',*,*,#3262,.F.);
#3300 = ORIENTED_EDGE('',*,*,#658,.F.);
#3301 = PLANE('',#3302);
#3302 = AXIS2_PLACEMENT_3D('',#3303,#3304,#3305);
#3303 = CARTESIAN_POINT('',(1.624510638297,-13.48000298423,1.));
#3304 = DIRECTION('',(3.5762786865E-07,1.,-9.948E-14));
#3305 = DIRECTION('',(-1.,3.5762786865E-07,-7.11E-15));
#3306 = ADVANCED_FACE('',(#3307),#3325,.T.);
#3307 = FACE_BOUND('',#3308,.T.);
#3308 = EDGE_LOOP('',(#3309,#3317,#3323,#3324));
#3309 = ORIENTED_EDGE('',*,*,#3310,.T.);
#3310 = EDGE_CURVE('',#643,#3311,#3313,.T.);
#3311 = VERTEX_POINT('',#3312);
#3312 = CARTESIAN_POINT('',(1.624511308385,-11.60630085657,0.9));
#3313 = LINE('',#3314,#3315);
#3314 = CARTESIAN_POINT('',(1.624511308385,-11.60630085657,1.));
#3315 = VECTOR('',#3316,1.);
#3316 = DIRECTION('',(7.11E-15,-9.948E-14,-1.));
#3317 = ORIENTED_EDGE('',*,*,#3318,.T.);
#3318 = EDGE_CURVE('',#3311,#3287,#3319,.T.);
#3319 = LINE('',#3320,#3321);
#3320 = CARTESIAN_POINT('',(1.624511308385,-11.60630085657,0.9));
#3321 = VECTOR('',#3322,1.);
#3322 = DIRECTION('',(-3.57627869E-07,-1.,9.9E-14));
#3323 = ORIENTED_EDGE('',*,*,#3286,.F.);
#3324 = ORIENTED_EDGE('',*,*,#650,.F.);
#3325 = PLANE('',#3326);
#3326 = AXIS2_PLACEMENT_3D('',#3327,#3328,#3329);
#3327 = CARTESIAN_POINT('',(1.624511308385,-11.60630085657,1.));
#3328 = DIRECTION('',(-1.,3.5762786865E-07,-7.11E-15));
#3329 = DIRECTION('',(-3.5762786865E-07,-1.,9.948E-14));
#3330 = ADVANCED_FACE('',(#3331),#3349,.T.);
#3331 = FACE_BOUND('',#3332,.T.);
#3332 = EDGE_LOOP('',(#3333,#3341,#3347,#3348));
#3333 = ORIENTED_EDGE('',*,*,#3334,.T.);
#3334 = EDGE_CURVE('',#635,#3335,#3337,.T.);
#3335 = VERTEX_POINT('',#3336);
#3336 = CARTESIAN_POINT('',(1.350809180726,-11.60630075868,0.9));
#3337 = LINE('',#3338,#3339);
#3338 = CARTESIAN_POINT('',(1.350809180726,-11.60630075868,1.));
#3339 = VECTOR('',#3340,1.);
#3340 = DIRECTION('',(7.11E-15,-9.948E-14,-1.));
#3341 = ORIENTED_EDGE('',*,*,#3342,.T.);
#3342 = EDGE_CURVE('',#3335,#3311,#3343,.T.);
#3343 = LINE('',#3344,#3345);
#3344 = CARTESIAN_POINT('',(1.350809180726,-11.60630075868,0.9));
#3345 = VECTOR('',#3346,1.);
#3346 = DIRECTION('',(1.,-3.57627869E-07,7.E-15));
#3347 = ORIENTED_EDGE('',*,*,#3310,.F.);
#3348 = ORIENTED_EDGE('',*,*,#642,.F.);
#3349 = PLANE('',#3350);
#3350 = AXIS2_PLACEMENT_3D('',#3351,#3352,#3353);
#3351 = CARTESIAN_POINT('',(1.350809180726,-11.60630075868,1.));
#3352 = DIRECTION('',(-3.5762786865E-07,-1.,9.948E-14));
#3353 = DIRECTION('',(1.,-3.5762786865E-07,7.11E-15));
#3354 = ADVANCED_FACE('',(#3355),#3373,.T.);
#3355 = FACE_BOUND('',#3356,.T.);
#3356 = EDGE_LOOP('',(#3357,#3365,#3371,#3372));
#3357 = ORIENTED_EDGE('',*,*,#3358,.T.);
#3358 = EDGE_CURVE('',#627,#3359,#3361,.T.);
#3359 = VERTEX_POINT('',#3360);
#3360 = CARTESIAN_POINT('',(0.984255523012,-12.90996020206,0.9));
#3361 = LINE('',#3362,#3363);
#3362 = CARTESIAN_POINT('',(0.984255523012,-12.90996020206,1.));
#3363 = VECTOR('',#3364,1.);
#3364 = DIRECTION('',(7.11E-15,-9.948E-14,-1.));
#3365 = ORIENTED_EDGE('',*,*,#3366,.T.);
#3366 = EDGE_CURVE('',#3359,#3335,#3367,.T.);
#3367 = LINE('',#3368,#3369);
#3368 = CARTESIAN_POINT('',(0.984255523012,-12.90996020206,0.9));
#3369 = VECTOR('',#3370,1.);
#3370 = DIRECTION('',(0.270676761794,0.962670291754,-9.340963354434E-14)
  );
#3371 = ORIENTED_EDGE('',*,*,#3334,.F.);
#3372 = ORIENTED_EDGE('',*,*,#634,.F.);
#3373 = PLANE('',#3374);
#3374 = AXIS2_PLACEMENT_3D('',#3375,#3376,#3377);
#3375 = CARTESIAN_POINT('',(0.984255523012,-12.90996020206,1.));
#3376 = DIRECTION('',(0.962670291754,-0.270676761794,3.377E-14));
#3377 = DIRECTION('',(0.270676761794,0.962670291754,-9.384E-14));
#3378 = ADVANCED_FACE('',(#3379),#3397,.T.);
#3379 = FACE_BOUND('',#3380,.T.);
#3380 = EDGE_LOOP('',(#3381,#3389,#3395,#3396));
#3381 = ORIENTED_EDGE('',*,*,#3382,.T.);
#3382 = EDGE_CURVE('',#619,#3383,#3385,.T.);
#3383 = VERTEX_POINT('',#3384);
#3384 = CARTESIAN_POINT('',(0.902808607091,-13.21030059846,0.9));
#3385 = LINE('',#3386,#3387);
#3386 = CARTESIAN_POINT('',(0.902808607091,-13.21030059846,1.));
#3387 = VECTOR('',#3388,1.);
#3388 = DIRECTION('',(7.11E-15,-9.948E-14,-1.));
#3389 = ORIENTED_EDGE('',*,*,#3390,.T.);
#3390 = EDGE_CURVE('',#3383,#3359,#3391,.T.);
#3391 = B_SPLINE_CURVE_WITH_KNOTS('',2,(#3392,#3393,#3394),
  .UNSPECIFIED.,.F.,.F.,(3,3),(0.,1.),.PIECEWISE_BEZIER_KNOTS.);
#3392 = CARTESIAN_POINT('',(0.902808607091,-13.21030059846,0.9));
#3393 = CARTESIAN_POINT('',(0.929532048357,-13.10681124632,0.9));
#3394 = CARTESIAN_POINT('',(0.984255523012,-12.90996020206,0.9));
#3395 = ORIENTED_EDGE('',*,*,#3358,.F.);
#3396 = ORIENTED_EDGE('',*,*,#626,.F.);
#3397 = SURFACE_OF_LINEAR_EXTRUSION('',#3398,#3402);
#3398 = B_SPLINE_CURVE_WITH_KNOTS('',2,(#3399,#3400,#3401),
  .UNSPECIFIED.,.F.,.F.,(3,3),(0.,1.),.PIECEWISE_BEZIER_KNOTS.);
#3399 = CARTESIAN_POINT('',(0.902808607091,-13.21030059846,1.));
#3400 = CARTESIAN_POINT('',(0.929532048357,-13.10681124632,1.));
#3401 = CARTESIAN_POINT('',(0.984255523012,-12.90996020206,1.));
#3402 = VECTOR('',#3403,1.);
#3403 = DIRECTION('',(-7.11E-15,9.948E-14,1.));
#3404 = ADVANCED_FACE('',(#3405),#3423,.T.);
#3405 = FACE_BOUND('',#3406,.T.);
#3406 = EDGE_LOOP('',(#3407,#3415,#3421,#3422));
#3407 = ORIENTED_EDGE('',*,*,#3408,.T.);
#3408 = EDGE_CURVE('',#611,#3409,#3411,.T.);
#3409 = VERTEX_POINT('',#3410);
#3410 = CARTESIAN_POINT('',(0.82987253607,-12.93293887025,0.9));
#3411 = LINE('',#3412,#3413);
#3412 = CARTESIAN_POINT('',(0.82987253607,-12.93293887025,1.));
#3413 = VECTOR('',#3414,1.);
#3414 = DIRECTION('',(7.11E-15,-9.948E-14,-1.));
#3415 = ORIENTED_EDGE('',*,*,#3416,.T.);
#3416 = EDGE_CURVE('',#3409,#3383,#3417,.T.);
#3417 = LINE('',#3418,#3419);
#3418 = CARTESIAN_POINT('',(0.82987253607,-12.93293887025,0.9));
#3419 = VECTOR('',#3420,1.);
#3420 = DIRECTION('',(0.254317664599,-0.967120739863,9.752517031553E-14)
  );
#3421 = ORIENTED_EDGE('',*,*,#3382,.F.);
#3422 = ORIENTED_EDGE('',*,*,#618,.F.);
#3423 = PLANE('',#3424);
#3424 = AXIS2_PLACEMENT_3D('',#3425,#3426,#3427);
#3425 = CARTESIAN_POINT('',(0.82987253607,-12.93293887025,1.));
#3426 = DIRECTION('',(-0.967120739863,-0.254317664599,1.843E-14));
#3427 = DIRECTION('',(0.254317664599,-0.967120739863,9.801E-14));
#3428 = ADVANCED_FACE('',(#3429),#3447,.T.);
#3429 = FACE_BOUND('',#3430,.T.);
#3430 = EDGE_LOOP('',(#3431,#3439,#3445,#3446));
#3431 = ORIENTED_EDGE('',*,*,#3432,.T.);
#3432 = EDGE_CURVE('',#603,#3433,#3435,.T.);
#3433 = VERTEX_POINT('',#3434);
#3434 = CARTESIAN_POINT('',(0.465362372215,-11.60630044202,0.9));
#3435 = LINE('',#3436,#3437);
#3436 = CARTESIAN_POINT('',(0.465362372215,-11.60630044202,1.));
#3437 = VECTOR('',#3438,1.);
#3438 = DIRECTION('',(7.11E-15,-9.948E-14,-1.));
#3439 = ORIENTED_EDGE('',*,*,#3440,.T.);
#3440 = EDGE_CURVE('',#3433,#3409,#3441,.T.);
#3441 = LINE('',#3442,#3443);
#3442 = CARTESIAN_POINT('',(0.465362372215,-11.60630044202,0.9));
#3443 = VECTOR('',#3444,1.);
#3444 = DIRECTION('',(0.264943344104,-0.964263980669,9.731673052849E-14)
  );
#3445 = ORIENTED_EDGE('',*,*,#3408,.F.);
#3446 = ORIENTED_EDGE('',*,*,#610,.F.);
#3447 = PLANE('',#3448);
#3448 = AXIS2_PLACEMENT_3D('',#3449,#3450,#3451);
#3449 = CARTESIAN_POINT('',(0.465362372215,-11.60630044202,1.));
#3450 = DIRECTION('',(-0.964263980669,-0.264943344104,1.95E-14));
#3451 = DIRECTION('',(0.264943344104,-0.964263980669,9.78E-14));
#3452 = ADVANCED_FACE('',(#3453),#3471,.T.);
#3453 = FACE_BOUND('',#3454,.T.);
#3454 = EDGE_LOOP('',(#3455,#3463,#3469,#3470));
#3455 = ORIENTED_EDGE('',*,*,#3456,.T.);
#3456 = EDGE_CURVE('',#595,#3457,#3459,.T.);
#3457 = VERTEX_POINT('',#3458);
#3458 = CARTESIAN_POINT('',(0.159319819024,-11.60630033257,0.9));
#3459 = LINE('',#3460,#3461);
#3460 = CARTESIAN_POINT('',(0.159319819024,-11.60630033257,1.));
#3461 = VECTOR('',#3462,1.);
#3462 = DIRECTION('',(7.11E-15,-9.948E-14,-1.));
#3463 = ORIENTED_EDGE('',*,*,#3464,.T.);
#3464 = EDGE_CURVE('',#3457,#3433,#3465,.T.);
#3465 = LINE('',#3466,#3467);
#3466 = CARTESIAN_POINT('',(0.159319819024,-11.60630033257,0.9));
#3467 = VECTOR('',#3468,1.);
#3468 = DIRECTION('',(1.,-3.57627869E-07,7.E-15));
#3469 = ORIENTED_EDGE('',*,*,#3432,.F.);
#3470 = ORIENTED_EDGE('',*,*,#602,.F.);
#3471 = PLANE('',#3472);
#3472 = AXIS2_PLACEMENT_3D('',#3473,#3474,#3475);
#3473 = CARTESIAN_POINT('',(0.159319819024,-11.60630033257,1.));
#3474 = DIRECTION('',(-3.5762786865E-07,-1.,9.948E-14));
#3475 = DIRECTION('',(1.,-3.5762786865E-07,7.11E-15));
#3476 = ADVANCED_FACE('',(#3477),#3488,.T.);
#3477 = FACE_BOUND('',#3478,.T.);
#3478 = EDGE_LOOP('',(#3479,#3480,#3486,#3487));
#3479 = ORIENTED_EDGE('',*,*,#3151,.T.);
#3480 = ORIENTED_EDGE('',*,*,#3481,.T.);
#3481 = EDGE_CURVE('',#3144,#3457,#3482,.T.);
#3482 = LINE('',#3483,#3484);
#3483 = CARTESIAN_POINT('',(0.159319148936,-13.48000246023,0.9));
#3484 = VECTOR('',#3485,1.);
#3485 = DIRECTION('',(3.57627869E-07,1.,-9.9E-14));
#3486 = ORIENTED_EDGE('',*,*,#3456,.F.);
#3487 = ORIENTED_EDGE('',*,*,#594,.F.);
#3488 = PLANE('',#3489);
#3489 = AXIS2_PLACEMENT_3D('',#3490,#3491,#3492);
#3490 = CARTESIAN_POINT('',(0.159319148936,-13.48000246023,1.));
#3491 = DIRECTION('',(1.,-3.5762786865E-07,7.11E-15));
#3492 = DIRECTION('',(3.5762786865E-07,1.,-9.948E-14));
#3493 = ADVANCED_FACE('',(#3494),#3519,.T.);
#3494 = FACE_BOUND('',#3495,.T.);
#3495 = EDGE_LOOP('',(#3496,#3504,#3512,#3518));
#3496 = ORIENTED_EDGE('',*,*,#3497,.T.);
#3497 = EDGE_CURVE('',#707,#3498,#3500,.T.);
#3498 = VERTEX_POINT('',#3499);
#3499 = CARTESIAN_POINT('',(2.185531914893,-13.48000318486,0.9));
#3500 = LINE('',#3501,#3502);
#3501 = CARTESIAN_POINT('',(2.185531914893,-13.48000318486,1.));
#3502 = VECTOR('',#3503,1.);
#3503 = DIRECTION('',(7.11E-15,-9.948E-14,-1.));
#3504 = ORIENTED_EDGE('',*,*,#3505,.T.);
#3505 = EDGE_CURVE('',#3498,#3506,#3508,.T.);
#3506 = VERTEX_POINT('',#3507);
#3507 = CARTESIAN_POINT('',(1.983999999999,-13.48000311279,0.9));
#3508 = LINE('',#3509,#3510);
#3509 = CARTESIAN_POINT('',(2.185531914893,-13.48000318486,0.9));
#3510 = VECTOR('',#3511,1.);
#3511 = DIRECTION('',(-1.,3.57627869E-07,-7.E-15));
#3512 = ORIENTED_EDGE('',*,*,#3513,.F.);
#3513 = EDGE_CURVE('',#709,#3506,#3514,.T.);
#3514 = LINE('',#3515,#3516);
#3515 = CARTESIAN_POINT('',(1.983999999999,-13.48000311279,1.));
#3516 = VECTOR('',#3517,1.);
#3517 = DIRECTION('',(7.11E-15,-9.948E-14,-1.));
#3518 = ORIENTED_EDGE('',*,*,#706,.F.);
#3519 = PLANE('',#3520);
#3520 = AXIS2_PLACEMENT_3D('',#3521,#3522,#3523);
#3521 = CARTESIAN_POINT('',(2.185531914893,-13.48000318486,1.));
#3522 = DIRECTION('',(3.5762786865E-07,1.,-9.948E-14));
#3523 = DIRECTION('',(-1.,3.5762786865E-07,-7.11E-15));
#3524 = ADVANCED_FACE('',(#3525),#3543,.T.);
#3525 = FACE_BOUND('',#3526,.T.);
#3526 = EDGE_LOOP('',(#3527,#3535,#3541,#3542));
#3527 = ORIENTED_EDGE('',*,*,#3528,.T.);
#3528 = EDGE_CURVE('',#725,#3529,#3531,.T.);
#3529 = VERTEX_POINT('',#3530);
#3530 = CARTESIAN_POINT('',(2.185532584981,-11.6063010572,0.9));
#3531 = LINE('',#3532,#3533);
#3532 = CARTESIAN_POINT('',(2.185532584981,-11.6063010572,1.));
#3533 = VECTOR('',#3534,1.);
#3534 = DIRECTION('',(7.11E-15,-9.948E-14,-1.));
#3535 = ORIENTED_EDGE('',*,*,#3536,.T.);
#3536 = EDGE_CURVE('',#3529,#3498,#3537,.T.);
#3537 = LINE('',#3538,#3539);
#3538 = CARTESIAN_POINT('',(2.185532584981,-11.6063010572,0.9));
#3539 = VECTOR('',#3540,1.);
#3540 = DIRECTION('',(-3.57627869E-07,-1.,9.9E-14));
#3541 = ORIENTED_EDGE('',*,*,#3497,.F.);
#3542 = ORIENTED_EDGE('',*,*,#732,.F.);
#3543 = PLANE('',#3544);
#3544 = AXIS2_PLACEMENT_3D('',#3545,#3546,#3547);
#3545 = CARTESIAN_POINT('',(2.185532584981,-11.6063010572,1.));
#3546 = DIRECTION('',(-1.,3.5762786865E-07,-7.11E-15));
#3547 = DIRECTION('',(-3.5762786865E-07,-1.,9.948E-14));
#3548 = ADVANCED_FACE('',(#3549),#3567,.T.);
#3549 = FACE_BOUND('',#3550,.T.);
#3550 = EDGE_LOOP('',(#3551,#3559,#3565,#3566));
#3551 = ORIENTED_EDGE('',*,*,#3552,.T.);
#3552 = EDGE_CURVE('',#717,#3553,#3555,.T.);
#3553 = VERTEX_POINT('',#3554);
#3554 = CARTESIAN_POINT('',(1.984000670088,-11.60630098513,0.9));
#3555 = LINE('',#3556,#3557);
#3556 = CARTESIAN_POINT('',(1.984000670088,-11.60630098513,1.));
#3557 = VECTOR('',#3558,1.);
#3558 = DIRECTION('',(7.11E-15,-9.948E-14,-1.));
#3559 = ORIENTED_EDGE('',*,*,#3560,.T.);
#3560 = EDGE_CURVE('',#3553,#3529,#3561,.T.);
#3561 = LINE('',#3562,#3563);
#3562 = CARTESIAN_POINT('',(1.984000670088,-11.60630098513,0.9));
#3563 = VECTOR('',#3564,1.);
#3564 = DIRECTION('',(1.,-3.57627869E-07,7.E-15));
#3565 = ORIENTED_EDGE('',*,*,#3528,.F.);
#3566 = ORIENTED_EDGE('',*,*,#724,.F.);
#3567 = PLANE('',#3568);
#3568 = AXIS2_PLACEMENT_3D('',#3569,#3570,#3571);
#3569 = CARTESIAN_POINT('',(1.984000670088,-11.60630098513,1.));
#3570 = DIRECTION('',(-3.5762786865E-07,-1.,9.948E-14));
#3571 = DIRECTION('',(1.,-3.5762786865E-07,7.11E-15));
#3572 = ADVANCED_FACE('',(#3573),#3584,.T.);
#3573 = FACE_BOUND('',#3574,.T.);
#3574 = EDGE_LOOP('',(#3575,#3576,#3582,#3583));
#3575 = ORIENTED_EDGE('',*,*,#3513,.T.);
#3576 = ORIENTED_EDGE('',*,*,#3577,.T.);
#3577 = EDGE_CURVE('',#3506,#3553,#3578,.T.);
#3578 = LINE('',#3579,#3580);
#3579 = CARTESIAN_POINT('',(1.983999999999,-13.48000311279,0.9));
#3580 = VECTOR('',#3581,1.);
#3581 = DIRECTION('',(3.57627869E-07,1.,-9.9E-14));
#3582 = ORIENTED_EDGE('',*,*,#3552,.F.);
#3583 = ORIENTED_EDGE('',*,*,#716,.F.);
#3584 = PLANE('',#3585);
#3585 = AXIS2_PLACEMENT_3D('',#3586,#3587,#3588);
#3586 = CARTESIAN_POINT('',(1.983999999999,-13.48000311279,1.));
#3587 = DIRECTION('',(1.,-3.5762786865E-07,7.11E-15));
#3588 = DIRECTION('',(3.5762786865E-07,1.,-9.948E-14));
#3589 = ADVANCED_FACE('',(#3590),#3615,.T.);
#3590 = FACE_BOUND('',#3591,.T.);
#3591 = EDGE_LOOP('',(#3592,#3600,#3608,#3614));
#3592 = ORIENTED_EDGE('',*,*,#3593,.T.);
#3593 = EDGE_CURVE('',#741,#3594,#3596,.T.);
#3594 = VERTEX_POINT('',#3595);
#3595 = CARTESIAN_POINT('',(2.735659574467,-13.4800033816,0.9));
#3596 = LINE('',#3597,#3598);
#3597 = CARTESIAN_POINT('',(2.735659574467,-13.4800033816,1.));
#3598 = VECTOR('',#3599,1.);
#3599 = DIRECTION('',(7.11E-15,-9.948E-14,-1.));
#3600 = ORIENTED_EDGE('',*,*,#3601,.T.);
#3601 = EDGE_CURVE('',#3594,#3602,#3604,.T.);
#3602 = VERTEX_POINT('',#3603);
#3603 = CARTESIAN_POINT('',(2.539574468085,-13.48000331148,0.9));
#3604 = LINE('',#3605,#3606);
#3605 = CARTESIAN_POINT('',(2.735659574467,-13.4800033816,0.9));
#3606 = VECTOR('',#3607,1.);
#3607 = DIRECTION('',(-1.,3.57627869E-07,-7.E-15));
#3608 = ORIENTED_EDGE('',*,*,#3609,.F.);
#3609 = EDGE_CURVE('',#743,#3602,#3610,.T.);
#3610 = LINE('',#3611,#3612);
#3611 = CARTESIAN_POINT('',(2.539574468085,-13.48000331148,1.));
#3612 = VECTOR('',#3613,1.);
#3613 = DIRECTION('',(7.11E-15,-9.948E-14,-1.));
#3614 = ORIENTED_EDGE('',*,*,#740,.F.);
#3615 = PLANE('',#3616);
#3616 = AXIS2_PLACEMENT_3D('',#3617,#3618,#3619);
#3617 = CARTESIAN_POINT('',(2.735659574467,-13.4800033816,1.));
#3618 = DIRECTION('',(3.5762786865E-07,1.,-9.948E-14));
#3619 = DIRECTION('',(-1.,3.5762786865E-07,-7.11E-15));
#3620 = ADVANCED_FACE('',(#3621),#3639,.T.);
#3621 = FACE_BOUND('',#3622,.T.);
#3622 = EDGE_LOOP('',(#3623,#3631,#3637,#3638));
#3623 = ORIENTED_EDGE('',*,*,#3624,.T.);
#3624 = EDGE_CURVE('',#807,#3625,#3627,.T.);
#3625 = VERTEX_POINT('',#3626);
#3626 = CARTESIAN_POINT('',(2.735660102874,-12.00247146671,0.9));
#3627 = LINE('',#3628,#3629);
#3628 = CARTESIAN_POINT('',(2.735660102874,-12.00247146671,1.));
#3629 = VECTOR('',#3630,1.);
#3630 = DIRECTION('',(7.11E-15,-9.948E-14,-1.));
#3631 = ORIENTED_EDGE('',*,*,#3632,.T.);
#3632 = EDGE_CURVE('',#3625,#3594,#3633,.T.);
#3633 = LINE('',#3634,#3635);
#3634 = CARTESIAN_POINT('',(2.735660102874,-12.00247146671,0.9));
#3635 = VECTOR('',#3636,1.);
#3636 = DIRECTION('',(-3.57627869E-07,-1.,9.9E-14));
#3637 = ORIENTED_EDGE('',*,*,#3593,.F.);
#3638 = ORIENTED_EDGE('',*,*,#814,.F.);
#3639 = PLANE('',#3640);
#3640 = AXIS2_PLACEMENT_3D('',#3641,#3642,#3643);
#3641 = CARTESIAN_POINT('',(2.735660102874,-12.00247146671,1.));
#3642 = DIRECTION('',(-1.,3.5762786865E-07,-7.11E-15));
#3643 = DIRECTION('',(-3.5762786865E-07,-1.,9.948E-14));
#3644 = ADVANCED_FACE('',(#3645),#3663,.T.);
#3645 = FACE_BOUND('',#3646,.T.);
#3646 = EDGE_LOOP('',(#3647,#3655,#3661,#3662));
#3647 = ORIENTED_EDGE('',*,*,#3648,.T.);
#3648 = EDGE_CURVE('',#799,#3649,#3651,.T.);
#3649 = VERTEX_POINT('',#3650);
#3650 = CARTESIAN_POINT('',(3.538723404255,-13.4800036688,0.9));
#3651 = LINE('',#3652,#3653);
#3652 = CARTESIAN_POINT('',(3.538723404255,-13.4800036688,1.));
#3653 = VECTOR('',#3654,1.);
#3654 = DIRECTION('',(7.11E-15,-9.948E-14,-1.));
#3655 = ORIENTED_EDGE('',*,*,#3656,.T.);
#3656 = EDGE_CURVE('',#3649,#3625,#3657,.T.);
#3657 = LINE('',#3658,#3659);
#3658 = CARTESIAN_POINT('',(3.538723404255,-13.4800036688,0.9));
#3659 = VECTOR('',#3660,1.);
#3660 = DIRECTION('',(-0.477539334846,0.878610370798,-9.032518734512E-14
    ));
#3661 = ORIENTED_EDGE('',*,*,#3624,.F.);
#3662 = ORIENTED_EDGE('',*,*,#806,.F.);
#3663 = PLANE('',#3664);
#3664 = AXIS2_PLACEMENT_3D('',#3665,#3666,#3667);
#3665 = CARTESIAN_POINT('',(3.538723404255,-13.4800036688,1.));
#3666 = DIRECTION('',(0.878610370798,0.477539334846,-4.126E-14));
#3667 = DIRECTION('',(-0.477539334846,0.878610370798,-9.079E-14));
#3668 = ADVANCED_FACE('',(#3669),#3687,.T.);
#3669 = FACE_BOUND('',#3670,.T.);
#3670 = EDGE_LOOP('',(#3671,#3679,#3685,#3686));
#3671 = ORIENTED_EDGE('',*,*,#3672,.T.);
#3672 = EDGE_CURVE('',#791,#3673,#3675,.T.);
#3673 = VERTEX_POINT('',#3674);
#3674 = CARTESIAN_POINT('',(3.748765957446,-13.48000374392,0.9));
#3675 = LINE('',#3676,#3677);
#3676 = CARTESIAN_POINT('',(3.748765957446,-13.48000374392,1.));
#3677 = VECTOR('',#3678,1.);
#3678 = DIRECTION('',(7.11E-15,-9.948E-14,-1.));
#3679 = ORIENTED_EDGE('',*,*,#3680,.T.);
#3680 = EDGE_CURVE('',#3673,#3649,#3681,.T.);
#3681 = LINE('',#3682,#3683);
#3682 = CARTESIAN_POINT('',(3.748765957446,-13.48000374392,0.9));
#3683 = VECTOR('',#3684,1.);
#3684 = DIRECTION('',(-1.,3.57627869E-07,-7.E-15));
#3685 = ORIENTED_EDGE('',*,*,#3648,.F.);
#3686 = ORIENTED_EDGE('',*,*,#798,.F.);
#3687 = PLANE('',#3688);
#3688 = AXIS2_PLACEMENT_3D('',#3689,#3690,#3691);
#3689 = CARTESIAN_POINT('',(3.748765957446,-13.48000374392,1.));
#3690 = DIRECTION('',(3.5762786865E-07,1.,-9.948E-14));
#3691 = DIRECTION('',(-1.,3.5762786865E-07,-7.11E-15));
#3692 = ADVANCED_FACE('',(#3693),#3711,.T.);
#3693 = FACE_BOUND('',#3694,.T.);
#3694 = EDGE_LOOP('',(#3695,#3703,#3709,#3710));
#3695 = ORIENTED_EDGE('',*,*,#3696,.T.);
#3696 = EDGE_CURVE('',#783,#3697,#3699,.T.);
#3697 = VERTEX_POINT('',#3698);
#3698 = CARTESIAN_POINT('',(3.748766627534,-11.60630161626,0.9));
#3699 = LINE('',#3700,#3701);
#3700 = CARTESIAN_POINT('',(3.748766627534,-11.60630161626,1.));
#3701 = VECTOR('',#3702,1.);
#3702 = DIRECTION('',(7.11E-15,-9.948E-14,-1.));
#3703 = ORIENTED_EDGE('',*,*,#3704,.T.);
#3704 = EDGE_CURVE('',#3697,#3673,#3705,.T.);
#3705 = LINE('',#3706,#3707);
#3706 = CARTESIAN_POINT('',(3.748766627534,-11.60630161626,0.9));
#3707 = VECTOR('',#3708,1.);
#3708 = DIRECTION('',(-3.57627869E-07,-1.,9.9E-14));
#3709 = ORIENTED_EDGE('',*,*,#3672,.F.);
#3710 = ORIENTED_EDGE('',*,*,#790,.F.);
#3711 = PLANE('',#3712);
#3712 = AXIS2_PLACEMENT_3D('',#3713,#3714,#3715);
#3713 = CARTESIAN_POINT('',(3.748766627534,-11.60630161626,1.));
#3714 = DIRECTION('',(-1.,3.5762786865E-07,-7.11E-15));
#3715 = DIRECTION('',(-3.5762786865E-07,-1.,9.948E-14));
#3716 = ADVANCED_FACE('',(#3717),#3735,.T.);
#3717 = FACE_BOUND('',#3718,.T.);
#3718 = EDGE_LOOP('',(#3719,#3727,#3733,#3734));
#3719 = ORIENTED_EDGE('',*,*,#3720,.T.);
#3720 = EDGE_CURVE('',#775,#3721,#3723,.T.);
#3721 = VERTEX_POINT('',#3722);
#3722 = CARTESIAN_POINT('',(3.552681521151,-11.60630154613,0.9));
#3723 = LINE('',#3724,#3725);
#3724 = CARTESIAN_POINT('',(3.552681521151,-11.60630154613,1.));
#3725 = VECTOR('',#3726,1.);
#3726 = DIRECTION('',(7.11E-15,-9.948E-14,-1.));
#3727 = ORIENTED_EDGE('',*,*,#3728,.T.);
#3728 = EDGE_CURVE('',#3721,#3697,#3729,.T.);
#3729 = LINE('',#3730,#3731);
#3730 = CARTESIAN_POINT('',(3.552681521151,-11.60630154613,0.9));
#3731 = VECTOR('',#3732,1.);
#3732 = DIRECTION('',(1.,-3.57627869E-07,7.E-15));
#3733 = ORIENTED_EDGE('',*,*,#3696,.F.);
#3734 = ORIENTED_EDGE('',*,*,#782,.F.);
#3735 = PLANE('',#3736);
#3736 = AXIS2_PLACEMENT_3D('',#3737,#3738,#3739);
#3737 = CARTESIAN_POINT('',(3.552681521151,-11.60630154613,1.));
#3738 = DIRECTION('',(-3.5762786865E-07,-1.,9.948E-14));
#3739 = DIRECTION('',(1.,-3.5762786865E-07,7.11E-15));
#3740 = ADVANCED_FACE('',(#3741),#3759,.T.);
#3741 = FACE_BOUND('',#3742,.T.);
#3742 = EDGE_LOOP('',(#3743,#3751,#3757,#3758));
#3743 = ORIENTED_EDGE('',*,*,#3744,.T.);
#3744 = EDGE_CURVE('',#767,#3745,#3747,.T.);
#3745 = VERTEX_POINT('',#3746);
#3746 = CARTESIAN_POINT('',(3.552680991953,-13.08604622698,0.9));
#3747 = LINE('',#3748,#3749);
#3748 = CARTESIAN_POINT('',(3.552680991953,-13.08604622698,1.));
#3749 = VECTOR('',#3750,1.);
#3750 = DIRECTION('',(7.11E-15,-9.948E-14,-1.));
#3751 = ORIENTED_EDGE('',*,*,#3752,.T.);
#3752 = EDGE_CURVE('',#3745,#3721,#3753,.T.);
#3753 = LINE('',#3754,#3755);
#3754 = CARTESIAN_POINT('',(3.552680991953,-13.08604622698,0.9));
#3755 = VECTOR('',#3756,1.);
#3756 = DIRECTION('',(3.57627869E-07,1.,-9.9E-14));
#3757 = ORIENTED_EDGE('',*,*,#3720,.F.);
#3758 = ORIENTED_EDGE('',*,*,#774,.F.);
#3759 = PLANE('',#3760);
#3760 = AXIS2_PLACEMENT_3D('',#3761,#3762,#3763);
#3761 = CARTESIAN_POINT('',(3.552680991953,-13.08604622698,1.));
#3762 = DIRECTION('',(1.,-3.5762786865E-07,7.11E-15));
#3763 = DIRECTION('',(3.5762786865E-07,1.,-9.948E-14));
#3764 = ADVANCED_FACE('',(#3765),#3783,.T.);
#3765 = FACE_BOUND('',#3766,.T.);
#3766 = EDGE_LOOP('',(#3767,#3775,#3781,#3782));
#3767 = ORIENTED_EDGE('',*,*,#3768,.T.);
#3768 = EDGE_CURVE('',#759,#3769,#3771,.T.);
#3769 = VERTEX_POINT('',#3770);
#3770 = CARTESIAN_POINT('',(2.748426202002,-11.60630125851,0.9));
#3771 = LINE('',#3772,#3773);
#3772 = CARTESIAN_POINT('',(2.748426202002,-11.60630125851,1.));
#3773 = VECTOR('',#3774,1.);
#3774 = DIRECTION('',(7.11E-15,-9.948E-14,-1.));
#3775 = ORIENTED_EDGE('',*,*,#3776,.T.);
#3776 = EDGE_CURVE('',#3769,#3745,#3777,.T.);
#3777 = LINE('',#3778,#3779);
#3778 = CARTESIAN_POINT('',(2.748426202002,-11.60630125851,0.9));
#3779 = VECTOR('',#3780,1.);
#3780 = DIRECTION('',(0.477534207329,-0.87861315767,9.032542735296E-14)
  );
#3781 = ORIENTED_EDGE('',*,*,#3744,.F.);
#3782 = ORIENTED_EDGE('',*,*,#766,.F.);
#3783 = PLANE('',#3784);
#3784 = AXIS2_PLACEMENT_3D('',#3785,#3786,#3787);
#3785 = CARTESIAN_POINT('',(2.748426202002,-11.60630125851,1.));
#3786 = DIRECTION('',(-0.87861315767,-0.477534207329,4.126E-14));
#3787 = DIRECTION('',(0.477534207329,-0.87861315767,9.079E-14));
#3788 = ADVANCED_FACE('',(#3789),#3807,.T.);
#3789 = FACE_BOUND('',#3790,.T.);
#3790 = EDGE_LOOP('',(#3791,#3799,#3805,#3806));
#3791 = ORIENTED_EDGE('',*,*,#3792,.T.);
#3792 = EDGE_CURVE('',#751,#3793,#3795,.T.);
#3793 = VERTEX_POINT('',#3794);
#3794 = CARTESIAN_POINT('',(2.539575138173,-11.60630118382,0.9));
#3795 = LINE('',#3796,#3797);
#3796 = CARTESIAN_POINT('',(2.539575138173,-11.60630118382,1.));
#3797 = VECTOR('',#3798,1.);
#3798 = DIRECTION('',(7.11E-15,-9.948E-14,-1.));
#3799 = ORIENTED_EDGE('',*,*,#3800,.T.);
#3800 = EDGE_CURVE('',#3793,#3769,#3801,.T.);
#3801 = LINE('',#3802,#3803);
#3802 = CARTESIAN_POINT('',(2.539575138173,-11.60630118382,0.9));
#3803 = VECTOR('',#3804,1.);
#3804 = DIRECTION('',(1.,-3.57627869E-07,7.E-15));
#3805 = ORIENTED_EDGE('',*,*,#3768,.F.);
#3806 = ORIENTED_EDGE('',*,*,#758,.F.);
#3807 = PLANE('',#3808);
#3808 = AXIS2_PLACEMENT_3D('',#3809,#3810,#3811);
#3809 = CARTESIAN_POINT('',(2.539575138173,-11.60630118382,1.));
#3810 = DIRECTION('',(-3.5762786865E-07,-1.,9.948E-14));
#3811 = DIRECTION('',(1.,-3.5762786865E-07,7.11E-15));
#3812 = ADVANCED_FACE('',(#3813),#3824,.T.);
#3813 = FACE_BOUND('',#3814,.T.);
#3814 = EDGE_LOOP('',(#3815,#3816,#3822,#3823));
#3815 = ORIENTED_EDGE('',*,*,#3609,.T.);
#3816 = ORIENTED_EDGE('',*,*,#3817,.T.);
#3817 = EDGE_CURVE('',#3602,#3793,#3818,.T.);
#3818 = LINE('',#3819,#3820);
#3819 = CARTESIAN_POINT('',(2.539574468085,-13.48000331148,0.9));
#3820 = VECTOR('',#3821,1.);
#3821 = DIRECTION('',(3.57627869E-07,1.,-9.9E-14));
#3822 = ORIENTED_EDGE('',*,*,#3792,.F.);
#3823 = ORIENTED_EDGE('',*,*,#750,.F.);
#3824 = PLANE('',#3825);
#3825 = AXIS2_PLACEMENT_3D('',#3826,#3827,#3828);
#3826 = CARTESIAN_POINT('',(2.539574468085,-13.48000331148,1.));
#3827 = DIRECTION('',(1.,-3.5762786865E-07,7.11E-15));
#3828 = DIRECTION('',(3.5762786865E-07,1.,-9.948E-14));
#3829 = ADVANCED_FACE('',(#3830),#3855,.T.);
#3830 = FACE_BOUND('',#3831,.T.);
#3831 = EDGE_LOOP('',(#3832,#3840,#3848,#3854));
#3832 = ORIENTED_EDGE('',*,*,#3833,.T.);
#3833 = EDGE_CURVE('',#823,#3834,#3836,.T.);
#3834 = VERTEX_POINT('',#3835);
#3835 = CARTESIAN_POINT('',(4.326127659574,-13.4800039504,0.9));
#3836 = LINE('',#3837,#3838);
#3837 = CARTESIAN_POINT('',(4.326127659574,-13.4800039504,1.));
#3838 = VECTOR('',#3839,1.);
#3839 = DIRECTION('',(7.11E-15,-9.948E-14,-1.));
#3840 = ORIENTED_EDGE('',*,*,#3841,.T.);
#3841 = EDGE_CURVE('',#3834,#3842,#3844,.T.);
#3842 = VERTEX_POINT('',#3843);
#3843 = CARTESIAN_POINT('',(4.12459574468,-13.48000387833,0.9));
#3844 = LINE('',#3845,#3846);
#3845 = CARTESIAN_POINT('',(4.326127659574,-13.4800039504,0.9));
#3846 = VECTOR('',#3847,1.);
#3847 = DIRECTION('',(-1.,3.57627869E-07,-7.E-15));
#3848 = ORIENTED_EDGE('',*,*,#3849,.F.);
#3849 = EDGE_CURVE('',#825,#3842,#3850,.T.);
#3850 = LINE('',#3851,#3852);
#3851 = CARTESIAN_POINT('',(4.12459574468,-13.48000387833,1.));
#3852 = VECTOR('',#3853,1.);
#3853 = DIRECTION('',(7.11E-15,-9.948E-14,-1.));
#3854 = ORIENTED_EDGE('',*,*,#822,.F.);
#3855 = PLANE('',#3856);
#3856 = AXIS2_PLACEMENT_3D('',#3857,#3858,#3859);
#3857 = CARTESIAN_POINT('',(4.326127659574,-13.4800039504,1.));
#3858 = DIRECTION('',(3.5762786865E-07,1.,-9.948E-14));
#3859 = DIRECTION('',(-1.,3.5762786865E-07,-7.11E-15));
#3860 = ADVANCED_FACE('',(#3861),#3879,.T.);
#3861 = FACE_BOUND('',#3862,.T.);
#3862 = EDGE_LOOP('',(#3863,#3871,#3877,#3878));
#3863 = ORIENTED_EDGE('',*,*,#3864,.T.);
#3864 = EDGE_CURVE('',#841,#3865,#3867,.T.);
#3865 = VERTEX_POINT('',#3866);
#3866 = CARTESIAN_POINT('',(4.326128329662,-11.60630182274,0.9));
#3867 = LINE('',#3868,#3869);
#3868 = CARTESIAN_POINT('',(4.326128329662,-11.60630182274,1.));
#3869 = VECTOR('',#3870,1.);
#3870 = DIRECTION('',(7.11E-15,-9.948E-14,-1.));
#3871 = ORIENTED_EDGE('',*,*,#3872,.T.);
#3872 = EDGE_CURVE('',#3865,#3834,#3873,.T.);
#3873 = LINE('',#3874,#3875);
#3874 = CARTESIAN_POINT('',(4.326128329662,-11.60630182274,0.9));
#3875 = VECTOR('',#3876,1.);
#3876 = DIRECTION('',(-3.57627869E-07,-1.,9.9E-14));
#3877 = ORIENTED_EDGE('',*,*,#3833,.F.);
#3878 = ORIENTED_EDGE('',*,*,#848,.F.);
#3879 = PLANE('',#3880);
#3880 = AXIS2_PLACEMENT_3D('',#3881,#3882,#3883);
#3881 = CARTESIAN_POINT('',(4.326128329662,-11.60630182274,1.));
#3882 = DIRECTION('',(-1.,3.5762786865E-07,-7.11E-15));
#3883 = DIRECTION('',(-3.5762786865E-07,-1.,9.948E-14));
#3884 = ADVANCED_FACE('',(#3885),#3903,.T.);
#3885 = FACE_BOUND('',#3886,.T.);
#3886 = EDGE_LOOP('',(#3887,#3895,#3901,#3902));
#3887 = ORIENTED_EDGE('',*,*,#3888,.T.);
#3888 = EDGE_CURVE('',#833,#3889,#3891,.T.);
#3889 = VERTEX_POINT('',#3890);
#3890 = CARTESIAN_POINT('',(4.124596414768,-11.60630175067,0.9));
#3891 = LINE('',#3892,#3893);
#3892 = CARTESIAN_POINT('',(4.124596414768,-11.60630175067,1.));
#3893 = VECTOR('',#3894,1.);
#3894 = DIRECTION('',(7.11E-15,-9.948E-14,-1.));
#3895 = ORIENTED_EDGE('',*,*,#3896,.T.);
#3896 = EDGE_CURVE('',#3889,#3865,#3897,.T.);
#3897 = LINE('',#3898,#3899);
#3898 = CARTESIAN_POINT('',(4.124596414768,-11.60630175067,0.9));
#3899 = VECTOR('',#3900,1.);
#3900 = DIRECTION('',(1.,-3.57627869E-07,7.E-15));
#3901 = ORIENTED_EDGE('',*,*,#3864,.F.);
#3902 = ORIENTED_EDGE('',*,*,#840,.F.);
#3903 = PLANE('',#3904);
#3904 = AXIS2_PLACEMENT_3D('',#3905,#3906,#3907);
#3905 = CARTESIAN_POINT('',(4.124596414768,-11.60630175067,1.));
#3906 = DIRECTION('',(-3.5762786865E-07,-1.,9.948E-14));
#3907 = DIRECTION('',(1.,-3.5762786865E-07,7.11E-15));
#3908 = ADVANCED_FACE('',(#3909),#3920,.T.);
#3909 = FACE_BOUND('',#3910,.T.);
#3910 = EDGE_LOOP('',(#3911,#3912,#3918,#3919));
#3911 = ORIENTED_EDGE('',*,*,#3849,.T.);
#3912 = ORIENTED_EDGE('',*,*,#3913,.T.);
#3913 = EDGE_CURVE('',#3842,#3889,#3914,.T.);
#3914 = LINE('',#3915,#3916);
#3915 = CARTESIAN_POINT('',(4.12459574468,-13.48000387833,0.9));
#3916 = VECTOR('',#3917,1.);
#3917 = DIRECTION('',(3.57627869E-07,1.,-9.9E-14));
#3918 = ORIENTED_EDGE('',*,*,#3888,.F.);
#3919 = ORIENTED_EDGE('',*,*,#832,.F.);
#3920 = PLANE('',#3921);
#3921 = AXIS2_PLACEMENT_3D('',#3922,#3923,#3924);
#3922 = CARTESIAN_POINT('',(4.12459574468,-13.48000387833,1.));
#3923 = DIRECTION('',(1.,-3.5762786865E-07,7.11E-15));
#3924 = DIRECTION('',(3.5762786865E-07,1.,-9.948E-14));
#3925 = ADVANCED_FACE('',(#3926),#4181,.T.);
#3926 = FACE_BOUND('',#3927,.T.);
#3927 = EDGE_LOOP('',(#3928,#3936,#3944,#3950,#3951,#3959,#3967,#3973,
    #3974,#3982,#3990,#3996,#3997,#4005,#4013,#4019,#4020,#4028,#4036,
    #4042,#4043,#4051,#4059,#4065,#4066,#4074,#4082,#4088,#4089,#4097,
    #4105,#4111,#4112,#4120,#4128,#4134,#4135,#4143,#4151,#4157,#4158,
    #4166,#4174,#4180));
#3928 = ORIENTED_EDGE('',*,*,#3929,.T.);
#3929 = EDGE_CURVE('',#1206,#3930,#3932,.T.);
#3930 = VERTEX_POINT('',#3931);
#3931 = CARTESIAN_POINT('',(-4.,-9.,2.5));
#3932 = LINE('',#3933,#3934);
#3933 = CARTESIAN_POINT('',(-4.,-9.,1.));
#3934 = VECTOR('',#3935,1.);
#3935 = DIRECTION('',(0.,0.,1.));
#3936 = ORIENTED_EDGE('',*,*,#3937,.T.);
#3937 = EDGE_CURVE('',#3930,#3938,#3940,.T.);
#3938 = VERTEX_POINT('',#3939);
#3939 = CARTESIAN_POINT('',(-4.,5.,2.5));
#3940 = LINE('',#3941,#3942);
#3941 = CARTESIAN_POINT('',(-4.,-9.,2.5));
#3942 = VECTOR('',#3943,1.);
#3943 = DIRECTION('',(0.,1.,0.));
#3944 = ORIENTED_EDGE('',*,*,#3945,.F.);
#3945 = EDGE_CURVE('',#862,#3938,#3946,.T.);
#3946 = LINE('',#3947,#3948);
#3947 = CARTESIAN_POINT('',(-4.,5.,1.));
#3948 = VECTOR('',#3949,1.);
#3949 = DIRECTION('',(0.,0.,1.));
#3950 = ORIENTED_EDGE('',*,*,#859,.F.);
#3951 = ORIENTED_EDGE('',*,*,#3952,.F.);
#3952 = EDGE_CURVE('',#3953,#860,#3955,.T.);
#3953 = VERTEX_POINT('',#3954);
#3954 = CARTESIAN_POINT('',(-4.,4.631335,1.3));
#3955 = LINE('',#3956,#3957);
#3956 = CARTESIAN_POINT('',(-4.,4.631335,1.));
#3957 = VECTOR('',#3958,1.);
#3958 = DIRECTION('',(0.,0.,-1.));
#3959 = ORIENTED_EDGE('',*,*,#3960,.F.);
#3960 = EDGE_CURVE('',#3961,#3953,#3963,.T.);
#3961 = VERTEX_POINT('',#3962);
#3962 = CARTESIAN_POINT('',(-4.,3.969663,1.3));
#3963 = LINE('',#3964,#3965);
#3964 = CARTESIAN_POINT('',(-4.,-2.3497505,1.3));
#3965 = VECTOR('',#3966,1.);
#3966 = DIRECTION('',(0.,1.,0.));
#3967 = ORIENTED_EDGE('',*,*,#3968,.F.);
#3968 = EDGE_CURVE('',#1502,#3961,#3969,.T.);
#3969 = LINE('',#3970,#3971);
#3970 = CARTESIAN_POINT('',(-4.,3.969663,1.));
#3971 = VECTOR('',#3972,1.);
#3972 = DIRECTION('',(0.,0.,1.));
#3973 = ORIENTED_EDGE('',*,*,#1501,.F.);
#3974 = ORIENTED_EDGE('',*,*,#3975,.F.);
#3975 = EDGE_CURVE('',#3976,#1494,#3978,.T.);
#3976 = VERTEX_POINT('',#3977);
#3977 = CARTESIAN_POINT('',(-4.,3.298001666667,1.3));
#3978 = LINE('',#3979,#3980);
#3979 = CARTESIAN_POINT('',(-4.,3.298001666667,1.));
#3980 = VECTOR('',#3981,1.);
#3981 = DIRECTION('',(0.,0.,-1.));
#3982 = ORIENTED_EDGE('',*,*,#3983,.F.);
#3983 = EDGE_CURVE('',#3984,#3976,#3986,.T.);
#3984 = VERTEX_POINT('',#3985);
#3985 = CARTESIAN_POINT('',(-4.,2.636329666667,1.3));
#3986 = LINE('',#3987,#3988);
#3987 = CARTESIAN_POINT('',(-4.,-3.016417166667,1.3));
#3988 = VECTOR('',#3989,1.);
#3989 = DIRECTION('',(0.,1.,0.));
#3990 = ORIENTED_EDGE('',*,*,#3991,.F.);
#3991 = EDGE_CURVE('',#1470,#3984,#3992,.T.);
#3992 = LINE('',#3993,#3994);
#3993 = CARTESIAN_POINT('',(-4.,2.636329666667,1.));
#3994 = VECTOR('',#3995,1.);
#3995 = DIRECTION('',(0.,0.,1.));
#3996 = ORIENTED_EDGE('',*,*,#1469,.F.);
#3997 = ORIENTED_EDGE('',*,*,#3998,.F.);
#3998 = EDGE_CURVE('',#3999,#1462,#4001,.T.);
#3999 = VERTEX_POINT('',#4000);
#4000 = CARTESIAN_POINT('',(-4.,1.964668333333,1.3));
#4001 = LINE('',#4002,#4003);
#4002 = CARTESIAN_POINT('',(-4.,1.964668333333,1.));
#4003 = VECTOR('',#4004,1.);
#4004 = DIRECTION('',(0.,0.,-1.));
#4005 = ORIENTED_EDGE('',*,*,#4006,.F.);
#4006 = EDGE_CURVE('',#4007,#3999,#4009,.T.);
#4007 = VERTEX_POINT('',#4008);
#4008 = CARTESIAN_POINT('',(-4.,1.302996333333,1.3));
#4009 = LINE('',#4010,#4011);
#4010 = CARTESIAN_POINT('',(-4.,-3.683083833333,1.3));
#4011 = VECTOR('',#4012,1.);
#4012 = DIRECTION('',(0.,1.,0.));
#4013 = ORIENTED_EDGE('',*,*,#4014,.F.);
#4014 = EDGE_CURVE('',#1438,#4007,#4015,.T.);
#4015 = LINE('',#4016,#4017);
#4016 = CARTESIAN_POINT('',(-4.,1.302996333333,1.));
#4017 = VECTOR('',#4018,1.);
#4018 = DIRECTION('',(0.,0.,1.));
#4019 = ORIENTED_EDGE('',*,*,#1437,.F.);
#4020 = ORIENTED_EDGE('',*,*,#4021,.F.);
#4021 = EDGE_CURVE('',#4022,#1430,#4024,.T.);
#4022 = VERTEX_POINT('',#4023);
#4023 = CARTESIAN_POINT('',(-4.,0.631335,1.3));
#4024 = LINE('',#4025,#4026);
#4025 = CARTESIAN_POINT('',(-4.,0.631335,1.));
#4026 = VECTOR('',#4027,1.);
#4027 = DIRECTION('',(0.,0.,-1.));
#4028 = ORIENTED_EDGE('',*,*,#4029,.F.);
#4029 = EDGE_CURVE('',#4030,#4022,#4032,.T.);
#4030 = VERTEX_POINT('',#4031);
#4031 = CARTESIAN_POINT('',(-4.,-3.0337E-02,1.3));
#4032 = LINE('',#4033,#4034);
#4033 = CARTESIAN_POINT('',(-4.,-4.3497505,1.3));
#4034 = VECTOR('',#4035,1.);
#4035 = DIRECTION('',(0.,1.,0.));
#4036 = ORIENTED_EDGE('',*,*,#4037,.F.);
#4037 = EDGE_CURVE('',#1406,#4030,#4038,.T.);
#4038 = LINE('',#4039,#4040);
#4039 = CARTESIAN_POINT('',(-4.,-3.0337E-02,1.));
#4040 = VECTOR('',#4041,1.);
#4041 = DIRECTION('',(0.,0.,1.));
#4042 = ORIENTED_EDGE('',*,*,#1405,.F.);
#4043 = ORIENTED_EDGE('',*,*,#4044,.F.);
#4044 = EDGE_CURVE('',#4045,#1398,#4047,.T.);
#4045 = VERTEX_POINT('',#4046);
#4046 = CARTESIAN_POINT('',(-4.,-0.701998333333,1.3));
#4047 = LINE('',#4048,#4049);
#4048 = CARTESIAN_POINT('',(-4.,-0.701998333333,1.));
#4049 = VECTOR('',#4050,1.);
#4050 = DIRECTION('',(0.,0.,-1.));
#4051 = ORIENTED_EDGE('',*,*,#4052,.F.);
#4052 = EDGE_CURVE('',#4053,#4045,#4055,.T.);
#4053 = VERTEX_POINT('',#4054);
#4054 = CARTESIAN_POINT('',(-4.,-1.363670333333,1.3));
#4055 = LINE('',#4056,#4057);
#4056 = CARTESIAN_POINT('',(-4.,-5.016417166667,1.3));
#4057 = VECTOR('',#4058,1.);
#4058 = DIRECTION('',(0.,1.,0.));
#4059 = ORIENTED_EDGE('',*,*,#4060,.F.);
#4060 = EDGE_CURVE('',#1374,#4053,#4061,.T.);
#4061 = LINE('',#4062,#4063);
#4062 = CARTESIAN_POINT('',(-4.,-1.363670333333,1.));
#4063 = VECTOR('',#4064,1.);
#4064 = DIRECTION('',(0.,0.,1.));
#4065 = ORIENTED_EDGE('',*,*,#1373,.F.);
#4066 = ORIENTED_EDGE('',*,*,#4067,.F.);
#4067 = EDGE_CURVE('',#4068,#1366,#4070,.T.);
#4068 = VERTEX_POINT('',#4069);
#4069 = CARTESIAN_POINT('',(-4.,-2.035331666667,1.3));
#4070 = LINE('',#4071,#4072);
#4071 = CARTESIAN_POINT('',(-4.,-2.035331666667,1.));
#4072 = VECTOR('',#4073,1.);
#4073 = DIRECTION('',(0.,0.,-1.));
#4074 = ORIENTED_EDGE('',*,*,#4075,.F.);
#4075 = EDGE_CURVE('',#4076,#4068,#4078,.T.);
#4076 = VERTEX_POINT('',#4077);
#4077 = CARTESIAN_POINT('',(-4.,-2.697003666667,1.3));
#4078 = LINE('',#4079,#4080);
#4079 = CARTESIAN_POINT('',(-4.,-5.683083833333,1.3));
#4080 = VECTOR('',#4081,1.);
#4081 = DIRECTION('',(0.,1.,0.));
#4082 = ORIENTED_EDGE('',*,*,#4083,.F.);
#4083 = EDGE_CURVE('',#1342,#4076,#4084,.T.);
#4084 = LINE('',#4085,#4086);
#4085 = CARTESIAN_POINT('',(-4.,-2.697003666667,1.));
#4086 = VECTOR('',#4087,1.);
#4087 = DIRECTION('',(0.,0.,1.));
#4088 = ORIENTED_EDGE('',*,*,#1341,.F.);
#4089 = ORIENTED_EDGE('',*,*,#4090,.F.);
#4090 = EDGE_CURVE('',#4091,#1334,#4093,.T.);
#4091 = VERTEX_POINT('',#4092);
#4092 = CARTESIAN_POINT('',(-4.,-3.368665,1.3));
#4093 = LINE('',#4094,#4095);
#4094 = CARTESIAN_POINT('',(-4.,-3.368665,1.));
#4095 = VECTOR('',#4096,1.);
#4096 = DIRECTION('',(0.,0.,-1.));
#4097 = ORIENTED_EDGE('',*,*,#4098,.F.);
#4098 = EDGE_CURVE('',#4099,#4091,#4101,.T.);
#4099 = VERTEX_POINT('',#4100);
#4100 = CARTESIAN_POINT('',(-4.,-4.030337,1.3));
#4101 = LINE('',#4102,#4103);
#4102 = CARTESIAN_POINT('',(-4.,-6.3497505,1.3));
#4103 = VECTOR('',#4104,1.);
#4104 = DIRECTION('',(0.,1.,0.));
#4105 = ORIENTED_EDGE('',*,*,#4106,.F.);
#4106 = EDGE_CURVE('',#1310,#4099,#4107,.T.);
#4107 = LINE('',#4108,#4109);
#4108 = CARTESIAN_POINT('',(-4.,-4.030337,1.));
#4109 = VECTOR('',#4110,1.);
#4110 = DIRECTION('',(0.,0.,1.));
#4111 = ORIENTED_EDGE('',*,*,#1309,.F.);
#4112 = ORIENTED_EDGE('',*,*,#4113,.F.);
#4113 = EDGE_CURVE('',#4114,#1302,#4116,.T.);
#4114 = VERTEX_POINT('',#4115);
#4115 = CARTESIAN_POINT('',(-4.,-4.701998333333,1.3));
#4116 = LINE('',#4117,#4118);
#4117 = CARTESIAN_POINT('',(-4.,-4.701998333333,1.));
#4118 = VECTOR('',#4119,1.);
#4119 = DIRECTION('',(0.,0.,-1.));
#4120 = ORIENTED_EDGE('',*,*,#4121,.F.);
#4121 = EDGE_CURVE('',#4122,#4114,#4124,.T.);
#4122 = VERTEX_POINT('',#4123);
#4123 = CARTESIAN_POINT('',(-4.,-5.363670333333,1.3));
#4124 = LINE('',#4125,#4126);
#4125 = CARTESIAN_POINT('',(-4.,-7.016417166667,1.3));
#4126 = VECTOR('',#4127,1.);
#4127 = DIRECTION('',(0.,1.,0.));
#4128 = ORIENTED_EDGE('',*,*,#4129,.F.);
#4129 = EDGE_CURVE('',#1278,#4122,#4130,.T.);
#4130 = LINE('',#4131,#4132);
#4131 = CARTESIAN_POINT('',(-4.,-5.363670333333,1.));
#4132 = VECTOR('',#4133,1.);
#4133 = DIRECTION('',(0.,0.,1.));
#4134 = ORIENTED_EDGE('',*,*,#1277,.F.);
#4135 = ORIENTED_EDGE('',*,*,#4136,.F.);
#4136 = EDGE_CURVE('',#4137,#1270,#4139,.T.);
#4137 = VERTEX_POINT('',#4138);
#4138 = CARTESIAN_POINT('',(-4.,-6.035331666667,1.3));
#4139 = LINE('',#4140,#4141);
#4140 = CARTESIAN_POINT('',(-4.,-6.035331666667,1.));
#4141 = VECTOR('',#4142,1.);
#4142 = DIRECTION('',(0.,0.,-1.));
#4143 = ORIENTED_EDGE('',*,*,#4144,.F.);
#4144 = EDGE_CURVE('',#4145,#4137,#4147,.T.);
#4145 = VERTEX_POINT('',#4146);
#4146 = CARTESIAN_POINT('',(-4.,-6.697003666667,1.3));
#4147 = LINE('',#4148,#4149);
#4148 = CARTESIAN_POINT('',(-4.,-7.683083833333,1.3));
#4149 = VECTOR('',#4150,1.);
#4150 = DIRECTION('',(0.,1.,0.));
#4151 = ORIENTED_EDGE('',*,*,#4152,.F.);
#4152 = EDGE_CURVE('',#1246,#4145,#4153,.T.);
#4153 = LINE('',#4154,#4155);
#4154 = CARTESIAN_POINT('',(-4.,-6.697003666667,1.));
#4155 = VECTOR('',#4156,1.);
#4156 = DIRECTION('',(0.,0.,1.));
#4157 = ORIENTED_EDGE('',*,*,#1245,.F.);
#4158 = ORIENTED_EDGE('',*,*,#4159,.F.);
#4159 = EDGE_CURVE('',#4160,#1238,#4162,.T.);
#4160 = VERTEX_POINT('',#4161);
#4161 = CARTESIAN_POINT('',(-4.,-7.368665,1.3));
#4162 = LINE('',#4163,#4164);
#4163 = CARTESIAN_POINT('',(-4.,-7.368665,1.));
#4164 = VECTOR('',#4165,1.);
#4165 = DIRECTION('',(0.,0.,-1.));
#4166 = ORIENTED_EDGE('',*,*,#4167,.F.);
#4167 = EDGE_CURVE('',#4168,#4160,#4170,.T.);
#4168 = VERTEX_POINT('',#4169);
#4169 = CARTESIAN_POINT('',(-4.,-8.030337,1.3));
#4170 = LINE('',#4171,#4172);
#4171 = CARTESIAN_POINT('',(-4.,-8.3497505,1.3));
#4172 = VECTOR('',#4173,1.);
#4173 = DIRECTION('',(0.,1.,0.));
#4174 = ORIENTED_EDGE('',*,*,#4175,.F.);
#4175 = EDGE_CURVE('',#1214,#4168,#4176,.T.);
#4176 = LINE('',#4177,#4178);
#4177 = CARTESIAN_POINT('',(-4.,-8.030337,1.));
#4178 = VECTOR('',#4179,1.);
#4179 = DIRECTION('',(0.,0.,1.));
#4180 = ORIENTED_EDGE('',*,*,#1213,.F.);
#4181 = PLANE('',#4182);
#4182 = AXIS2_PLACEMENT_3D('',#4183,#4184,#4185);
#4183 = CARTESIAN_POINT('',(-4.,-9.,1.));
#4184 = DIRECTION('',(-1.,0.,0.));
#4185 = DIRECTION('',(0.,1.,0.));
#4186 = ADVANCED_FACE('',(#4187),#4205,.T.);
#4187 = FACE_BOUND('',#4188,.T.);
#4188 = EDGE_LOOP('',(#4189,#4190,#4198,#4204));
#4189 = ORIENTED_EDGE('',*,*,#1525,.F.);
#4190 = ORIENTED_EDGE('',*,*,#4191,.T.);
#4191 = EDGE_CURVE('',#1518,#4192,#4194,.T.);
#4192 = VERTEX_POINT('',#4193);
#4193 = CARTESIAN_POINT('',(-5.218666,4.631335,1.3));
#4194 = LINE('',#4195,#4196);
#4195 = CARTESIAN_POINT('',(-5.218666,4.631335,1.));
#4196 = VECTOR('',#4197,1.);
#4197 = DIRECTION('',(0.,0.,1.));
#4198 = ORIENTED_EDGE('',*,*,#4199,.T.);
#4199 = EDGE_CURVE('',#4192,#3953,#4200,.T.);
#4200 = LINE('',#4201,#4202);
#4201 = CARTESIAN_POINT('',(-5.218666,4.631335,1.3));
#4202 = VECTOR('',#4203,1.);
#4203 = DIRECTION('',(1.,0.,0.));
#4204 = ORIENTED_EDGE('',*,*,#3952,.T.);
#4205 = PLANE('',#4206);
#4206 = AXIS2_PLACEMENT_3D('',#4207,#4208,#4209);
#4207 = CARTESIAN_POINT('',(-5.218666,4.631335,1.));
#4208 = DIRECTION('',(0.,1.,0.));
#4209 = DIRECTION('',(1.,0.,0.));
#4210 = ADVANCED_FACE('',(#4211),#4229,.T.);
#4211 = FACE_BOUND('',#4212,.T.);
#4212 = EDGE_LOOP('',(#4213,#4214,#4222,#4228));
#4213 = ORIENTED_EDGE('',*,*,#3945,.T.);
#4214 = ORIENTED_EDGE('',*,*,#4215,.T.);
#4215 = EDGE_CURVE('',#3938,#4216,#4218,.T.);
#4216 = VERTEX_POINT('',#4217);
#4217 = CARTESIAN_POINT('',(4.,5.,2.5));
#4218 = LINE('',#4219,#4220);
#4219 = CARTESIAN_POINT('',(-4.,5.,2.5));
#4220 = VECTOR('',#4221,1.);
#4221 = DIRECTION('',(1.,0.,0.));
#4222 = ORIENTED_EDGE('',*,*,#4223,.F.);
#4223 = EDGE_CURVE('',#870,#4216,#4224,.T.);
#4224 = LINE('',#4225,#4226);
#4225 = CARTESIAN_POINT('',(4.,5.,1.));
#4226 = VECTOR('',#4227,1.);
#4227 = DIRECTION('',(0.,0.,1.));
#4228 = ORIENTED_EDGE('',*,*,#869,.F.);
#4229 = PLANE('',#4230);
#4230 = AXIS2_PLACEMENT_3D('',#4231,#4232,#4233);
#4231 = CARTESIAN_POINT('',(-4.,5.,1.));
#4232 = DIRECTION('',(0.,1.,0.));
#4233 = DIRECTION('',(1.,0.,0.));
#4234 = ADVANCED_FACE('',(#4235),#4253,.T.);
#4235 = FACE_BOUND('',#4236,.T.);
#4236 = EDGE_LOOP('',(#4237,#4245,#4251,#4252));
#4237 = ORIENTED_EDGE('',*,*,#4238,.T.);
#4238 = EDGE_CURVE('',#1510,#4239,#4241,.T.);
#4239 = VERTEX_POINT('',#4240);
#4240 = CARTESIAN_POINT('',(-5.218666,3.969663,1.3));
#4241 = LINE('',#4242,#4243);
#4242 = CARTESIAN_POINT('',(-5.218666,3.969663,1.));
#4243 = VECTOR('',#4244,1.);
#4244 = DIRECTION('',(0.,0.,1.));
#4245 = ORIENTED_EDGE('',*,*,#4246,.T.);
#4246 = EDGE_CURVE('',#4239,#4192,#4247,.T.);
#4247 = LINE('',#4248,#4249);
#4248 = CARTESIAN_POINT('',(-5.218666,3.969663,1.3));
#4249 = VECTOR('',#4250,1.);
#4250 = DIRECTION('',(0.,1.,0.));
#4251 = ORIENTED_EDGE('',*,*,#4191,.F.);
#4252 = ORIENTED_EDGE('',*,*,#1517,.F.);
#4253 = PLANE('',#4254);
#4254 = AXIS2_PLACEMENT_3D('',#4255,#4256,#4257);
#4255 = CARTESIAN_POINT('',(-5.218666,3.969663,1.));
#4256 = DIRECTION('',(-1.,0.,0.));
#4257 = DIRECTION('',(0.,1.,0.));
#4258 = ADVANCED_FACE('',(#4259),#4507,.T.);
#4259 = FACE_BOUND('',#4260,.T.);
#4260 = EDGE_LOOP('',(#4261,#4262,#4270,#4276,#4277,#4285,#4293,#4299,
    #4300,#4308,#4316,#4322,#4323,#4331,#4339,#4345,#4346,#4354,#4362,
    #4368,#4369,#4377,#4385,#4391,#4392,#4400,#4408,#4414,#4415,#4423,
    #4431,#4437,#4438,#4446,#4454,#4460,#4461,#4469,#4477,#4483,#4484,
    #4492,#4500,#4506));
#4261 = ORIENTED_EDGE('',*,*,#4223,.T.);
#4262 = ORIENTED_EDGE('',*,*,#4263,.T.);
#4263 = EDGE_CURVE('',#4216,#4264,#4266,.T.);
#4264 = VERTEX_POINT('',#4265);
#4265 = CARTESIAN_POINT('',(4.,-9.,2.5));
#4266 = LINE('',#4267,#4268);
#4267 = CARTESIAN_POINT('',(4.,5.,2.5));
#4268 = VECTOR('',#4269,1.);
#4269 = DIRECTION('',(0.,-1.,0.));
#4270 = ORIENTED_EDGE('',*,*,#4271,.F.);
#4271 = EDGE_CURVE('',#1198,#4264,#4272,.T.);
#4272 = LINE('',#4273,#4274);
#4273 = CARTESIAN_POINT('',(4.,-9.,1.));
#4274 = VECTOR('',#4275,1.);
#4275 = DIRECTION('',(0.,0.,1.));
#4276 = ORIENTED_EDGE('',*,*,#1197,.F.);
#4277 = ORIENTED_EDGE('',*,*,#4278,.F.);
#4278 = EDGE_CURVE('',#4279,#1190,#4281,.T.);
#4279 = VERTEX_POINT('',#4280);
#4280 = CARTESIAN_POINT('',(4.,-7.808754,1.4));
#4281 = LINE('',#4282,#4283);
#4282 = CARTESIAN_POINT('',(4.,-7.808754,1.));
#4283 = VECTOR('',#4284,1.);
#4284 = DIRECTION('',(0.,0.,-1.));
#4285 = ORIENTED_EDGE('',*,*,#4286,.F.);
#4286 = EDGE_CURVE('',#4287,#4279,#4289,.T.);
#4287 = VERTEX_POINT('',#4288);
#4288 = CARTESIAN_POINT('',(4.,-7.29415,1.4));
#4289 = LINE('',#4290,#4291);
#4290 = CARTESIAN_POINT('',(4.,-1.275726,1.4));
#4291 = VECTOR('',#4292,1.);
#4292 = DIRECTION('',(0.,-1.,0.));
#4293 = ORIENTED_EDGE('',*,*,#4294,.F.);
#4294 = EDGE_CURVE('',#1166,#4287,#4295,.T.);
#4295 = LINE('',#4296,#4297);
#4296 = CARTESIAN_POINT('',(4.,-7.29415,1.));
#4297 = VECTOR('',#4298,1.);
#4298 = DIRECTION('',(0.,0.,1.));
#4299 = ORIENTED_EDGE('',*,*,#1165,.F.);
#4300 = ORIENTED_EDGE('',*,*,#4301,.F.);
#4301 = EDGE_CURVE('',#4302,#1158,#4304,.T.);
#4302 = VERTEX_POINT('',#4303);
#4303 = CARTESIAN_POINT('',(4.,-6.475420666667,1.4));
#4304 = LINE('',#4305,#4306);
#4305 = CARTESIAN_POINT('',(4.,-6.475420666667,1.));
#4306 = VECTOR('',#4307,1.);
#4307 = DIRECTION('',(0.,0.,-1.));
#4308 = ORIENTED_EDGE('',*,*,#4309,.F.);
#4309 = EDGE_CURVE('',#4310,#4302,#4312,.T.);
#4310 = VERTEX_POINT('',#4311);
#4311 = CARTESIAN_POINT('',(4.,-5.960816666667,1.4));
#4312 = LINE('',#4313,#4314);
#4313 = CARTESIAN_POINT('',(4.,-0.609059333333,1.4));
#4314 = VECTOR('',#4315,1.);
#4315 = DIRECTION('',(0.,-1.,0.));
#4316 = ORIENTED_EDGE('',*,*,#4317,.F.);
#4317 = EDGE_CURVE('',#1134,#4310,#4318,.T.);
#4318 = LINE('',#4319,#4320);
#4319 = CARTESIAN_POINT('',(4.,-5.960816666667,1.));
#4320 = VECTOR('',#4321,1.);
#4321 = DIRECTION('',(0.,0.,1.));
#4322 = ORIENTED_EDGE('',*,*,#1133,.F.);
#4323 = ORIENTED_EDGE('',*,*,#4324,.F.);
#4324 = EDGE_CURVE('',#4325,#1126,#4327,.T.);
#4325 = VERTEX_POINT('',#4326);
#4326 = CARTESIAN_POINT('',(4.,-5.142087333333,1.4));
#4327 = LINE('',#4328,#4329);
#4328 = CARTESIAN_POINT('',(4.,-5.142087333333,1.));
#4329 = VECTOR('',#4330,1.);
#4330 = DIRECTION('',(0.,0.,-1.));
#4331 = ORIENTED_EDGE('',*,*,#4332,.F.);
#4332 = EDGE_CURVE('',#4333,#4325,#4335,.T.);
#4333 = VERTEX_POINT('',#4334);
#4334 = CARTESIAN_POINT('',(4.,-4.627483333333,1.4));
#4335 = LINE('',#4336,#4337);
#4336 = CARTESIAN_POINT('',(4.,5.760733333333E-02,1.4));
#4337 = VECTOR('',#4338,1.);
#4338 = DIRECTION('',(0.,-1.,0.));
#4339 = ORIENTED_EDGE('',*,*,#4340,.F.);
#4340 = EDGE_CURVE('',#1102,#4333,#4341,.T.);
#4341 = LINE('',#4342,#4343);
#4342 = CARTESIAN_POINT('',(4.,-4.627483333333,1.));
#4343 = VECTOR('',#4344,1.);
#4344 = DIRECTION('',(0.,0.,1.));
#4345 = ORIENTED_EDGE('',*,*,#1101,.F.);
#4346 = ORIENTED_EDGE('',*,*,#4347,.F.);
#4347 = EDGE_CURVE('',#4348,#1094,#4350,.T.);
#4348 = VERTEX_POINT('',#4349);
#4349 = CARTESIAN_POINT('',(4.,-3.808754,1.4));
#4350 = LINE('',#4351,#4352);
#4351 = CARTESIAN_POINT('',(4.,-3.808754,1.));
#4352 = VECTOR('',#4353,1.);
#4353 = DIRECTION('',(0.,0.,-1.));
#4354 = ORIENTED_EDGE('',*,*,#4355,.F.);
#4355 = EDGE_CURVE('',#4356,#4348,#4358,.T.);
#4356 = VERTEX_POINT('',#4357);
#4357 = CARTESIAN_POINT('',(4.,-3.29415,1.4));
#4358 = LINE('',#4359,#4360);
#4359 = CARTESIAN_POINT('',(4.,0.724274,1.4));
#4360 = VECTOR('',#4361,1.);
#4361 = DIRECTION('',(0.,-1.,0.));
#4362 = ORIENTED_EDGE('',*,*,#4363,.F.);
#4363 = EDGE_CURVE('',#1070,#4356,#4364,.T.);
#4364 = LINE('',#4365,#4366);
#4365 = CARTESIAN_POINT('',(4.,-3.29415,1.));
#4366 = VECTOR('',#4367,1.);
#4367 = DIRECTION('',(0.,0.,1.));
#4368 = ORIENTED_EDGE('',*,*,#1069,.F.);
#4369 = ORIENTED_EDGE('',*,*,#4370,.F.);
#4370 = EDGE_CURVE('',#4371,#1062,#4373,.T.);
#4371 = VERTEX_POINT('',#4372);
#4372 = CARTESIAN_POINT('',(4.,-2.475420666667,1.4));
#4373 = LINE('',#4374,#4375);
#4374 = CARTESIAN_POINT('',(4.,-2.475420666667,1.));
#4375 = VECTOR('',#4376,1.);
#4376 = DIRECTION('',(0.,0.,-1.));
#4377 = ORIENTED_EDGE('',*,*,#4378,.F.);
#4378 = EDGE_CURVE('',#4379,#4371,#4381,.T.);
#4379 = VERTEX_POINT('',#4380);
#4380 = CARTESIAN_POINT('',(4.,-1.960816666667,1.4));
#4381 = LINE('',#4382,#4383);
#4382 = CARTESIAN_POINT('',(4.,1.390940666667,1.4));
#4383 = VECTOR('',#4384,1.);
#4384 = DIRECTION('',(0.,-1.,0.));
#4385 = ORIENTED_EDGE('',*,*,#4386,.F.);
#4386 = EDGE_CURVE('',#1038,#4379,#4387,.T.);
#4387 = LINE('',#4388,#4389);
#4388 = CARTESIAN_POINT('',(4.,-1.960816666667,1.));
#4389 = VECTOR('',#4390,1.);
#4390 = DIRECTION('',(0.,0.,1.));
#4391 = ORIENTED_EDGE('',*,*,#1037,.F.);
#4392 = ORIENTED_EDGE('',*,*,#4393,.F.);
#4393 = EDGE_CURVE('',#4394,#1030,#4396,.T.);
#4394 = VERTEX_POINT('',#4395);
#4395 = CARTESIAN_POINT('',(4.,-1.142087333333,1.4));
#4396 = LINE('',#4397,#4398);
#4397 = CARTESIAN_POINT('',(4.,-1.142087333333,1.));
#4398 = VECTOR('',#4399,1.);
#4399 = DIRECTION('',(0.,0.,-1.));
#4400 = ORIENTED_EDGE('',*,*,#4401,.F.);
#4401 = EDGE_CURVE('',#4402,#4394,#4404,.T.);
#4402 = VERTEX_POINT('',#4403);
#4403 = CARTESIAN_POINT('',(4.,-0.627483333333,1.4));
#4404 = LINE('',#4405,#4406);
#4405 = CARTESIAN_POINT('',(4.,2.057607333333,1.4));
#4406 = VECTOR('',#4407,1.);
#4407 = DIRECTION('',(0.,-1.,0.));
#4408 = ORIENTED_EDGE('',*,*,#4409,.F.);
#4409 = EDGE_CURVE('',#1006,#4402,#4410,.T.);
#4410 = LINE('',#4411,#4412);
#4411 = CARTESIAN_POINT('',(4.,-0.627483333333,1.));
#4412 = VECTOR('',#4413,1.);
#4413 = DIRECTION('',(0.,0.,1.));
#4414 = ORIENTED_EDGE('',*,*,#1005,.F.);
#4415 = ORIENTED_EDGE('',*,*,#4416,.F.);
#4416 = EDGE_CURVE('',#4417,#998,#4419,.T.);
#4417 = VERTEX_POINT('',#4418);
#4418 = CARTESIAN_POINT('',(4.,0.191246,1.4));
#4419 = LINE('',#4420,#4421);
#4420 = CARTESIAN_POINT('',(4.,0.191246,1.));
#4421 = VECTOR('',#4422,1.);
#4422 = DIRECTION('',(0.,0.,-1.));
#4423 = ORIENTED_EDGE('',*,*,#4424,.F.);
#4424 = EDGE_CURVE('',#4425,#4417,#4427,.T.);
#4425 = VERTEX_POINT('',#4426);
#4426 = CARTESIAN_POINT('',(4.,0.70585,1.4));
#4427 = LINE('',#4428,#4429);
#4428 = CARTESIAN_POINT('',(4.,2.724274,1.4));
#4429 = VECTOR('',#4430,1.);
#4430 = DIRECTION('',(0.,-1.,0.));
#4431 = ORIENTED_EDGE('',*,*,#4432,.F.);
#4432 = EDGE_CURVE('',#974,#4425,#4433,.T.);
#4433 = LINE('',#4434,#4435);
#4434 = CARTESIAN_POINT('',(4.,0.70585,1.));
#4435 = VECTOR('',#4436,1.);
#4436 = DIRECTION('',(0.,0.,1.));
#4437 = ORIENTED_EDGE('',*,*,#973,.F.);
#4438 = ORIENTED_EDGE('',*,*,#4439,.F.);
#4439 = EDGE_CURVE('',#4440,#966,#4442,.T.);
#4440 = VERTEX_POINT('',#4441);
#4441 = CARTESIAN_POINT('',(4.,1.524579333333,1.4));
#4442 = LINE('',#4443,#4444);
#4443 = CARTESIAN_POINT('',(4.,1.524579333333,1.));
#4444 = VECTOR('',#4445,1.);
#4445 = DIRECTION('',(0.,0.,-1.));
#4446 = ORIENTED_EDGE('',*,*,#4447,.F.);
#4447 = EDGE_CURVE('',#4448,#4440,#4450,.T.);
#4448 = VERTEX_POINT('',#4449);
#4449 = CARTESIAN_POINT('',(4.,2.039183333333,1.4));
#4450 = LINE('',#4451,#4452);
#4451 = CARTESIAN_POINT('',(4.,3.390940666667,1.4));
#4452 = VECTOR('',#4453,1.);
#4453 = DIRECTION('',(0.,-1.,0.));
#4454 = ORIENTED_EDGE('',*,*,#4455,.F.);
#4455 = EDGE_CURVE('',#942,#4448,#4456,.T.);
#4456 = LINE('',#4457,#4458);
#4457 = CARTESIAN_POINT('',(4.,2.039183333333,1.));
#4458 = VECTOR('',#4459,1.);
#4459 = DIRECTION('',(0.,0.,1.));
#4460 = ORIENTED_EDGE('',*,*,#941,.F.);
#4461 = ORIENTED_EDGE('',*,*,#4462,.F.);
#4462 = EDGE_CURVE('',#4463,#934,#4465,.T.);
#4463 = VERTEX_POINT('',#4464);
#4464 = CARTESIAN_POINT('',(4.,2.857912666667,1.4));
#4465 = LINE('',#4466,#4467);
#4466 = CARTESIAN_POINT('',(4.,2.857912666667,1.));
#4467 = VECTOR('',#4468,1.);
#4468 = DIRECTION('',(0.,0.,-1.));
#4469 = ORIENTED_EDGE('',*,*,#4470,.F.);
#4470 = EDGE_CURVE('',#4471,#4463,#4473,.T.);
#4471 = VERTEX_POINT('',#4472);
#4472 = CARTESIAN_POINT('',(4.,3.372516666667,1.4));
#4473 = LINE('',#4474,#4475);
#4474 = CARTESIAN_POINT('',(4.,4.057607333333,1.4));
#4475 = VECTOR('',#4476,1.);
#4476 = DIRECTION('',(0.,-1.,0.));
#4477 = ORIENTED_EDGE('',*,*,#4478,.F.);
#4478 = EDGE_CURVE('',#910,#4471,#4479,.T.);
#4479 = LINE('',#4480,#4481);
#4480 = CARTESIAN_POINT('',(4.,3.372516666667,1.));
#4481 = VECTOR('',#4482,1.);
#4482 = DIRECTION('',(0.,0.,1.));
#4483 = ORIENTED_EDGE('',*,*,#909,.F.);
#4484 = ORIENTED_EDGE('',*,*,#4485,.F.);
#4485 = EDGE_CURVE('',#4486,#902,#4488,.T.);
#4486 = VERTEX_POINT('',#4487);
#4487 = CARTESIAN_POINT('',(4.,4.191246,1.4));
#4488 = LINE('',#4489,#4490);
#4489 = CARTESIAN_POINT('',(4.,4.191246,1.));
#4490 = VECTOR('',#4491,1.);
#4491 = DIRECTION('',(0.,0.,-1.));
#4492 = ORIENTED_EDGE('',*,*,#4493,.F.);
#4493 = EDGE_CURVE('',#4494,#4486,#4496,.T.);
#4494 = VERTEX_POINT('',#4495);
#4495 = CARTESIAN_POINT('',(4.,4.70585,1.4));
#4496 = LINE('',#4497,#4498);
#4497 = CARTESIAN_POINT('',(4.,4.724274,1.4));
#4498 = VECTOR('',#4499,1.);
#4499 = DIRECTION('',(0.,-1.,0.));
#4500 = ORIENTED_EDGE('',*,*,#4501,.F.);
#4501 = EDGE_CURVE('',#878,#4494,#4502,.T.);
#4502 = LINE('',#4503,#4504);
#4503 = CARTESIAN_POINT('',(4.,4.70585,1.));
#4504 = VECTOR('',#4505,1.);
#4505 = DIRECTION('',(0.,0.,1.));
#4506 = ORIENTED_EDGE('',*,*,#877,.F.);
#4507 = PLANE('',#4508);
#4508 = AXIS2_PLACEMENT_3D('',#4509,#4510,#4511);
#4509 = CARTESIAN_POINT('',(4.,5.,1.));
#4510 = DIRECTION('',(1.,0.,0.));
#4511 = DIRECTION('',(0.,-1.,0.));
#4512 = ADVANCED_FACE('',(#4513),#4524,.T.);
#4513 = FACE_BOUND('',#4514,.T.);
#4514 = EDGE_LOOP('',(#4515,#4516,#4517,#4523));
#4515 = ORIENTED_EDGE('',*,*,#1509,.F.);
#4516 = ORIENTED_EDGE('',*,*,#3968,.T.);
#4517 = ORIENTED_EDGE('',*,*,#4518,.T.);
#4518 = EDGE_CURVE('',#3961,#4239,#4519,.T.);
#4519 = LINE('',#4520,#4521);
#4520 = CARTESIAN_POINT('',(-3.86224,3.969663,1.3));
#4521 = VECTOR('',#4522,1.);
#4522 = DIRECTION('',(-1.,0.,0.));
#4523 = ORIENTED_EDGE('',*,*,#4238,.F.);
#4524 = PLANE('',#4525);
#4525 = AXIS2_PLACEMENT_3D('',#4526,#4527,#4528);
#4526 = CARTESIAN_POINT('',(-3.86224,3.969663,1.));
#4527 = DIRECTION('',(0.,-1.,0.));
#4528 = DIRECTION('',(-1.,0.,0.));
#4529 = ADVANCED_FACE('',(#4530),#4548,.T.);
#4530 = FACE_BOUND('',#4531,.T.);
#4531 = EDGE_LOOP('',(#4532,#4533,#4534,#4542));
#4532 = ORIENTED_EDGE('',*,*,#885,.F.);
#4533 = ORIENTED_EDGE('',*,*,#4501,.T.);
#4534 = ORIENTED_EDGE('',*,*,#4535,.T.);
#4535 = EDGE_CURVE('',#4494,#4536,#4538,.T.);
#4536 = VERTEX_POINT('',#4537);
#4537 = CARTESIAN_POINT('',(4.837691,4.70585,1.4));
#4538 = LINE('',#4539,#4540);
#4539 = CARTESIAN_POINT('',(3.980021,4.70585,1.4));
#4540 = VECTOR('',#4541,1.);
#4541 = DIRECTION('',(1.,0.,0.));
#4542 = ORIENTED_EDGE('',*,*,#4543,.F.);
#4543 = EDGE_CURVE('',#886,#4536,#4544,.T.);
#4544 = LINE('',#4545,#4546);
#4545 = CARTESIAN_POINT('',(4.837691,4.70585,1.));
#4546 = VECTOR('',#4547,1.);
#4547 = DIRECTION('',(0.,0.,1.));
#4548 = PLANE('',#4549);
#4549 = AXIS2_PLACEMENT_3D('',#4550,#4551,#4552);
#4550 = CARTESIAN_POINT('',(3.980021,4.70585,1.));
#4551 = DIRECTION('',(0.,1.,0.));
#4552 = DIRECTION('',(1.,0.,0.));
#4553 = ADVANCED_FACE('',(#4554),#4572,.T.);
#4554 = FACE_BOUND('',#4555,.T.);
#4555 = EDGE_LOOP('',(#4556,#4557,#4565,#4571));
#4556 = ORIENTED_EDGE('',*,*,#4543,.T.);
#4557 = ORIENTED_EDGE('',*,*,#4558,.T.);
#4558 = EDGE_CURVE('',#4536,#4559,#4561,.T.);
#4559 = VERTEX_POINT('',#4560);
#4560 = CARTESIAN_POINT('',(4.837691,4.191246,1.4));
#4561 = LINE('',#4562,#4563);
#4562 = CARTESIAN_POINT('',(4.837691,4.70585,1.4));
#4563 = VECTOR('',#4564,1.);
#4564 = DIRECTION('',(0.,-1.,0.));
#4565 = ORIENTED_EDGE('',*,*,#4566,.F.);
#4566 = EDGE_CURVE('',#894,#4559,#4567,.T.);
#4567 = LINE('',#4568,#4569);
#4568 = CARTESIAN_POINT('',(4.837691,4.191246,1.));
#4569 = VECTOR('',#4570,1.);
#4570 = DIRECTION('',(0.,0.,1.));
#4571 = ORIENTED_EDGE('',*,*,#893,.F.);
#4572 = PLANE('',#4573);
#4573 = AXIS2_PLACEMENT_3D('',#4574,#4575,#4576);
#4574 = CARTESIAN_POINT('',(4.837691,4.70585,1.));
#4575 = DIRECTION('',(1.,0.,0.));
#4576 = DIRECTION('',(0.,-1.,0.));
#4577 = ADVANCED_FACE('',(#4578),#4596,.T.);
#4578 = FACE_BOUND('',#4579,.T.);
#4579 = EDGE_LOOP('',(#4580,#4581,#4589,#4595));
#4580 = ORIENTED_EDGE('',*,*,#1493,.F.);
#4581 = ORIENTED_EDGE('',*,*,#4582,.T.);
#4582 = EDGE_CURVE('',#1486,#4583,#4585,.T.);
#4583 = VERTEX_POINT('',#4584);
#4584 = CARTESIAN_POINT('',(-5.218666,3.298001666667,1.3));
#4585 = LINE('',#4586,#4587);
#4586 = CARTESIAN_POINT('',(-5.218666,3.298001666667,1.));
#4587 = VECTOR('',#4588,1.);
#4588 = DIRECTION('',(0.,0.,1.));
#4589 = ORIENTED_EDGE('',*,*,#4590,.T.);
#4590 = EDGE_CURVE('',#4583,#3976,#4591,.T.);
#4591 = LINE('',#4592,#4593);
#4592 = CARTESIAN_POINT('',(-5.218666,3.298001666667,1.3));
#4593 = VECTOR('',#4594,1.);
#4594 = DIRECTION('',(1.,0.,0.));
#4595 = ORIENTED_EDGE('',*,*,#3975,.T.);
#4596 = PLANE('',#4597);
#4597 = AXIS2_PLACEMENT_3D('',#4598,#4599,#4600);
#4598 = CARTESIAN_POINT('',(-5.218666,3.298001666667,1.));
#4599 = DIRECTION('',(0.,1.,0.));
#4600 = DIRECTION('',(1.,0.,0.));
#4601 = ADVANCED_FACE('',(#4602),#4613,.T.);
#4602 = FACE_BOUND('',#4603,.T.);
#4603 = EDGE_LOOP('',(#4604,#4605,#4606,#4612));
#4604 = ORIENTED_EDGE('',*,*,#901,.F.);
#4605 = ORIENTED_EDGE('',*,*,#4566,.T.);
#4606 = ORIENTED_EDGE('',*,*,#4607,.T.);
#4607 = EDGE_CURVE('',#4559,#4486,#4608,.T.);
#4608 = LINE('',#4609,#4610);
#4609 = CARTESIAN_POINT('',(4.837691,4.191246,1.4));
#4610 = VECTOR('',#4611,1.);
#4611 = DIRECTION('',(-1.,0.,0.));
#4612 = ORIENTED_EDGE('',*,*,#4485,.T.);
#4613 = PLANE('',#4614);
#4614 = AXIS2_PLACEMENT_3D('',#4615,#4616,#4617);
#4615 = CARTESIAN_POINT('',(4.837691,4.191246,1.));
#4616 = DIRECTION('',(0.,-1.,0.));
#4617 = DIRECTION('',(-1.,0.,0.));
#4618 = ADVANCED_FACE('',(#4619),#4637,.T.);
#4619 = FACE_BOUND('',#4620,.T.);
#4620 = EDGE_LOOP('',(#4621,#4629,#4635,#4636));
#4621 = ORIENTED_EDGE('',*,*,#4622,.T.);
#4622 = EDGE_CURVE('',#1478,#4623,#4625,.T.);
#4623 = VERTEX_POINT('',#4624);
#4624 = CARTESIAN_POINT('',(-5.218666,2.636329666667,1.3));
#4625 = LINE('',#4626,#4627);
#4626 = CARTESIAN_POINT('',(-5.218666,2.636329666667,1.));
#4627 = VECTOR('',#4628,1.);
#4628 = DIRECTION('',(0.,0.,1.));
#4629 = ORIENTED_EDGE('',*,*,#4630,.T.);
#4630 = EDGE_CURVE('',#4623,#4583,#4631,.T.);
#4631 = LINE('',#4632,#4633);
#4632 = CARTESIAN_POINT('',(-5.218666,2.636329666667,1.3));
#4633 = VECTOR('',#4634,1.);
#4634 = DIRECTION('',(0.,1.,0.));
#4635 = ORIENTED_EDGE('',*,*,#4582,.F.);
#4636 = ORIENTED_EDGE('',*,*,#1485,.F.);
#4637 = PLANE('',#4638);
#4638 = AXIS2_PLACEMENT_3D('',#4639,#4640,#4641);
#4639 = CARTESIAN_POINT('',(-5.218666,2.636329666667,1.));
#4640 = DIRECTION('',(-1.,0.,0.));
#4641 = DIRECTION('',(0.,1.,0.));
#4642 = ADVANCED_FACE('',(#4643),#4654,.T.);
#4643 = FACE_BOUND('',#4644,.T.);
#4644 = EDGE_LOOP('',(#4645,#4646,#4647,#4653));
#4645 = ORIENTED_EDGE('',*,*,#1477,.F.);
#4646 = ORIENTED_EDGE('',*,*,#3991,.T.);
#4647 = ORIENTED_EDGE('',*,*,#4648,.T.);
#4648 = EDGE_CURVE('',#3984,#4623,#4649,.T.);
#4649 = LINE('',#4650,#4651);
#4650 = CARTESIAN_POINT('',(-3.86224,2.636329666667,1.3));
#4651 = VECTOR('',#4652,1.);
#4652 = DIRECTION('',(-1.,0.,0.));
#4653 = ORIENTED_EDGE('',*,*,#4622,.F.);
#4654 = PLANE('',#4655);
#4655 = AXIS2_PLACEMENT_3D('',#4656,#4657,#4658);
#4656 = CARTESIAN_POINT('',(-3.86224,2.636329666667,1.));
#4657 = DIRECTION('',(0.,-1.,0.));
#4658 = DIRECTION('',(-1.,0.,0.));
#4659 = ADVANCED_FACE('',(#4660),#4678,.T.);
#4660 = FACE_BOUND('',#4661,.T.);
#4661 = EDGE_LOOP('',(#4662,#4663,#4664,#4672));
#4662 = ORIENTED_EDGE('',*,*,#917,.F.);
#4663 = ORIENTED_EDGE('',*,*,#4478,.T.);
#4664 = ORIENTED_EDGE('',*,*,#4665,.T.);
#4665 = EDGE_CURVE('',#4471,#4666,#4668,.T.);
#4666 = VERTEX_POINT('',#4667);
#4667 = CARTESIAN_POINT('',(4.837691,3.372516666667,1.4));
#4668 = LINE('',#4669,#4670);
#4669 = CARTESIAN_POINT('',(3.980021,3.372516666667,1.4));
#4670 = VECTOR('',#4671,1.);
#4671 = DIRECTION('',(1.,0.,0.));
#4672 = ORIENTED_EDGE('',*,*,#4673,.F.);
#4673 = EDGE_CURVE('',#918,#4666,#4674,.T.);
#4674 = LINE('',#4675,#4676);
#4675 = CARTESIAN_POINT('',(4.837691,3.372516666667,1.));
#4676 = VECTOR('',#4677,1.);
#4677 = DIRECTION('',(0.,0.,1.));
#4678 = PLANE('',#4679);
#4679 = AXIS2_PLACEMENT_3D('',#4680,#4681,#4682);
#4680 = CARTESIAN_POINT('',(3.980021,3.372516666667,1.));
#4681 = DIRECTION('',(0.,1.,0.));
#4682 = DIRECTION('',(1.,0.,0.));
#4683 = ADVANCED_FACE('',(#4684),#4702,.T.);
#4684 = FACE_BOUND('',#4685,.T.);
#4685 = EDGE_LOOP('',(#4686,#4687,#4695,#4701));
#4686 = ORIENTED_EDGE('',*,*,#4673,.T.);
#4687 = ORIENTED_EDGE('',*,*,#4688,.T.);
#4688 = EDGE_CURVE('',#4666,#4689,#4691,.T.);
#4689 = VERTEX_POINT('',#4690);
#4690 = CARTESIAN_POINT('',(4.837691,2.857912666667,1.4));
#4691 = LINE('',#4692,#4693);
#4692 = CARTESIAN_POINT('',(4.837691,3.372516666667,1.4));
#4693 = VECTOR('',#4694,1.);
#4694 = DIRECTION('',(0.,-1.,0.));
#4695 = ORIENTED_EDGE('',*,*,#4696,.F.);
#4696 = EDGE_CURVE('',#926,#4689,#4697,.T.);
#4697 = LINE('',#4698,#4699);
#4698 = CARTESIAN_POINT('',(4.837691,2.857912666667,1.));
#4699 = VECTOR('',#4700,1.);
#4700 = DIRECTION('',(0.,0.,1.));
#4701 = ORIENTED_EDGE('',*,*,#925,.F.);
#4702 = PLANE('',#4703);
#4703 = AXIS2_PLACEMENT_3D('',#4704,#4705,#4706);
#4704 = CARTESIAN_POINT('',(4.837691,3.372516666667,1.));
#4705 = DIRECTION('',(1.,0.,0.));
#4706 = DIRECTION('',(0.,-1.,0.));
#4707 = ADVANCED_FACE('',(#4708),#4726,.T.);
#4708 = FACE_BOUND('',#4709,.T.);
#4709 = EDGE_LOOP('',(#4710,#4711,#4719,#4725));
#4710 = ORIENTED_EDGE('',*,*,#1461,.F.);
#4711 = ORIENTED_EDGE('',*,*,#4712,.T.);
#4712 = EDGE_CURVE('',#1454,#4713,#4715,.T.);
#4713 = VERTEX_POINT('',#4714);
#4714 = CARTESIAN_POINT('',(-5.218666,1.964668333333,1.3));
#4715 = LINE('',#4716,#4717);
#4716 = CARTESIAN_POINT('',(-5.218666,1.964668333333,1.));
#4717 = VECTOR('',#4718,1.);
#4718 = DIRECTION('',(0.,0.,1.));
#4719 = ORIENTED_EDGE('',*,*,#4720,.T.);
#4720 = EDGE_CURVE('',#4713,#3999,#4721,.T.);
#4721 = LINE('',#4722,#4723);
#4722 = CARTESIAN_POINT('',(-5.218666,1.964668333333,1.3));
#4723 = VECTOR('',#4724,1.);
#4724 = DIRECTION('',(1.,0.,0.));
#4725 = ORIENTED_EDGE('',*,*,#3998,.T.);
#4726 = PLANE('',#4727);
#4727 = AXIS2_PLACEMENT_3D('',#4728,#4729,#4730);
#4728 = CARTESIAN_POINT('',(-5.218666,1.964668333333,1.));
#4729 = DIRECTION('',(0.,1.,0.));
#4730 = DIRECTION('',(1.,0.,0.));
#4731 = ADVANCED_FACE('',(#4732),#4743,.T.);
#4732 = FACE_BOUND('',#4733,.T.);
#4733 = EDGE_LOOP('',(#4734,#4735,#4736,#4742));
#4734 = ORIENTED_EDGE('',*,*,#933,.F.);
#4735 = ORIENTED_EDGE('',*,*,#4696,.T.);
#4736 = ORIENTED_EDGE('',*,*,#4737,.T.);
#4737 = EDGE_CURVE('',#4689,#4463,#4738,.T.);
#4738 = LINE('',#4739,#4740);
#4739 = CARTESIAN_POINT('',(4.837691,2.857912666667,1.4));
#4740 = VECTOR('',#4741,1.);
#4741 = DIRECTION('',(-1.,0.,0.));
#4742 = ORIENTED_EDGE('',*,*,#4462,.T.);
#4743 = PLANE('',#4744);
#4744 = AXIS2_PLACEMENT_3D('',#4745,#4746,#4747);
#4745 = CARTESIAN_POINT('',(4.837691,2.857912666667,1.));
#4746 = DIRECTION('',(0.,-1.,0.));
#4747 = DIRECTION('',(-1.,0.,0.));
#4748 = ADVANCED_FACE('',(#4749),#4767,.T.);
#4749 = FACE_BOUND('',#4750,.T.);
#4750 = EDGE_LOOP('',(#4751,#4759,#4765,#4766));
#4751 = ORIENTED_EDGE('',*,*,#4752,.T.);
#4752 = EDGE_CURVE('',#1446,#4753,#4755,.T.);
#4753 = VERTEX_POINT('',#4754);
#4754 = CARTESIAN_POINT('',(-5.218666,1.302996333333,1.3));
#4755 = LINE('',#4756,#4757);
#4756 = CARTESIAN_POINT('',(-5.218666,1.302996333333,1.));
#4757 = VECTOR('',#4758,1.);
#4758 = DIRECTION('',(0.,0.,1.));
#4759 = ORIENTED_EDGE('',*,*,#4760,.T.);
#4760 = EDGE_CURVE('',#4753,#4713,#4761,.T.);
#4761 = LINE('',#4762,#4763);
#4762 = CARTESIAN_POINT('',(-5.218666,1.302996333333,1.3));
#4763 = VECTOR('',#4764,1.);
#4764 = DIRECTION('',(0.,1.,0.));
#4765 = ORIENTED_EDGE('',*,*,#4712,.F.);
#4766 = ORIENTED_EDGE('',*,*,#1453,.F.);
#4767 = PLANE('',#4768);
#4768 = AXIS2_PLACEMENT_3D('',#4769,#4770,#4771);
#4769 = CARTESIAN_POINT('',(-5.218666,1.302996333333,1.));
#4770 = DIRECTION('',(-1.,0.,0.));
#4771 = DIRECTION('',(0.,1.,0.));
#4772 = ADVANCED_FACE('',(#4773),#4784,.T.);
#4773 = FACE_BOUND('',#4774,.T.);
#4774 = EDGE_LOOP('',(#4775,#4776,#4777,#4783));
#4775 = ORIENTED_EDGE('',*,*,#1445,.F.);
#4776 = ORIENTED_EDGE('',*,*,#4014,.T.);
#4777 = ORIENTED_EDGE('',*,*,#4778,.T.);
#4778 = EDGE_CURVE('',#4007,#4753,#4779,.T.);
#4779 = LINE('',#4780,#4781);
#4780 = CARTESIAN_POINT('',(-3.86224,1.302996333333,1.3));
#4781 = VECTOR('',#4782,1.);
#4782 = DIRECTION('',(-1.,0.,0.));
#4783 = ORIENTED_EDGE('',*,*,#4752,.F.);
#4784 = PLANE('',#4785);
#4785 = AXIS2_PLACEMENT_3D('',#4786,#4787,#4788);
#4786 = CARTESIAN_POINT('',(-3.86224,1.302996333333,1.));
#4787 = DIRECTION('',(0.,-1.,0.));
#4788 = DIRECTION('',(-1.,0.,0.));
#4789 = ADVANCED_FACE('',(#4790),#4808,.T.);
#4790 = FACE_BOUND('',#4791,.T.);
#4791 = EDGE_LOOP('',(#4792,#4793,#4794,#4802));
#4792 = ORIENTED_EDGE('',*,*,#949,.F.);
#4793 = ORIENTED_EDGE('',*,*,#4455,.T.);
#4794 = ORIENTED_EDGE('',*,*,#4795,.T.);
#4795 = EDGE_CURVE('',#4448,#4796,#4798,.T.);
#4796 = VERTEX_POINT('',#4797);
#4797 = CARTESIAN_POINT('',(4.837691,2.039183333333,1.4));
#4798 = LINE('',#4799,#4800);
#4799 = CARTESIAN_POINT('',(3.980021,2.039183333333,1.4));
#4800 = VECTOR('',#4801,1.);
#4801 = DIRECTION('',(1.,0.,0.));
#4802 = ORIENTED_EDGE('',*,*,#4803,.F.);
#4803 = EDGE_CURVE('',#950,#4796,#4804,.T.);
#4804 = LINE('',#4805,#4806);
#4805 = CARTESIAN_POINT('',(4.837691,2.039183333333,1.));
#4806 = VECTOR('',#4807,1.);
#4807 = DIRECTION('',(0.,0.,1.));
#4808 = PLANE('',#4809);
#4809 = AXIS2_PLACEMENT_3D('',#4810,#4811,#4812);
#4810 = CARTESIAN_POINT('',(3.980021,2.039183333333,1.));
#4811 = DIRECTION('',(0.,1.,0.));
#4812 = DIRECTION('',(1.,0.,0.));
#4813 = ADVANCED_FACE('',(#4814),#4832,.T.);
#4814 = FACE_BOUND('',#4815,.T.);
#4815 = EDGE_LOOP('',(#4816,#4817,#4825,#4831));
#4816 = ORIENTED_EDGE('',*,*,#4803,.T.);
#4817 = ORIENTED_EDGE('',*,*,#4818,.T.);
#4818 = EDGE_CURVE('',#4796,#4819,#4821,.T.);
#4819 = VERTEX_POINT('',#4820);
#4820 = CARTESIAN_POINT('',(4.837691,1.524579333333,1.4));
#4821 = LINE('',#4822,#4823);
#4822 = CARTESIAN_POINT('',(4.837691,2.039183333333,1.4));
#4823 = VECTOR('',#4824,1.);
#4824 = DIRECTION('',(0.,-1.,0.));
#4825 = ORIENTED_EDGE('',*,*,#4826,.F.);
#4826 = EDGE_CURVE('',#958,#4819,#4827,.T.);
#4827 = LINE('',#4828,#4829);
#4828 = CARTESIAN_POINT('',(4.837691,1.524579333333,1.));
#4829 = VECTOR('',#4830,1.);
#4830 = DIRECTION('',(0.,0.,1.));
#4831 = ORIENTED_EDGE('',*,*,#957,.F.);
#4832 = PLANE('',#4833);
#4833 = AXIS2_PLACEMENT_3D('',#4834,#4835,#4836);
#4834 = CARTESIAN_POINT('',(4.837691,2.039183333333,1.));
#4835 = DIRECTION('',(1.,0.,0.));
#4836 = DIRECTION('',(0.,-1.,0.));
#4837 = ADVANCED_FACE('',(#4838),#4856,.T.);
#4838 = FACE_BOUND('',#4839,.T.);
#4839 = EDGE_LOOP('',(#4840,#4841,#4849,#4855));
#4840 = ORIENTED_EDGE('',*,*,#1429,.F.);
#4841 = ORIENTED_EDGE('',*,*,#4842,.T.);
#4842 = EDGE_CURVE('',#1422,#4843,#4845,.T.);
#4843 = VERTEX_POINT('',#4844);
#4844 = CARTESIAN_POINT('',(-5.218666,0.631335,1.3));
#4845 = LINE('',#4846,#4847);
#4846 = CARTESIAN_POINT('',(-5.218666,0.631335,1.));
#4847 = VECTOR('',#4848,1.);
#4848 = DIRECTION('',(0.,0.,1.));
#4849 = ORIENTED_EDGE('',*,*,#4850,.T.);
#4850 = EDGE_CURVE('',#4843,#4022,#4851,.T.);
#4851 = LINE('',#4852,#4853);
#4852 = CARTESIAN_POINT('',(-5.218666,0.631335,1.3));
#4853 = VECTOR('',#4854,1.);
#4854 = DIRECTION('',(1.,0.,0.));
#4855 = ORIENTED_EDGE('',*,*,#4021,.T.);
#4856 = PLANE('',#4857);
#4857 = AXIS2_PLACEMENT_3D('',#4858,#4859,#4860);
#4858 = CARTESIAN_POINT('',(-5.218666,0.631335,1.));
#4859 = DIRECTION('',(0.,1.,0.));
#4860 = DIRECTION('',(1.,0.,0.));
#4861 = ADVANCED_FACE('',(#4862),#4873,.T.);
#4862 = FACE_BOUND('',#4863,.T.);
#4863 = EDGE_LOOP('',(#4864,#4865,#4866,#4872));
#4864 = ORIENTED_EDGE('',*,*,#965,.F.);
#4865 = ORIENTED_EDGE('',*,*,#4826,.T.);
#4866 = ORIENTED_EDGE('',*,*,#4867,.T.);
#4867 = EDGE_CURVE('',#4819,#4440,#4868,.T.);
#4868 = LINE('',#4869,#4870);
#4869 = CARTESIAN_POINT('',(4.837691,1.524579333333,1.4));
#4870 = VECTOR('',#4871,1.);
#4871 = DIRECTION('',(-1.,0.,0.));
#4872 = ORIENTED_EDGE('',*,*,#4439,.T.);
#4873 = PLANE('',#4874);
#4874 = AXIS2_PLACEMENT_3D('',#4875,#4876,#4877);
#4875 = CARTESIAN_POINT('',(4.837691,1.524579333333,1.));
#4876 = DIRECTION('',(0.,-1.,0.));
#4877 = DIRECTION('',(-1.,0.,0.));
#4878 = ADVANCED_FACE('',(#4879),#4897,.T.);
#4879 = FACE_BOUND('',#4880,.T.);
#4880 = EDGE_LOOP('',(#4881,#4889,#4895,#4896));
#4881 = ORIENTED_EDGE('',*,*,#4882,.T.);
#4882 = EDGE_CURVE('',#1414,#4883,#4885,.T.);
#4883 = VERTEX_POINT('',#4884);
#4884 = CARTESIAN_POINT('',(-5.218666,-3.0337E-02,1.3));
#4885 = LINE('',#4886,#4887);
#4886 = CARTESIAN_POINT('',(-5.218666,-3.0337E-02,1.));
#4887 = VECTOR('',#4888,1.);
#4888 = DIRECTION('',(0.,0.,1.));
#4889 = ORIENTED_EDGE('',*,*,#4890,.T.);
#4890 = EDGE_CURVE('',#4883,#4843,#4891,.T.);
#4891 = LINE('',#4892,#4893);
#4892 = CARTESIAN_POINT('',(-5.218666,-3.0337E-02,1.3));
#4893 = VECTOR('',#4894,1.);
#4894 = DIRECTION('',(0.,1.,0.));
#4895 = ORIENTED_EDGE('',*,*,#4842,.F.);
#4896 = ORIENTED_EDGE('',*,*,#1421,.F.);
#4897 = PLANE('',#4898);
#4898 = AXIS2_PLACEMENT_3D('',#4899,#4900,#4901);
#4899 = CARTESIAN_POINT('',(-5.218666,-3.0337E-02,1.));
#4900 = DIRECTION('',(-1.,0.,0.));
#4901 = DIRECTION('',(0.,1.,0.));
#4902 = ADVANCED_FACE('',(#4903),#4914,.T.);
#4903 = FACE_BOUND('',#4904,.T.);
#4904 = EDGE_LOOP('',(#4905,#4906,#4907,#4913));
#4905 = ORIENTED_EDGE('',*,*,#1413,.F.);
#4906 = ORIENTED_EDGE('',*,*,#4037,.T.);
#4907 = ORIENTED_EDGE('',*,*,#4908,.T.);
#4908 = EDGE_CURVE('',#4030,#4883,#4909,.T.);
#4909 = LINE('',#4910,#4911);
#4910 = CARTESIAN_POINT('',(-3.86224,-3.0337E-02,1.3));
#4911 = VECTOR('',#4912,1.);
#4912 = DIRECTION('',(-1.,0.,0.));
#4913 = ORIENTED_EDGE('',*,*,#4882,.F.);
#4914 = PLANE('',#4915);
#4915 = AXIS2_PLACEMENT_3D('',#4916,#4917,#4918);
#4916 = CARTESIAN_POINT('',(-3.86224,-3.0337E-02,1.));
#4917 = DIRECTION('',(0.,-1.,0.));
#4918 = DIRECTION('',(-1.,0.,0.));
#4919 = ADVANCED_FACE('',(#4920),#4938,.T.);
#4920 = FACE_BOUND('',#4921,.T.);
#4921 = EDGE_LOOP('',(#4922,#4923,#4924,#4932));
#4922 = ORIENTED_EDGE('',*,*,#981,.F.);
#4923 = ORIENTED_EDGE('',*,*,#4432,.T.);
#4924 = ORIENTED_EDGE('',*,*,#4925,.T.);
#4925 = EDGE_CURVE('',#4425,#4926,#4928,.T.);
#4926 = VERTEX_POINT('',#4927);
#4927 = CARTESIAN_POINT('',(4.837691,0.70585,1.4));
#4928 = LINE('',#4929,#4930);
#4929 = CARTESIAN_POINT('',(3.980021,0.70585,1.4));
#4930 = VECTOR('',#4931,1.);
#4931 = DIRECTION('',(1.,0.,0.));
#4932 = ORIENTED_EDGE('',*,*,#4933,.F.);
#4933 = EDGE_CURVE('',#982,#4926,#4934,.T.);
#4934 = LINE('',#4935,#4936);
#4935 = CARTESIAN_POINT('',(4.837691,0.70585,1.));
#4936 = VECTOR('',#4937,1.);
#4937 = DIRECTION('',(0.,0.,1.));
#4938 = PLANE('',#4939);
#4939 = AXIS2_PLACEMENT_3D('',#4940,#4941,#4942);
#4940 = CARTESIAN_POINT('',(3.980021,0.70585,1.));
#4941 = DIRECTION('',(0.,1.,0.));
#4942 = DIRECTION('',(1.,0.,0.));
#4943 = ADVANCED_FACE('',(#4944),#4962,.T.);
#4944 = FACE_BOUND('',#4945,.T.);
#4945 = EDGE_LOOP('',(#4946,#4947,#4955,#4961));
#4946 = ORIENTED_EDGE('',*,*,#4933,.T.);
#4947 = ORIENTED_EDGE('',*,*,#4948,.T.);
#4948 = EDGE_CURVE('',#4926,#4949,#4951,.T.);
#4949 = VERTEX_POINT('',#4950);
#4950 = CARTESIAN_POINT('',(4.837691,0.191246,1.4));
#4951 = LINE('',#4952,#4953);
#4952 = CARTESIAN_POINT('',(4.837691,0.70585,1.4));
#4953 = VECTOR('',#4954,1.);
#4954 = DIRECTION('',(0.,-1.,0.));
#4955 = ORIENTED_EDGE('',*,*,#4956,.F.);
#4956 = EDGE_CURVE('',#990,#4949,#4957,.T.);
#4957 = LINE('',#4958,#4959);
#4958 = CARTESIAN_POINT('',(4.837691,0.191246,1.));
#4959 = VECTOR('',#4960,1.);
#4960 = DIRECTION('',(0.,0.,1.));
#4961 = ORIENTED_EDGE('',*,*,#989,.F.);
#4962 = PLANE('',#4963);
#4963 = AXIS2_PLACEMENT_3D('',#4964,#4965,#4966);
#4964 = CARTESIAN_POINT('',(4.837691,0.70585,1.));
#4965 = DIRECTION('',(1.,0.,0.));
#4966 = DIRECTION('',(0.,-1.,0.));
#4967 = ADVANCED_FACE('',(#4968),#4986,.T.);
#4968 = FACE_BOUND('',#4969,.T.);
#4969 = EDGE_LOOP('',(#4970,#4971,#4979,#4985));
#4970 = ORIENTED_EDGE('',*,*,#1397,.F.);
#4971 = ORIENTED_EDGE('',*,*,#4972,.T.);
#4972 = EDGE_CURVE('',#1390,#4973,#4975,.T.);
#4973 = VERTEX_POINT('',#4974);
#4974 = CARTESIAN_POINT('',(-5.218666,-0.701998333333,1.3));
#4975 = LINE('',#4976,#4977);
#4976 = CARTESIAN_POINT('',(-5.218666,-0.701998333333,1.));
#4977 = VECTOR('',#4978,1.);
#4978 = DIRECTION('',(0.,0.,1.));
#4979 = ORIENTED_EDGE('',*,*,#4980,.T.);
#4980 = EDGE_CURVE('',#4973,#4045,#4981,.T.);
#4981 = LINE('',#4982,#4983);
#4982 = CARTESIAN_POINT('',(-5.218666,-0.701998333333,1.3));
#4983 = VECTOR('',#4984,1.);
#4984 = DIRECTION('',(1.,0.,0.));
#4985 = ORIENTED_EDGE('',*,*,#4044,.T.);
#4986 = PLANE('',#4987);
#4987 = AXIS2_PLACEMENT_3D('',#4988,#4989,#4990);
#4988 = CARTESIAN_POINT('',(-5.218666,-0.701998333333,1.));
#4989 = DIRECTION('',(0.,1.,0.));
#4990 = DIRECTION('',(1.,0.,0.));
#4991 = ADVANCED_FACE('',(#4992),#5003,.T.);
#4992 = FACE_BOUND('',#4993,.T.);
#4993 = EDGE_LOOP('',(#4994,#4995,#4996,#5002));
#4994 = ORIENTED_EDGE('',*,*,#997,.F.);
#4995 = ORIENTED_EDGE('',*,*,#4956,.T.);
#4996 = ORIENTED_EDGE('',*,*,#4997,.T.);
#4997 = EDGE_CURVE('',#4949,#4417,#4998,.T.);
#4998 = LINE('',#4999,#5000);
#4999 = CARTESIAN_POINT('',(4.837691,0.191246,1.4));
#5000 = VECTOR('',#5001,1.);
#5001 = DIRECTION('',(-1.,0.,0.));
#5002 = ORIENTED_EDGE('',*,*,#4416,.T.);
#5003 = PLANE('',#5004);
#5004 = AXIS2_PLACEMENT_3D('',#5005,#5006,#5007);
#5005 = CARTESIAN_POINT('',(4.837691,0.191246,1.));
#5006 = DIRECTION('',(0.,-1.,0.));
#5007 = DIRECTION('',(-1.,0.,0.));
#5008 = ADVANCED_FACE('',(#5009),#5027,.T.);
#5009 = FACE_BOUND('',#5010,.T.);
#5010 = EDGE_LOOP('',(#5011,#5019,#5025,#5026));
#5011 = ORIENTED_EDGE('',*,*,#5012,.T.);
#5012 = EDGE_CURVE('',#1382,#5013,#5015,.T.);
#5013 = VERTEX_POINT('',#5014);
#5014 = CARTESIAN_POINT('',(-5.218666,-1.363670333333,1.3));
#5015 = LINE('',#5016,#5017);
#5016 = CARTESIAN_POINT('',(-5.218666,-1.363670333333,1.));
#5017 = VECTOR('',#5018,1.);
#5018 = DIRECTION('',(0.,0.,1.));
#5019 = ORIENTED_EDGE('',*,*,#5020,.T.);
#5020 = EDGE_CURVE('',#5013,#4973,#5021,.T.);
#5021 = LINE('',#5022,#5023);
#5022 = CARTESIAN_POINT('',(-5.218666,-1.363670333333,1.3));
#5023 = VECTOR('',#5024,1.);
#5024 = DIRECTION('',(0.,1.,0.));
#5025 = ORIENTED_EDGE('',*,*,#4972,.F.);
#5026 = ORIENTED_EDGE('',*,*,#1389,.F.);
#5027 = PLANE('',#5028);
#5028 = AXIS2_PLACEMENT_3D('',#5029,#5030,#5031);
#5029 = CARTESIAN_POINT('',(-5.218666,-1.363670333333,1.));
#5030 = DIRECTION('',(-1.,0.,0.));
#5031 = DIRECTION('',(0.,1.,0.));
#5032 = ADVANCED_FACE('',(#5033),#5044,.T.);
#5033 = FACE_BOUND('',#5034,.T.);
#5034 = EDGE_LOOP('',(#5035,#5036,#5037,#5043));
#5035 = ORIENTED_EDGE('',*,*,#1381,.F.);
#5036 = ORIENTED_EDGE('',*,*,#4060,.T.);
#5037 = ORIENTED_EDGE('',*,*,#5038,.T.);
#5038 = EDGE_CURVE('',#4053,#5013,#5039,.T.);
#5039 = LINE('',#5040,#5041);
#5040 = CARTESIAN_POINT('',(-3.86224,-1.363670333333,1.3));
#5041 = VECTOR('',#5042,1.);
#5042 = DIRECTION('',(-1.,0.,0.));
#5043 = ORIENTED_EDGE('',*,*,#5012,.F.);
#5044 = PLANE('',#5045);
#5045 = AXIS2_PLACEMENT_3D('',#5046,#5047,#5048);
#5046 = CARTESIAN_POINT('',(-3.86224,-1.363670333333,1.));
#5047 = DIRECTION('',(0.,-1.,0.));
#5048 = DIRECTION('',(-1.,0.,0.));
#5049 = ADVANCED_FACE('',(#5050),#5068,.T.);
#5050 = FACE_BOUND('',#5051,.T.);
#5051 = EDGE_LOOP('',(#5052,#5053,#5054,#5062));
#5052 = ORIENTED_EDGE('',*,*,#1013,.F.);
#5053 = ORIENTED_EDGE('',*,*,#4409,.T.);
#5054 = ORIENTED_EDGE('',*,*,#5055,.T.);
#5055 = EDGE_CURVE('',#4402,#5056,#5058,.T.);
#5056 = VERTEX_POINT('',#5057);
#5057 = CARTESIAN_POINT('',(4.837691,-0.627483333333,1.4));
#5058 = LINE('',#5059,#5060);
#5059 = CARTESIAN_POINT('',(3.980021,-0.627483333333,1.4));
#5060 = VECTOR('',#5061,1.);
#5061 = DIRECTION('',(1.,0.,0.));
#5062 = ORIENTED_EDGE('',*,*,#5063,.F.);
#5063 = EDGE_CURVE('',#1014,#5056,#5064,.T.);
#5064 = LINE('',#5065,#5066);
#5065 = CARTESIAN_POINT('',(4.837691,-0.627483333333,1.));
#5066 = VECTOR('',#5067,1.);
#5067 = DIRECTION('',(0.,0.,1.));
#5068 = PLANE('',#5069);
#5069 = AXIS2_PLACEMENT_3D('',#5070,#5071,#5072);
#5070 = CARTESIAN_POINT('',(3.980021,-0.627483333333,1.));
#5071 = DIRECTION('',(0.,1.,0.));
#5072 = DIRECTION('',(1.,0.,0.));
#5073 = ADVANCED_FACE('',(#5074),#5092,.T.);
#5074 = FACE_BOUND('',#5075,.T.);
#5075 = EDGE_LOOP('',(#5076,#5077,#5085,#5091));
#5076 = ORIENTED_EDGE('',*,*,#5063,.T.);
#5077 = ORIENTED_EDGE('',*,*,#5078,.T.);
#5078 = EDGE_CURVE('',#5056,#5079,#5081,.T.);
#5079 = VERTEX_POINT('',#5080);
#5080 = CARTESIAN_POINT('',(4.837691,-1.142087333333,1.4));
#5081 = LINE('',#5082,#5083);
#5082 = CARTESIAN_POINT('',(4.837691,-0.627483333333,1.4));
#5083 = VECTOR('',#5084,1.);
#5084 = DIRECTION('',(0.,-1.,0.));
#5085 = ORIENTED_EDGE('',*,*,#5086,.F.);
#5086 = EDGE_CURVE('',#1022,#5079,#5087,.T.);
#5087 = LINE('',#5088,#5089);
#5088 = CARTESIAN_POINT('',(4.837691,-1.142087333333,1.));
#5089 = VECTOR('',#5090,1.);
#5090 = DIRECTION('',(0.,0.,1.));
#5091 = ORIENTED_EDGE('',*,*,#1021,.F.);
#5092 = PLANE('',#5093);
#5093 = AXIS2_PLACEMENT_3D('',#5094,#5095,#5096);
#5094 = CARTESIAN_POINT('',(4.837691,-0.627483333333,1.));
#5095 = DIRECTION('',(1.,0.,0.));
#5096 = DIRECTION('',(0.,-1.,0.));
#5097 = ADVANCED_FACE('',(#5098),#5116,.T.);
#5098 = FACE_BOUND('',#5099,.T.);
#5099 = EDGE_LOOP('',(#5100,#5101,#5109,#5115));
#5100 = ORIENTED_EDGE('',*,*,#1365,.F.);
#5101 = ORIENTED_EDGE('',*,*,#5102,.T.);
#5102 = EDGE_CURVE('',#1358,#5103,#5105,.T.);
#5103 = VERTEX_POINT('',#5104);
#5104 = CARTESIAN_POINT('',(-5.218666,-2.035331666667,1.3));
#5105 = LINE('',#5106,#5107);
#5106 = CARTESIAN_POINT('',(-5.218666,-2.035331666667,1.));
#5107 = VECTOR('',#5108,1.);
#5108 = DIRECTION('',(0.,0.,1.));
#5109 = ORIENTED_EDGE('',*,*,#5110,.T.);
#5110 = EDGE_CURVE('',#5103,#4068,#5111,.T.);
#5111 = LINE('',#5112,#5113);
#5112 = CARTESIAN_POINT('',(-5.218666,-2.035331666667,1.3));
#5113 = VECTOR('',#5114,1.);
#5114 = DIRECTION('',(1.,0.,0.));
#5115 = ORIENTED_EDGE('',*,*,#4067,.T.);
#5116 = PLANE('',#5117);
#5117 = AXIS2_PLACEMENT_3D('',#5118,#5119,#5120);
#5118 = CARTESIAN_POINT('',(-5.218666,-2.035331666667,1.));
#5119 = DIRECTION('',(0.,1.,0.));
#5120 = DIRECTION('',(1.,0.,0.));
#5121 = ADVANCED_FACE('',(#5122),#5133,.T.);
#5122 = FACE_BOUND('',#5123,.T.);
#5123 = EDGE_LOOP('',(#5124,#5125,#5126,#5132));
#5124 = ORIENTED_EDGE('',*,*,#1029,.F.);
#5125 = ORIENTED_EDGE('',*,*,#5086,.T.);
#5126 = ORIENTED_EDGE('',*,*,#5127,.T.);
#5127 = EDGE_CURVE('',#5079,#4394,#5128,.T.);
#5128 = LINE('',#5129,#5130);
#5129 = CARTESIAN_POINT('',(4.837691,-1.142087333333,1.4));
#5130 = VECTOR('',#5131,1.);
#5131 = DIRECTION('',(-1.,0.,0.));
#5132 = ORIENTED_EDGE('',*,*,#4393,.T.);
#5133 = PLANE('',#5134);
#5134 = AXIS2_PLACEMENT_3D('',#5135,#5136,#5137);
#5135 = CARTESIAN_POINT('',(4.837691,-1.142087333333,1.));
#5136 = DIRECTION('',(0.,-1.,0.));
#5137 = DIRECTION('',(-1.,0.,0.));
#5138 = ADVANCED_FACE('',(#5139),#5157,.T.);
#5139 = FACE_BOUND('',#5140,.T.);
#5140 = EDGE_LOOP('',(#5141,#5149,#5155,#5156));
#5141 = ORIENTED_EDGE('',*,*,#5142,.T.);
#5142 = EDGE_CURVE('',#1350,#5143,#5145,.T.);
#5143 = VERTEX_POINT('',#5144);
#5144 = CARTESIAN_POINT('',(-5.218666,-2.697003666667,1.3));
#5145 = LINE('',#5146,#5147);
#5146 = CARTESIAN_POINT('',(-5.218666,-2.697003666667,1.));
#5147 = VECTOR('',#5148,1.);
#5148 = DIRECTION('',(0.,0.,1.));
#5149 = ORIENTED_EDGE('',*,*,#5150,.T.);
#5150 = EDGE_CURVE('',#5143,#5103,#5151,.T.);
#5151 = LINE('',#5152,#5153);
#5152 = CARTESIAN_POINT('',(-5.218666,-2.697003666667,1.3));
#5153 = VECTOR('',#5154,1.);
#5154 = DIRECTION('',(0.,1.,0.));
#5155 = ORIENTED_EDGE('',*,*,#5102,.F.);
#5156 = ORIENTED_EDGE('',*,*,#1357,.F.);
#5157 = PLANE('',#5158);
#5158 = AXIS2_PLACEMENT_3D('',#5159,#5160,#5161);
#5159 = CARTESIAN_POINT('',(-5.218666,-2.697003666667,1.));
#5160 = DIRECTION('',(-1.,0.,0.));
#5161 = DIRECTION('',(0.,1.,0.));
#5162 = ADVANCED_FACE('',(#5163),#5174,.T.);
#5163 = FACE_BOUND('',#5164,.T.);
#5164 = EDGE_LOOP('',(#5165,#5166,#5167,#5173));
#5165 = ORIENTED_EDGE('',*,*,#1349,.F.);
#5166 = ORIENTED_EDGE('',*,*,#4083,.T.);
#5167 = ORIENTED_EDGE('',*,*,#5168,.T.);
#5168 = EDGE_CURVE('',#4076,#5143,#5169,.T.);
#5169 = LINE('',#5170,#5171);
#5170 = CARTESIAN_POINT('',(-3.86224,-2.697003666667,1.3));
#5171 = VECTOR('',#5172,1.);
#5172 = DIRECTION('',(-1.,0.,0.));
#5173 = ORIENTED_EDGE('',*,*,#5142,.F.);
#5174 = PLANE('',#5175);
#5175 = AXIS2_PLACEMENT_3D('',#5176,#5177,#5178);
#5176 = CARTESIAN_POINT('',(-3.86224,-2.697003666667,1.));
#5177 = DIRECTION('',(0.,-1.,0.));
#5178 = DIRECTION('',(-1.,0.,0.));
#5179 = ADVANCED_FACE('',(#5180),#5198,.T.);
#5180 = FACE_BOUND('',#5181,.T.);
#5181 = EDGE_LOOP('',(#5182,#5183,#5184,#5192));
#5182 = ORIENTED_EDGE('',*,*,#1045,.F.);
#5183 = ORIENTED_EDGE('',*,*,#4386,.T.);
#5184 = ORIENTED_EDGE('',*,*,#5185,.T.);
#5185 = EDGE_CURVE('',#4379,#5186,#5188,.T.);
#5186 = VERTEX_POINT('',#5187);
#5187 = CARTESIAN_POINT('',(4.837691,-1.960816666667,1.4));
#5188 = LINE('',#5189,#5190);
#5189 = CARTESIAN_POINT('',(3.980021,-1.960816666667,1.4));
#5190 = VECTOR('',#5191,1.);
#5191 = DIRECTION('',(1.,0.,0.));
#5192 = ORIENTED_EDGE('',*,*,#5193,.F.);
#5193 = EDGE_CURVE('',#1046,#5186,#5194,.T.);
#5194 = LINE('',#5195,#5196);
#5195 = CARTESIAN_POINT('',(4.837691,-1.960816666667,1.));
#5196 = VECTOR('',#5197,1.);
#5197 = DIRECTION('',(0.,0.,1.));
#5198 = PLANE('',#5199);
#5199 = AXIS2_PLACEMENT_3D('',#5200,#5201,#5202);
#5200 = CARTESIAN_POINT('',(3.980021,-1.960816666667,1.));
#5201 = DIRECTION('',(0.,1.,0.));
#5202 = DIRECTION('',(1.,0.,0.));
#5203 = ADVANCED_FACE('',(#5204),#5222,.T.);
#5204 = FACE_BOUND('',#5205,.T.);
#5205 = EDGE_LOOP('',(#5206,#5207,#5215,#5221));
#5206 = ORIENTED_EDGE('',*,*,#5193,.T.);
#5207 = ORIENTED_EDGE('',*,*,#5208,.T.);
#5208 = EDGE_CURVE('',#5186,#5209,#5211,.T.);
#5209 = VERTEX_POINT('',#5210);
#5210 = CARTESIAN_POINT('',(4.837691,-2.475420666667,1.4));
#5211 = LINE('',#5212,#5213);
#5212 = CARTESIAN_POINT('',(4.837691,-1.960816666667,1.4));
#5213 = VECTOR('',#5214,1.);
#5214 = DIRECTION('',(0.,-1.,0.));
#5215 = ORIENTED_EDGE('',*,*,#5216,.F.);
#5216 = EDGE_CURVE('',#1054,#5209,#5217,.T.);
#5217 = LINE('',#5218,#5219);
#5218 = CARTESIAN_POINT('',(4.837691,-2.475420666667,1.));
#5219 = VECTOR('',#5220,1.);
#5220 = DIRECTION('',(0.,0.,1.));
#5221 = ORIENTED_EDGE('',*,*,#1053,.F.);
#5222 = PLANE('',#5223);
#5223 = AXIS2_PLACEMENT_3D('',#5224,#5225,#5226);
#5224 = CARTESIAN_POINT('',(4.837691,-1.960816666667,1.));
#5225 = DIRECTION('',(1.,0.,0.));
#5226 = DIRECTION('',(0.,-1.,0.));
#5227 = ADVANCED_FACE('',(#5228),#5246,.T.);
#5228 = FACE_BOUND('',#5229,.T.);
#5229 = EDGE_LOOP('',(#5230,#5231,#5239,#5245));
#5230 = ORIENTED_EDGE('',*,*,#1333,.F.);
#5231 = ORIENTED_EDGE('',*,*,#5232,.T.);
#5232 = EDGE_CURVE('',#1326,#5233,#5235,.T.);
#5233 = VERTEX_POINT('',#5234);
#5234 = CARTESIAN_POINT('',(-5.218666,-3.368665,1.3));
#5235 = LINE('',#5236,#5237);
#5236 = CARTESIAN_POINT('',(-5.218666,-3.368665,1.));
#5237 = VECTOR('',#5238,1.);
#5238 = DIRECTION('',(0.,0.,1.));
#5239 = ORIENTED_EDGE('',*,*,#5240,.T.);
#5240 = EDGE_CURVE('',#5233,#4091,#5241,.T.);
#5241 = LINE('',#5242,#5243);
#5242 = CARTESIAN_POINT('',(-5.218666,-3.368665,1.3));
#5243 = VECTOR('',#5244,1.);
#5244 = DIRECTION('',(1.,0.,0.));
#5245 = ORIENTED_EDGE('',*,*,#4090,.T.);
#5246 = PLANE('',#5247);
#5247 = AXIS2_PLACEMENT_3D('',#5248,#5249,#5250);
#5248 = CARTESIAN_POINT('',(-5.218666,-3.368665,1.));
#5249 = DIRECTION('',(0.,1.,0.));
#5250 = DIRECTION('',(1.,0.,0.));
#5251 = ADVANCED_FACE('',(#5252),#5263,.T.);
#5252 = FACE_BOUND('',#5253,.T.);
#5253 = EDGE_LOOP('',(#5254,#5255,#5256,#5262));
#5254 = ORIENTED_EDGE('',*,*,#1061,.F.);
#5255 = ORIENTED_EDGE('',*,*,#5216,.T.);
#5256 = ORIENTED_EDGE('',*,*,#5257,.T.);
#5257 = EDGE_CURVE('',#5209,#4371,#5258,.T.);
#5258 = LINE('',#5259,#5260);
#5259 = CARTESIAN_POINT('',(4.837691,-2.475420666667,1.4));
#5260 = VECTOR('',#5261,1.);
#5261 = DIRECTION('',(-1.,0.,0.));
#5262 = ORIENTED_EDGE('',*,*,#4370,.T.);
#5263 = PLANE('',#5264);
#5264 = AXIS2_PLACEMENT_3D('',#5265,#5266,#5267);
#5265 = CARTESIAN_POINT('',(4.837691,-2.475420666667,1.));
#5266 = DIRECTION('',(0.,-1.,0.));
#5267 = DIRECTION('',(-1.,0.,0.));
#5268 = ADVANCED_FACE('',(#5269),#5287,.T.);
#5269 = FACE_BOUND('',#5270,.T.);
#5270 = EDGE_LOOP('',(#5271,#5279,#5285,#5286));
#5271 = ORIENTED_EDGE('',*,*,#5272,.T.);
#5272 = EDGE_CURVE('',#1318,#5273,#5275,.T.);
#5273 = VERTEX_POINT('',#5274);
#5274 = CARTESIAN_POINT('',(-5.218666,-4.030337,1.3));
#5275 = LINE('',#5276,#5277);
#5276 = CARTESIAN_POINT('',(-5.218666,-4.030337,1.));
#5277 = VECTOR('',#5278,1.);
#5278 = DIRECTION('',(0.,0.,1.));
#5279 = ORIENTED_EDGE('',*,*,#5280,.T.);
#5280 = EDGE_CURVE('',#5273,#5233,#5281,.T.);
#5281 = LINE('',#5282,#5283);
#5282 = CARTESIAN_POINT('',(-5.218666,-4.030337,1.3));
#5283 = VECTOR('',#5284,1.);
#5284 = DIRECTION('',(0.,1.,0.));
#5285 = ORIENTED_EDGE('',*,*,#5232,.F.);
#5286 = ORIENTED_EDGE('',*,*,#1325,.F.);
#5287 = PLANE('',#5288);
#5288 = AXIS2_PLACEMENT_3D('',#5289,#5290,#5291);
#5289 = CARTESIAN_POINT('',(-5.218666,-4.030337,1.));
#5290 = DIRECTION('',(-1.,0.,0.));
#5291 = DIRECTION('',(0.,1.,0.));
#5292 = ADVANCED_FACE('',(#5293),#5304,.T.);
#5293 = FACE_BOUND('',#5294,.T.);
#5294 = EDGE_LOOP('',(#5295,#5296,#5297,#5303));
#5295 = ORIENTED_EDGE('',*,*,#1317,.F.);
#5296 = ORIENTED_EDGE('',*,*,#4106,.T.);
#5297 = ORIENTED_EDGE('',*,*,#5298,.T.);
#5298 = EDGE_CURVE('',#4099,#5273,#5299,.T.);
#5299 = LINE('',#5300,#5301);
#5300 = CARTESIAN_POINT('',(-3.86224,-4.030337,1.3));
#5301 = VECTOR('',#5302,1.);
#5302 = DIRECTION('',(-1.,0.,0.));
#5303 = ORIENTED_EDGE('',*,*,#5272,.F.);
#5304 = PLANE('',#5305);
#5305 = AXIS2_PLACEMENT_3D('',#5306,#5307,#5308);
#5306 = CARTESIAN_POINT('',(-3.86224,-4.030337,1.));
#5307 = DIRECTION('',(0.,-1.,0.));
#5308 = DIRECTION('',(-1.,0.,0.));
#5309 = ADVANCED_FACE('',(#5310),#5328,.T.);
#5310 = FACE_BOUND('',#5311,.T.);
#5311 = EDGE_LOOP('',(#5312,#5313,#5314,#5322));
#5312 = ORIENTED_EDGE('',*,*,#1077,.F.);
#5313 = ORIENTED_EDGE('',*,*,#4363,.T.);
#5314 = ORIENTED_EDGE('',*,*,#5315,.T.);
#5315 = EDGE_CURVE('',#4356,#5316,#5318,.T.);
#5316 = VERTEX_POINT('',#5317);
#5317 = CARTESIAN_POINT('',(4.837691,-3.29415,1.4));
#5318 = LINE('',#5319,#5320);
#5319 = CARTESIAN_POINT('',(3.980021,-3.29415,1.4));
#5320 = VECTOR('',#5321,1.);
#5321 = DIRECTION('',(1.,0.,0.));
#5322 = ORIENTED_EDGE('',*,*,#5323,.F.);
#5323 = EDGE_CURVE('',#1078,#5316,#5324,.T.);
#5324 = LINE('',#5325,#5326);
#5325 = CARTESIAN_POINT('',(4.837691,-3.29415,1.));
#5326 = VECTOR('',#5327,1.);
#5327 = DIRECTION('',(0.,0.,1.));
#5328 = PLANE('',#5329);
#5329 = AXIS2_PLACEMENT_3D('',#5330,#5331,#5332);
#5330 = CARTESIAN_POINT('',(3.980021,-3.29415,1.));
#5331 = DIRECTION('',(0.,1.,0.));
#5332 = DIRECTION('',(1.,0.,0.));
#5333 = ADVANCED_FACE('',(#5334),#5352,.T.);
#5334 = FACE_BOUND('',#5335,.T.);
#5335 = EDGE_LOOP('',(#5336,#5337,#5345,#5351));
#5336 = ORIENTED_EDGE('',*,*,#5323,.T.);
#5337 = ORIENTED_EDGE('',*,*,#5338,.T.);
#5338 = EDGE_CURVE('',#5316,#5339,#5341,.T.);
#5339 = VERTEX_POINT('',#5340);
#5340 = CARTESIAN_POINT('',(4.837691,-3.808754,1.4));
#5341 = LINE('',#5342,#5343);
#5342 = CARTESIAN_POINT('',(4.837691,-3.29415,1.4));
#5343 = VECTOR('',#5344,1.);
#5344 = DIRECTION('',(0.,-1.,0.));
#5345 = ORIENTED_EDGE('',*,*,#5346,.F.);
#5346 = EDGE_CURVE('',#1086,#5339,#5347,.T.);
#5347 = LINE('',#5348,#5349);
#5348 = CARTESIAN_POINT('',(4.837691,-3.808754,1.));
#5349 = VECTOR('',#5350,1.);
#5350 = DIRECTION('',(0.,0.,1.));
#5351 = ORIENTED_EDGE('',*,*,#1085,.F.);
#5352 = PLANE('',#5353);
#5353 = AXIS2_PLACEMENT_3D('',#5354,#5355,#5356);
#5354 = CARTESIAN_POINT('',(4.837691,-3.29415,1.));
#5355 = DIRECTION('',(1.,0.,0.));
#5356 = DIRECTION('',(0.,-1.,0.));
#5357 = ADVANCED_FACE('',(#5358),#5376,.T.);
#5358 = FACE_BOUND('',#5359,.T.);
#5359 = EDGE_LOOP('',(#5360,#5361,#5369,#5375));
#5360 = ORIENTED_EDGE('',*,*,#1301,.F.);
#5361 = ORIENTED_EDGE('',*,*,#5362,.T.);
#5362 = EDGE_CURVE('',#1294,#5363,#5365,.T.);
#5363 = VERTEX_POINT('',#5364);
#5364 = CARTESIAN_POINT('',(-5.218666,-4.701998333333,1.3));
#5365 = LINE('',#5366,#5367);
#5366 = CARTESIAN_POINT('',(-5.218666,-4.701998333333,1.));
#5367 = VECTOR('',#5368,1.);
#5368 = DIRECTION('',(0.,0.,1.));
#5369 = ORIENTED_EDGE('',*,*,#5370,.T.);
#5370 = EDGE_CURVE('',#5363,#4114,#5371,.T.);
#5371 = LINE('',#5372,#5373);
#5372 = CARTESIAN_POINT('',(-5.218666,-4.701998333333,1.3));
#5373 = VECTOR('',#5374,1.);
#5374 = DIRECTION('',(1.,0.,0.));
#5375 = ORIENTED_EDGE('',*,*,#4113,.T.);
#5376 = PLANE('',#5377);
#5377 = AXIS2_PLACEMENT_3D('',#5378,#5379,#5380);
#5378 = CARTESIAN_POINT('',(-5.218666,-4.701998333333,1.));
#5379 = DIRECTION('',(0.,1.,0.));
#5380 = DIRECTION('',(1.,0.,0.));
#5381 = ADVANCED_FACE('',(#5382),#5393,.T.);
#5382 = FACE_BOUND('',#5383,.T.);
#5383 = EDGE_LOOP('',(#5384,#5385,#5386,#5392));
#5384 = ORIENTED_EDGE('',*,*,#1093,.F.);
#5385 = ORIENTED_EDGE('',*,*,#5346,.T.);
#5386 = ORIENTED_EDGE('',*,*,#5387,.T.);
#5387 = EDGE_CURVE('',#5339,#4348,#5388,.T.);
#5388 = LINE('',#5389,#5390);
#5389 = CARTESIAN_POINT('',(4.837691,-3.808754,1.4));
#5390 = VECTOR('',#5391,1.);
#5391 = DIRECTION('',(-1.,0.,0.));
#5392 = ORIENTED_EDGE('',*,*,#4347,.T.);
#5393 = PLANE('',#5394);
#5394 = AXIS2_PLACEMENT_3D('',#5395,#5396,#5397);
#5395 = CARTESIAN_POINT('',(4.837691,-3.808754,1.));
#5396 = DIRECTION('',(0.,-1.,0.));
#5397 = DIRECTION('',(-1.,0.,0.));
#5398 = ADVANCED_FACE('',(#5399),#5417,.T.);
#5399 = FACE_BOUND('',#5400,.T.);
#5400 = EDGE_LOOP('',(#5401,#5409,#5415,#5416));
#5401 = ORIENTED_EDGE('',*,*,#5402,.T.);
#5402 = EDGE_CURVE('',#1286,#5403,#5405,.T.);
#5403 = VERTEX_POINT('',#5404);
#5404 = CARTESIAN_POINT('',(-5.218666,-5.363670333333,1.3));
#5405 = LINE('',#5406,#5407);
#5406 = CARTESIAN_POINT('',(-5.218666,-5.363670333333,1.));
#5407 = VECTOR('',#5408,1.);
#5408 = DIRECTION('',(0.,0.,1.));
#5409 = ORIENTED_EDGE('',*,*,#5410,.T.);
#5410 = EDGE_CURVE('',#5403,#5363,#5411,.T.);
#5411 = LINE('',#5412,#5413);
#5412 = CARTESIAN_POINT('',(-5.218666,-5.363670333333,1.3));
#5413 = VECTOR('',#5414,1.);
#5414 = DIRECTION('',(0.,1.,0.));
#5415 = ORIENTED_EDGE('',*,*,#5362,.F.);
#5416 = ORIENTED_EDGE('',*,*,#1293,.F.);
#5417 = PLANE('',#5418);
#5418 = AXIS2_PLACEMENT_3D('',#5419,#5420,#5421);
#5419 = CARTESIAN_POINT('',(-5.218666,-5.363670333333,1.));
#5420 = DIRECTION('',(-1.,0.,0.));
#5421 = DIRECTION('',(0.,1.,0.));
#5422 = ADVANCED_FACE('',(#5423),#5434,.T.);
#5423 = FACE_BOUND('',#5424,.T.);
#5424 = EDGE_LOOP('',(#5425,#5426,#5427,#5433));
#5425 = ORIENTED_EDGE('',*,*,#1285,.F.);
#5426 = ORIENTED_EDGE('',*,*,#4129,.T.);
#5427 = ORIENTED_EDGE('',*,*,#5428,.T.);
#5428 = EDGE_CURVE('',#4122,#5403,#5429,.T.);
#5429 = LINE('',#5430,#5431);
#5430 = CARTESIAN_POINT('',(-3.86224,-5.363670333333,1.3));
#5431 = VECTOR('',#5432,1.);
#5432 = DIRECTION('',(-1.,0.,0.));
#5433 = ORIENTED_EDGE('',*,*,#5402,.F.);
#5434 = PLANE('',#5435);
#5435 = AXIS2_PLACEMENT_3D('',#5436,#5437,#5438);
#5436 = CARTESIAN_POINT('',(-3.86224,-5.363670333333,1.));
#5437 = DIRECTION('',(0.,-1.,0.));
#5438 = DIRECTION('',(-1.,0.,0.));
#5439 = ADVANCED_FACE('',(#5440),#5458,.T.);
#5440 = FACE_BOUND('',#5441,.T.);
#5441 = EDGE_LOOP('',(#5442,#5443,#5444,#5452));
#5442 = ORIENTED_EDGE('',*,*,#1109,.F.);
#5443 = ORIENTED_EDGE('',*,*,#4340,.T.);
#5444 = ORIENTED_EDGE('',*,*,#5445,.T.);
#5445 = EDGE_CURVE('',#4333,#5446,#5448,.T.);
#5446 = VERTEX_POINT('',#5447);
#5447 = CARTESIAN_POINT('',(4.837691,-4.627483333333,1.4));
#5448 = LINE('',#5449,#5450);
#5449 = CARTESIAN_POINT('',(3.980021,-4.627483333333,1.4));
#5450 = VECTOR('',#5451,1.);
#5451 = DIRECTION('',(1.,0.,0.));
#5452 = ORIENTED_EDGE('',*,*,#5453,.F.);
#5453 = EDGE_CURVE('',#1110,#5446,#5454,.T.);
#5454 = LINE('',#5455,#5456);
#5455 = CARTESIAN_POINT('',(4.837691,-4.627483333333,1.));
#5456 = VECTOR('',#5457,1.);
#5457 = DIRECTION('',(0.,0.,1.));
#5458 = PLANE('',#5459);
#5459 = AXIS2_PLACEMENT_3D('',#5460,#5461,#5462);
#5460 = CARTESIAN_POINT('',(3.980021,-4.627483333333,1.));
#5461 = DIRECTION('',(0.,1.,0.));
#5462 = DIRECTION('',(1.,0.,0.));
#5463 = ADVANCED_FACE('',(#5464),#5482,.T.);
#5464 = FACE_BOUND('',#5465,.T.);
#5465 = EDGE_LOOP('',(#5466,#5467,#5475,#5481));
#5466 = ORIENTED_EDGE('',*,*,#5453,.T.);
#5467 = ORIENTED_EDGE('',*,*,#5468,.T.);
#5468 = EDGE_CURVE('',#5446,#5469,#5471,.T.);
#5469 = VERTEX_POINT('',#5470);
#5470 = CARTESIAN_POINT('',(4.837691,-5.142087333333,1.4));
#5471 = LINE('',#5472,#5473);
#5472 = CARTESIAN_POINT('',(4.837691,-4.627483333333,1.4));
#5473 = VECTOR('',#5474,1.);
#5474 = DIRECTION('',(0.,-1.,0.));
#5475 = ORIENTED_EDGE('',*,*,#5476,.F.);
#5476 = EDGE_CURVE('',#1118,#5469,#5477,.T.);
#5477 = LINE('',#5478,#5479);
#5478 = CARTESIAN_POINT('',(4.837691,-5.142087333333,1.));
#5479 = VECTOR('',#5480,1.);
#5480 = DIRECTION('',(0.,0.,1.));
#5481 = ORIENTED_EDGE('',*,*,#1117,.F.);
#5482 = PLANE('',#5483);
#5483 = AXIS2_PLACEMENT_3D('',#5484,#5485,#5486);
#5484 = CARTESIAN_POINT('',(4.837691,-4.627483333333,1.));
#5485 = DIRECTION('',(1.,0.,0.));
#5486 = DIRECTION('',(0.,-1.,0.));
#5487 = ADVANCED_FACE('',(#5488),#5506,.T.);
#5488 = FACE_BOUND('',#5489,.T.);
#5489 = EDGE_LOOP('',(#5490,#5491,#5499,#5505));
#5490 = ORIENTED_EDGE('',*,*,#1269,.F.);
#5491 = ORIENTED_EDGE('',*,*,#5492,.T.);
#5492 = EDGE_CURVE('',#1262,#5493,#5495,.T.);
#5493 = VERTEX_POINT('',#5494);
#5494 = CARTESIAN_POINT('',(-5.218666,-6.035331666667,1.3));
#5495 = LINE('',#5496,#5497);
#5496 = CARTESIAN_POINT('',(-5.218666,-6.035331666667,1.));
#5497 = VECTOR('',#5498,1.);
#5498 = DIRECTION('',(0.,0.,1.));
#5499 = ORIENTED_EDGE('',*,*,#5500,.T.);
#5500 = EDGE_CURVE('',#5493,#4137,#5501,.T.);
#5501 = LINE('',#5502,#5503);
#5502 = CARTESIAN_POINT('',(-5.218666,-6.035331666667,1.3));
#5503 = VECTOR('',#5504,1.);
#5504 = DIRECTION('',(1.,0.,0.));
#5505 = ORIENTED_EDGE('',*,*,#4136,.T.);
#5506 = PLANE('',#5507);
#5507 = AXIS2_PLACEMENT_3D('',#5508,#5509,#5510);
#5508 = CARTESIAN_POINT('',(-5.218666,-6.035331666667,1.));
#5509 = DIRECTION('',(0.,1.,0.));
#5510 = DIRECTION('',(1.,0.,0.));
#5511 = ADVANCED_FACE('',(#5512),#5523,.T.);
#5512 = FACE_BOUND('',#5513,.T.);
#5513 = EDGE_LOOP('',(#5514,#5515,#5516,#5522));
#5514 = ORIENTED_EDGE('',*,*,#1125,.F.);
#5515 = ORIENTED_EDGE('',*,*,#5476,.T.);
#5516 = ORIENTED_EDGE('',*,*,#5517,.T.);
#5517 = EDGE_CURVE('',#5469,#4325,#5518,.T.);
#5518 = LINE('',#5519,#5520);
#5519 = CARTESIAN_POINT('',(4.837691,-5.142087333333,1.4));
#5520 = VECTOR('',#5521,1.);
#5521 = DIRECTION('',(-1.,0.,0.));
#5522 = ORIENTED_EDGE('',*,*,#4324,.T.);
#5523 = PLANE('',#5524);
#5524 = AXIS2_PLACEMENT_3D('',#5525,#5526,#5527);
#5525 = CARTESIAN_POINT('',(4.837691,-5.142087333333,1.));
#5526 = DIRECTION('',(0.,-1.,0.));
#5527 = DIRECTION('',(-1.,0.,0.));
#5528 = ADVANCED_FACE('',(#5529),#5547,.T.);
#5529 = FACE_BOUND('',#5530,.T.);
#5530 = EDGE_LOOP('',(#5531,#5539,#5545,#5546));
#5531 = ORIENTED_EDGE('',*,*,#5532,.T.);
#5532 = EDGE_CURVE('',#1254,#5533,#5535,.T.);
#5533 = VERTEX_POINT('',#5534);
#5534 = CARTESIAN_POINT('',(-5.218666,-6.697003666667,1.3));
#5535 = LINE('',#5536,#5537);
#5536 = CARTESIAN_POINT('',(-5.218666,-6.697003666667,1.));
#5537 = VECTOR('',#5538,1.);
#5538 = DIRECTION('',(0.,0.,1.));
#5539 = ORIENTED_EDGE('',*,*,#5540,.T.);
#5540 = EDGE_CURVE('',#5533,#5493,#5541,.T.);
#5541 = LINE('',#5542,#5543);
#5542 = CARTESIAN_POINT('',(-5.218666,-6.697003666667,1.3));
#5543 = VECTOR('',#5544,1.);
#5544 = DIRECTION('',(0.,1.,0.));
#5545 = ORIENTED_EDGE('',*,*,#5492,.F.);
#5546 = ORIENTED_EDGE('',*,*,#1261,.F.);
#5547 = PLANE('',#5548);
#5548 = AXIS2_PLACEMENT_3D('',#5549,#5550,#5551);
#5549 = CARTESIAN_POINT('',(-5.218666,-6.697003666667,1.));
#5550 = DIRECTION('',(-1.,0.,0.));
#5551 = DIRECTION('',(0.,1.,0.));
#5552 = ADVANCED_FACE('',(#5553),#5564,.T.);
#5553 = FACE_BOUND('',#5554,.T.);
#5554 = EDGE_LOOP('',(#5555,#5556,#5557,#5563));
#5555 = ORIENTED_EDGE('',*,*,#1253,.F.);
#5556 = ORIENTED_EDGE('',*,*,#4152,.T.);
#5557 = ORIENTED_EDGE('',*,*,#5558,.T.);
#5558 = EDGE_CURVE('',#4145,#5533,#5559,.T.);
#5559 = LINE('',#5560,#5561);
#5560 = CARTESIAN_POINT('',(-3.86224,-6.697003666667,1.3));
#5561 = VECTOR('',#5562,1.);
#5562 = DIRECTION('',(-1.,0.,0.));
#5563 = ORIENTED_EDGE('',*,*,#5532,.F.);
#5564 = PLANE('',#5565);
#5565 = AXIS2_PLACEMENT_3D('',#5566,#5567,#5568);
#5566 = CARTESIAN_POINT('',(-3.86224,-6.697003666667,1.));
#5567 = DIRECTION('',(0.,-1.,0.));
#5568 = DIRECTION('',(-1.,0.,0.));
#5569 = ADVANCED_FACE('',(#5570),#5588,.T.);
#5570 = FACE_BOUND('',#5571,.T.);
#5571 = EDGE_LOOP('',(#5572,#5573,#5574,#5582));
#5572 = ORIENTED_EDGE('',*,*,#1141,.F.);
#5573 = ORIENTED_EDGE('',*,*,#4317,.T.);
#5574 = ORIENTED_EDGE('',*,*,#5575,.T.);
#5575 = EDGE_CURVE('',#4310,#5576,#5578,.T.);
#5576 = VERTEX_POINT('',#5577);
#5577 = CARTESIAN_POINT('',(4.837691,-5.960816666667,1.4));
#5578 = LINE('',#5579,#5580);
#5579 = CARTESIAN_POINT('',(3.980021,-5.960816666667,1.4));
#5580 = VECTOR('',#5581,1.);
#5581 = DIRECTION('',(1.,0.,0.));
#5582 = ORIENTED_EDGE('',*,*,#5583,.F.);
#5583 = EDGE_CURVE('',#1142,#5576,#5584,.T.);
#5584 = LINE('',#5585,#5586);
#5585 = CARTESIAN_POINT('',(4.837691,-5.960816666667,1.));
#5586 = VECTOR('',#5587,1.);
#5587 = DIRECTION('',(0.,0.,1.));
#5588 = PLANE('',#5589);
#5589 = AXIS2_PLACEMENT_3D('',#5590,#5591,#5592);
#5590 = CARTESIAN_POINT('',(3.980021,-5.960816666667,1.));
#5591 = DIRECTION('',(0.,1.,0.));
#5592 = DIRECTION('',(1.,0.,0.));
#5593 = ADVANCED_FACE('',(#5594),#5612,.T.);
#5594 = FACE_BOUND('',#5595,.T.);
#5595 = EDGE_LOOP('',(#5596,#5597,#5605,#5611));
#5596 = ORIENTED_EDGE('',*,*,#5583,.T.);
#5597 = ORIENTED_EDGE('',*,*,#5598,.T.);
#5598 = EDGE_CURVE('',#5576,#5599,#5601,.T.);
#5599 = VERTEX_POINT('',#5600);
#5600 = CARTESIAN_POINT('',(4.837691,-6.475420666667,1.4));
#5601 = LINE('',#5602,#5603);
#5602 = CARTESIAN_POINT('',(4.837691,-5.960816666667,1.4));
#5603 = VECTOR('',#5604,1.);
#5604 = DIRECTION('',(0.,-1.,0.));
#5605 = ORIENTED_EDGE('',*,*,#5606,.F.);
#5606 = EDGE_CURVE('',#1150,#5599,#5607,.T.);
#5607 = LINE('',#5608,#5609);
#5608 = CARTESIAN_POINT('',(4.837691,-6.475420666667,1.));
#5609 = VECTOR('',#5610,1.);
#5610 = DIRECTION('',(0.,0.,1.));
#5611 = ORIENTED_EDGE('',*,*,#1149,.F.);
#5612 = PLANE('',#5613);
#5613 = AXIS2_PLACEMENT_3D('',#5614,#5615,#5616);
#5614 = CARTESIAN_POINT('',(4.837691,-5.960816666667,1.));
#5615 = DIRECTION('',(1.,0.,0.));
#5616 = DIRECTION('',(0.,-1.,0.));
#5617 = ADVANCED_FACE('',(#5618),#5636,.T.);
#5618 = FACE_BOUND('',#5619,.T.);
#5619 = EDGE_LOOP('',(#5620,#5621,#5629,#5635));
#5620 = ORIENTED_EDGE('',*,*,#1237,.F.);
#5621 = ORIENTED_EDGE('',*,*,#5622,.T.);
#5622 = EDGE_CURVE('',#1230,#5623,#5625,.T.);
#5623 = VERTEX_POINT('',#5624);
#5624 = CARTESIAN_POINT('',(-5.218666,-7.368665,1.3));
#5625 = LINE('',#5626,#5627);
#5626 = CARTESIAN_POINT('',(-5.218666,-7.368665,1.));
#5627 = VECTOR('',#5628,1.);
#5628 = DIRECTION('',(0.,0.,1.));
#5629 = ORIENTED_EDGE('',*,*,#5630,.T.);
#5630 = EDGE_CURVE('',#5623,#4160,#5631,.T.);
#5631 = LINE('',#5632,#5633);
#5632 = CARTESIAN_POINT('',(-5.218666,-7.368665,1.3));
#5633 = VECTOR('',#5634,1.);
#5634 = DIRECTION('',(1.,0.,0.));
#5635 = ORIENTED_EDGE('',*,*,#4159,.T.);
#5636 = PLANE('',#5637);
#5637 = AXIS2_PLACEMENT_3D('',#5638,#5639,#5640);
#5638 = CARTESIAN_POINT('',(-5.218666,-7.368665,1.));
#5639 = DIRECTION('',(0.,1.,0.));
#5640 = DIRECTION('',(1.,0.,0.));
#5641 = ADVANCED_FACE('',(#5642),#5653,.T.);
#5642 = FACE_BOUND('',#5643,.T.);
#5643 = EDGE_LOOP('',(#5644,#5645,#5646,#5652));
#5644 = ORIENTED_EDGE('',*,*,#1157,.F.);
#5645 = ORIENTED_EDGE('',*,*,#5606,.T.);
#5646 = ORIENTED_EDGE('',*,*,#5647,.T.);
#5647 = EDGE_CURVE('',#5599,#4302,#5648,.T.);
#5648 = LINE('',#5649,#5650);
#5649 = CARTESIAN_POINT('',(4.837691,-6.475420666667,1.4));
#5650 = VECTOR('',#5651,1.);
#5651 = DIRECTION('',(-1.,0.,0.));
#5652 = ORIENTED_EDGE('',*,*,#4301,.T.);
#5653 = PLANE('',#5654);
#5654 = AXIS2_PLACEMENT_3D('',#5655,#5656,#5657);
#5655 = CARTESIAN_POINT('',(4.837691,-6.475420666667,1.));
#5656 = DIRECTION('',(0.,-1.,0.));
#5657 = DIRECTION('',(-1.,0.,0.));
#5658 = ADVANCED_FACE('',(#5659),#5677,.T.);
#5659 = FACE_BOUND('',#5660,.T.);
#5660 = EDGE_LOOP('',(#5661,#5669,#5675,#5676));
#5661 = ORIENTED_EDGE('',*,*,#5662,.T.);
#5662 = EDGE_CURVE('',#1222,#5663,#5665,.T.);
#5663 = VERTEX_POINT('',#5664);
#5664 = CARTESIAN_POINT('',(-5.218666,-8.030337,1.3));
#5665 = LINE('',#5666,#5667);
#5666 = CARTESIAN_POINT('',(-5.218666,-8.030337,1.));
#5667 = VECTOR('',#5668,1.);
#5668 = DIRECTION('',(0.,0.,1.));
#5669 = ORIENTED_EDGE('',*,*,#5670,.T.);
#5670 = EDGE_CURVE('',#5663,#5623,#5671,.T.);
#5671 = LINE('',#5672,#5673);
#5672 = CARTESIAN_POINT('',(-5.218666,-8.030337,1.3));
#5673 = VECTOR('',#5674,1.);
#5674 = DIRECTION('',(0.,1.,0.));
#5675 = ORIENTED_EDGE('',*,*,#5622,.F.);
#5676 = ORIENTED_EDGE('',*,*,#1229,.F.);
#5677 = PLANE('',#5678);
#5678 = AXIS2_PLACEMENT_3D('',#5679,#5680,#5681);
#5679 = CARTESIAN_POINT('',(-5.218666,-8.030337,1.));
#5680 = DIRECTION('',(-1.,0.,0.));
#5681 = DIRECTION('',(0.,1.,0.));
#5682 = ADVANCED_FACE('',(#5683),#5694,.T.);
#5683 = FACE_BOUND('',#5684,.T.);
#5684 = EDGE_LOOP('',(#5685,#5686,#5687,#5693));
#5685 = ORIENTED_EDGE('',*,*,#1221,.F.);
#5686 = ORIENTED_EDGE('',*,*,#4175,.T.);
#5687 = ORIENTED_EDGE('',*,*,#5688,.T.);
#5688 = EDGE_CURVE('',#4168,#5663,#5689,.T.);
#5689 = LINE('',#5690,#5691);
#5690 = CARTESIAN_POINT('',(-3.86224,-8.030337,1.3));
#5691 = VECTOR('',#5692,1.);
#5692 = DIRECTION('',(-1.,0.,0.));
#5693 = ORIENTED_EDGE('',*,*,#5662,.F.);
#5694 = PLANE('',#5695);
#5695 = AXIS2_PLACEMENT_3D('',#5696,#5697,#5698);
#5696 = CARTESIAN_POINT('',(-3.86224,-8.030337,1.));
#5697 = DIRECTION('',(0.,-1.,0.));
#5698 = DIRECTION('',(-1.,0.,0.));
#5699 = ADVANCED_FACE('',(#5700),#5718,.T.);
#5700 = FACE_BOUND('',#5701,.T.);
#5701 = EDGE_LOOP('',(#5702,#5703,#5704,#5712));
#5702 = ORIENTED_EDGE('',*,*,#1173,.F.);
#5703 = ORIENTED_EDGE('',*,*,#4294,.T.);
#5704 = ORIENTED_EDGE('',*,*,#5705,.T.);
#5705 = EDGE_CURVE('',#4287,#5706,#5708,.T.);
#5706 = VERTEX_POINT('',#5707);
#5707 = CARTESIAN_POINT('',(4.837691,-7.29415,1.4));
#5708 = LINE('',#5709,#5710);
#5709 = CARTESIAN_POINT('',(3.980021,-7.29415,1.4));
#5710 = VECTOR('',#5711,1.);
#5711 = DIRECTION('',(1.,0.,0.));
#5712 = ORIENTED_EDGE('',*,*,#5713,.F.);
#5713 = EDGE_CURVE('',#1174,#5706,#5714,.T.);
#5714 = LINE('',#5715,#5716);
#5715 = CARTESIAN_POINT('',(4.837691,-7.29415,1.));
#5716 = VECTOR('',#5717,1.);
#5717 = DIRECTION('',(0.,0.,1.));
#5718 = PLANE('',#5719);
#5719 = AXIS2_PLACEMENT_3D('',#5720,#5721,#5722);
#5720 = CARTESIAN_POINT('',(3.980021,-7.29415,1.));
#5721 = DIRECTION('',(0.,1.,0.));
#5722 = DIRECTION('',(1.,0.,0.));
#5723 = ADVANCED_FACE('',(#5724),#5742,.T.);
#5724 = FACE_BOUND('',#5725,.T.);
#5725 = EDGE_LOOP('',(#5726,#5727,#5735,#5741));
#5726 = ORIENTED_EDGE('',*,*,#5713,.T.);
#5727 = ORIENTED_EDGE('',*,*,#5728,.T.);
#5728 = EDGE_CURVE('',#5706,#5729,#5731,.T.);
#5729 = VERTEX_POINT('',#5730);
#5730 = CARTESIAN_POINT('',(4.837691,-7.808754,1.4));
#5731 = LINE('',#5732,#5733);
#5732 = CARTESIAN_POINT('',(4.837691,-7.29415,1.4));
#5733 = VECTOR('',#5734,1.);
#5734 = DIRECTION('',(0.,-1.,0.));
#5735 = ORIENTED_EDGE('',*,*,#5736,.F.);
#5736 = EDGE_CURVE('',#1182,#5729,#5737,.T.);
#5737 = LINE('',#5738,#5739);
#5738 = CARTESIAN_POINT('',(4.837691,-7.808754,1.));
#5739 = VECTOR('',#5740,1.);
#5740 = DIRECTION('',(0.,0.,1.));
#5741 = ORIENTED_EDGE('',*,*,#1181,.F.);
#5742 = PLANE('',#5743);
#5743 = AXIS2_PLACEMENT_3D('',#5744,#5745,#5746);
#5744 = CARTESIAN_POINT('',(4.837691,-7.29415,1.));
#5745 = DIRECTION('',(1.,0.,0.));
#5746 = DIRECTION('',(0.,-1.,0.));
#5747 = ADVANCED_FACE('',(#5748),#5759,.T.);
#5748 = FACE_BOUND('',#5749,.T.);
#5749 = EDGE_LOOP('',(#5750,#5751,#5757,#5758));
#5750 = ORIENTED_EDGE('',*,*,#4271,.T.);
#5751 = ORIENTED_EDGE('',*,*,#5752,.T.);
#5752 = EDGE_CURVE('',#4264,#3930,#5753,.T.);
#5753 = LINE('',#5754,#5755);
#5754 = CARTESIAN_POINT('',(4.,-9.,2.5));
#5755 = VECTOR('',#5756,1.);
#5756 = DIRECTION('',(-1.,0.,0.));
#5757 = ORIENTED_EDGE('',*,*,#3929,.F.);
#5758 = ORIENTED_EDGE('',*,*,#1205,.F.);
#5759 = PLANE('',#5760);
#5760 = AXIS2_PLACEMENT_3D('',#5761,#5762,#5763);
#5761 = CARTESIAN_POINT('',(4.,-9.,1.));
#5762 = DIRECTION('',(0.,-1.,0.));
#5763 = DIRECTION('',(-1.,0.,0.));
#5764 = ADVANCED_FACE('',(#5765),#5776,.T.);
#5765 = FACE_BOUND('',#5766,.T.);
#5766 = EDGE_LOOP('',(#5767,#5768,#5769,#5775));
#5767 = ORIENTED_EDGE('',*,*,#1189,.F.);
#5768 = ORIENTED_EDGE('',*,*,#5736,.T.);
#5769 = ORIENTED_EDGE('',*,*,#5770,.T.);
#5770 = EDGE_CURVE('',#5729,#4279,#5771,.T.);
#5771 = LINE('',#5772,#5773);
#5772 = CARTESIAN_POINT('',(4.837691,-7.808754,1.4));
#5773 = VECTOR('',#5774,1.);
#5774 = DIRECTION('',(-1.,0.,0.));
#5775 = ORIENTED_EDGE('',*,*,#4278,.T.);
#5776 = PLANE('',#5777);
#5777 = AXIS2_PLACEMENT_3D('',#5778,#5779,#5780);
#5778 = CARTESIAN_POINT('',(4.837691,-7.808754,1.));
#5779 = DIRECTION('',(0.,-1.,0.));
#5780 = DIRECTION('',(-1.,0.,0.));
#5781 = ADVANCED_FACE('',(#5782),#5801,.T.);
#5782 = FACE_BOUND('',#5783,.F.);
#5783 = EDGE_LOOP('',(#5784,#5792,#5799,#5800));
#5784 = ORIENTED_EDGE('',*,*,#5785,.T.);
#5785 = EDGE_CURVE('',#1534,#5786,#5788,.T.);
#5786 = VERTEX_POINT('',#5787);
#5787 = CARTESIAN_POINT('',(10.75,-2.5,4.8));
#5788 = LINE('',#5789,#5790);
#5789 = CARTESIAN_POINT('',(10.75,-2.5,1.));
#5790 = VECTOR('',#5791,1.);
#5791 = DIRECTION('',(0.,0.,1.));
#5792 = ORIENTED_EDGE('',*,*,#5793,.T.);
#5793 = EDGE_CURVE('',#5786,#5786,#5794,.T.);
#5794 = CIRCLE('',#5795,2.25);
#5795 = AXIS2_PLACEMENT_3D('',#5796,#5797,#5798);
#5796 = CARTESIAN_POINT('',(8.5,-2.5,4.8));
#5797 = DIRECTION('',(0.,0.,1.));
#5798 = DIRECTION('',(1.,0.,0.));
#5799 = ORIENTED_EDGE('',*,*,#5785,.F.);
#5800 = ORIENTED_EDGE('',*,*,#1533,.F.);
#5801 = CYLINDRICAL_SURFACE('',#5802,2.25);
#5802 = AXIS2_PLACEMENT_3D('',#5803,#5804,#5805);
#5803 = CARTESIAN_POINT('',(8.5,-2.5,1.));
#5804 = DIRECTION('',(-0.,-0.,-1.));
#5805 = DIRECTION('',(1.,0.,0.));
#5806 = ADVANCED_FACE('',(#5807),#5832,.T.);
#5807 = FACE_BOUND('',#5808,.T.);
#5808 = EDGE_LOOP('',(#5809,#5817,#5825,#5831));
#5809 = ORIENTED_EDGE('',*,*,#5810,.T.);
#5810 = EDGE_CURVE('',#1545,#5811,#5813,.T.);
#5811 = VERTEX_POINT('',#5812);
#5812 = CARTESIAN_POINT('',(-14.25,9.,3.));
#5813 = LINE('',#5814,#5815);
#5814 = CARTESIAN_POINT('',(-14.25,9.,1.));
#5815 = VECTOR('',#5816,1.);
#5816 = DIRECTION('',(0.,0.,1.));
#5817 = ORIENTED_EDGE('',*,*,#5818,.T.);
#5818 = EDGE_CURVE('',#5811,#5819,#5821,.T.);
#5819 = VERTEX_POINT('',#5820);
#5820 = CARTESIAN_POINT('',(-14.25,14.5,3.));
#5821 = LINE('',#5822,#5823);
#5822 = CARTESIAN_POINT('',(-14.25,9.,3.));
#5823 = VECTOR('',#5824,1.);
#5824 = DIRECTION('',(0.,1.,0.));
#5825 = ORIENTED_EDGE('',*,*,#5826,.F.);
#5826 = EDGE_CURVE('',#1547,#5819,#5827,.T.);
#5827 = LINE('',#5828,#5829);
#5828 = CARTESIAN_POINT('',(-14.25,14.5,1.));
#5829 = VECTOR('',#5830,1.);
#5830 = DIRECTION('',(0.,0.,1.));
#5831 = ORIENTED_EDGE('',*,*,#1544,.F.);
#5832 = PLANE('',#5833);
#5833 = AXIS2_PLACEMENT_3D('',#5834,#5835,#5836);
#5834 = CARTESIAN_POINT('',(-14.25,9.,1.));
#5835 = DIRECTION('',(-1.,0.,0.));
#5836 = DIRECTION('',(0.,1.,0.));
#5837 = ADVANCED_FACE('',(#5838),#5856,.T.);
#5838 = FACE_BOUND('',#5839,.T.);
#5839 = EDGE_LOOP('',(#5840,#5848,#5854,#5855));
#5840 = ORIENTED_EDGE('',*,*,#5841,.T.);
#5841 = EDGE_CURVE('',#1563,#5842,#5844,.T.);
#5842 = VERTEX_POINT('',#5843);
#5843 = CARTESIAN_POINT('',(-9.,9.,3.));
#5844 = LINE('',#5845,#5846);
#5845 = CARTESIAN_POINT('',(-9.,9.,1.));
#5846 = VECTOR('',#5847,1.);
#5847 = DIRECTION('',(0.,0.,1.));
#5848 = ORIENTED_EDGE('',*,*,#5849,.T.);
#5849 = EDGE_CURVE('',#5842,#5811,#5850,.T.);
#5850 = LINE('',#5851,#5852);
#5851 = CARTESIAN_POINT('',(-9.,9.,3.));
#5852 = VECTOR('',#5853,1.);
#5853 = DIRECTION('',(-1.,0.,0.));
#5854 = ORIENTED_EDGE('',*,*,#5810,.F.);
#5855 = ORIENTED_EDGE('',*,*,#1570,.F.);
#5856 = PLANE('',#5857);
#5857 = AXIS2_PLACEMENT_3D('',#5858,#5859,#5860);
#5858 = CARTESIAN_POINT('',(-9.,9.,1.));
#5859 = DIRECTION('',(0.,-1.,0.));
#5860 = DIRECTION('',(-1.,0.,0.));
#5861 = ADVANCED_FACE('',(#5862,#5880),#5914,.T.);
#5862 = FACE_BOUND('',#5863,.T.);
#5863 = EDGE_LOOP('',(#5864,#5865,#5873,#5879));
#5864 = ORIENTED_EDGE('',*,*,#5826,.T.);
#5865 = ORIENTED_EDGE('',*,*,#5866,.T.);
#5866 = EDGE_CURVE('',#5819,#5867,#5869,.T.);
#5867 = VERTEX_POINT('',#5868);
#5868 = CARTESIAN_POINT('',(-9.,14.5,3.));
#5869 = LINE('',#5870,#5871);
#5870 = CARTESIAN_POINT('',(-14.25,14.5,3.));
#5871 = VECTOR('',#5872,1.);
#5872 = DIRECTION('',(1.,0.,0.));
#5873 = ORIENTED_EDGE('',*,*,#5874,.F.);
#5874 = EDGE_CURVE('',#1555,#5867,#5875,.T.);
#5875 = LINE('',#5876,#5877);
#5876 = CARTESIAN_POINT('',(-9.,14.5,1.));
#5877 = VECTOR('',#5878,1.);
#5878 = DIRECTION('',(0.,0.,1.));
#5879 = ORIENTED_EDGE('',*,*,#1554,.F.);
#5880 = FACE_BOUND('',#5881,.T.);
#5881 = EDGE_LOOP('',(#5882,#5892,#5900,#5908));
#5882 = ORIENTED_EDGE('',*,*,#5883,.T.);
#5883 = EDGE_CURVE('',#5884,#5886,#5888,.T.);
#5884 = VERTEX_POINT('',#5885);
#5885 = CARTESIAN_POINT('',(-9.582868,14.5,1.44918));
#5886 = VERTEX_POINT('',#5887);
#5887 = CARTESIAN_POINT('',(-9.582868,14.5,2.484898));
#5888 = LINE('',#5889,#5890);
#5889 = CARTESIAN_POINT('',(-9.582868,14.5,1.44918));
#5890 = VECTOR('',#5891,1.);
#5891 = DIRECTION('',(0.,0.,1.));
#5892 = ORIENTED_EDGE('',*,*,#5893,.T.);
#5893 = EDGE_CURVE('',#5886,#5894,#5896,.T.);
#5894 = VERTEX_POINT('',#5895);
#5895 = CARTESIAN_POINT('',(-13.725741,14.5,2.484898));
#5896 = LINE('',#5897,#5898);
#5897 = CARTESIAN_POINT('',(-9.582868,14.5,2.484898));
#5898 = VECTOR('',#5899,1.);
#5899 = DIRECTION('',(-1.,0.,0.));
#5900 = ORIENTED_EDGE('',*,*,#5901,.T.);
#5901 = EDGE_CURVE('',#5894,#5902,#5904,.T.);
#5902 = VERTEX_POINT('',#5903);
#5903 = CARTESIAN_POINT('',(-13.725741,14.5,1.44918));
#5904 = LINE('',#5905,#5906);
#5905 = CARTESIAN_POINT('',(-13.725741,14.5,2.484898));
#5906 = VECTOR('',#5907,1.);
#5907 = DIRECTION('',(0.,0.,-1.));
#5908 = ORIENTED_EDGE('',*,*,#5909,.T.);
#5909 = EDGE_CURVE('',#5902,#5884,#5910,.T.);
#5910 = LINE('',#5911,#5912);
#5911 = CARTESIAN_POINT('',(-13.725741,14.5,1.44918));
#5912 = VECTOR('',#5913,1.);
#5913 = DIRECTION('',(1.,0.,0.));
#5914 = PLANE('',#5915);
#5915 = AXIS2_PLACEMENT_3D('',#5916,#5917,#5918);
#5916 = CARTESIAN_POINT('',(-14.25,14.5,1.));
#5917 = DIRECTION('',(0.,1.,0.));
#5918 = DIRECTION('',(1.,0.,0.));
#5919 = ADVANCED_FACE('',(#5920),#5931,.T.);
#5920 = FACE_BOUND('',#5921,.T.);
#5921 = EDGE_LOOP('',(#5922,#5923,#5929,#5930));
#5922 = ORIENTED_EDGE('',*,*,#5874,.T.);
#5923 = ORIENTED_EDGE('',*,*,#5924,.T.);
#5924 = EDGE_CURVE('',#5867,#5842,#5925,.T.);
#5925 = LINE('',#5926,#5927);
#5926 = CARTESIAN_POINT('',(-9.,14.5,3.));
#5927 = VECTOR('',#5928,1.);
#5928 = DIRECTION('',(0.,-1.,0.));
#5929 = ORIENTED_EDGE('',*,*,#5841,.F.);
#5930 = ORIENTED_EDGE('',*,*,#1562,.F.);
#5931 = PLANE('',#5932);
#5932 = AXIS2_PLACEMENT_3D('',#5933,#5934,#5935);
#5933 = CARTESIAN_POINT('',(-9.,14.5,1.));
#5934 = DIRECTION('',(1.,0.,0.));
#5935 = DIRECTION('',(0.,-1.,0.));
#5936 = ADVANCED_FACE('',(#5937),#5962,.T.);
#5937 = FACE_BOUND('',#5938,.T.);
#5938 = EDGE_LOOP('',(#5939,#5947,#5955,#5961));
#5939 = ORIENTED_EDGE('',*,*,#5940,.T.);
#5940 = EDGE_CURVE('',#1579,#5941,#5943,.T.);
#5941 = VERTEX_POINT('',#5942);
#5942 = CARTESIAN_POINT('',(5.,1.,8.));
#5943 = LINE('',#5944,#5945);
#5944 = CARTESIAN_POINT('',(5.,1.,1.));
#5945 = VECTOR('',#5946,1.);
#5946 = DIRECTION('',(0.,0.,1.));
#5947 = ORIENTED_EDGE('',*,*,#5948,.T.);
#5948 = EDGE_CURVE('',#5941,#5949,#5951,.T.);
#5949 = VERTEX_POINT('',#5950);
#5950 = CARTESIAN_POINT('',(5.,14.,8.));
#5951 = LINE('',#5952,#5953);
#5952 = CARTESIAN_POINT('',(5.,1.,8.));
#5953 = VECTOR('',#5954,1.);
#5954 = DIRECTION('',(0.,1.,0.));
#5955 = ORIENTED_EDGE('',*,*,#5956,.F.);
#5956 = EDGE_CURVE('',#1581,#5949,#5957,.T.);
#5957 = LINE('',#5958,#5959);
#5958 = CARTESIAN_POINT('',(5.,14.,1.));
#5959 = VECTOR('',#5960,1.);
#5960 = DIRECTION('',(0.,0.,1.));
#5961 = ORIENTED_EDGE('',*,*,#1578,.F.);
#5962 = PLANE('',#5963);
#5963 = AXIS2_PLACEMENT_3D('',#5964,#5965,#5966);
#5964 = CARTESIAN_POINT('',(5.,1.,1.));
#5965 = DIRECTION('',(-1.,0.,0.));
#5966 = DIRECTION('',(0.,1.,0.));
#5967 = ADVANCED_FACE('',(#5968),#5986,.T.);
#5968 = FACE_BOUND('',#5969,.T.);
#5969 = EDGE_LOOP('',(#5970,#5978,#5984,#5985));
#5970 = ORIENTED_EDGE('',*,*,#5971,.T.);
#5971 = EDGE_CURVE('',#1597,#5972,#5974,.T.);
#5972 = VERTEX_POINT('',#5973);
#5973 = CARTESIAN_POINT('',(12.,1.,8.));
#5974 = LINE('',#5975,#5976);
#5975 = CARTESIAN_POINT('',(12.,1.,1.));
#5976 = VECTOR('',#5977,1.);
#5977 = DIRECTION('',(0.,0.,1.));
#5978 = ORIENTED_EDGE('',*,*,#5979,.T.);
#5979 = EDGE_CURVE('',#5972,#5941,#5980,.T.);
#5980 = LINE('',#5981,#5982);
#5981 = CARTESIAN_POINT('',(12.,1.,8.));
#5982 = VECTOR('',#5983,1.);
#5983 = DIRECTION('',(-1.,0.,0.));
#5984 = ORIENTED_EDGE('',*,*,#5940,.F.);
#5985 = ORIENTED_EDGE('',*,*,#1604,.F.);
#5986 = PLANE('',#5987);
#5987 = AXIS2_PLACEMENT_3D('',#5988,#5989,#5990);
#5988 = CARTESIAN_POINT('',(12.,1.,1.));
#5989 = DIRECTION('',(0.,-1.,0.));
#5990 = DIRECTION('',(-1.,0.,0.));
#5991 = ADVANCED_FACE('',(#5992),#6010,.T.);
#5992 = FACE_BOUND('',#5993,.T.);
#5993 = EDGE_LOOP('',(#5994,#5995,#6003,#6009));
#5994 = ORIENTED_EDGE('',*,*,#5956,.T.);
#5995 = ORIENTED_EDGE('',*,*,#5996,.T.);
#5996 = EDGE_CURVE('',#5949,#5997,#5999,.T.);
#5997 = VERTEX_POINT('',#5998);
#5998 = CARTESIAN_POINT('',(12.,14.,8.));
#5999 = LINE('',#6000,#6001);
#6000 = CARTESIAN_POINT('',(5.,14.,8.));
#6001 = VECTOR('',#6002,1.);
#6002 = DIRECTION('',(1.,0.,0.));
#6003 = ORIENTED_EDGE('',*,*,#6004,.F.);
#6004 = EDGE_CURVE('',#1589,#5997,#6005,.T.);
#6005 = LINE('',#6006,#6007);
#6006 = CARTESIAN_POINT('',(12.,14.,1.));
#6007 = VECTOR('',#6008,1.);
#6008 = DIRECTION('',(0.,0.,1.));
#6009 = ORIENTED_EDGE('',*,*,#1588,.F.);
#6010 = PLANE('',#6011);
#6011 = AXIS2_PLACEMENT_3D('',#6012,#6013,#6014);
#6012 = CARTESIAN_POINT('',(5.,14.,1.));
#6013 = DIRECTION('',(0.,1.,0.));
#6014 = DIRECTION('',(1.,0.,0.));
#6015 = ADVANCED_FACE('',(#6016),#6027,.T.);
#6016 = FACE_BOUND('',#6017,.T.);
#6017 = EDGE_LOOP('',(#6018,#6019,#6025,#6026));
#6018 = ORIENTED_EDGE('',*,*,#6004,.T.);
#6019 = ORIENTED_EDGE('',*,*,#6020,.T.);
#6020 = EDGE_CURVE('',#5997,#5972,#6021,.T.);
#6021 = LINE('',#6022,#6023);
#6022 = CARTESIAN_POINT('',(12.,14.,8.));
#6023 = VECTOR('',#6024,1.);
#6024 = DIRECTION('',(0.,-1.,0.));
#6025 = ORIENTED_EDGE('',*,*,#5971,.F.);
#6026 = ORIENTED_EDGE('',*,*,#1596,.F.);
#6027 = PLANE('',#6028);
#6028 = AXIS2_PLACEMENT_3D('',#6029,#6030,#6031);
#6029 = CARTESIAN_POINT('',(12.,14.,1.));
#6030 = DIRECTION('',(1.,0.,0.));
#6031 = DIRECTION('',(0.,-1.,0.));
#6032 = ADVANCED_FACE('',(#6033),#6052,.F.);
#6033 = FACE_BOUND('',#6034,.F.);
#6034 = EDGE_LOOP('',(#6035,#6036,#6044,#6051));
#6035 = ORIENTED_EDGE('',*,*,#1612,.F.);
#6036 = ORIENTED_EDGE('',*,*,#6037,.T.);
#6037 = EDGE_CURVE('',#1613,#6038,#6040,.T.);
#6038 = VERTEX_POINT('',#6039);
#6039 = CARTESIAN_POINT('',(0.921936,8.,0.));
#6040 = LINE('',#6041,#6042);
#6041 = CARTESIAN_POINT('',(0.921936,8.,1.));
#6042 = VECTOR('',#6043,1.);
#6043 = DIRECTION('',(-0.,-0.,-1.));
#6044 = ORIENTED_EDGE('',*,*,#6045,.T.);
#6045 = EDGE_CURVE('',#6038,#6038,#6046,.T.);
#6046 = CIRCLE('',#6047,0.921936);
#6047 = AXIS2_PLACEMENT_3D('',#6048,#6049,#6050);
#6048 = CARTESIAN_POINT('',(0.,8.,0.));
#6049 = DIRECTION('',(0.,0.,1.));
#6050 = DIRECTION('',(1.,0.,0.));
#6051 = ORIENTED_EDGE('',*,*,#6037,.F.);
#6052 = CYLINDRICAL_SURFACE('',#6053,0.921936);
#6053 = AXIS2_PLACEMENT_3D('',#6054,#6055,#6056);
#6054 = CARTESIAN_POINT('',(0.,8.,1.));
#6055 = DIRECTION('',(0.,0.,1.));
#6056 = DIRECTION('',(1.,0.,0.));
#6057 = ADVANCED_FACE('',(#6058,#6064,#6067),#6070,.F.);
#6058 = FACE_BOUND('',#6059,.F.);
#6059 = EDGE_LOOP('',(#6060,#6061,#6062,#6063));
#6060 = ORIENTED_EDGE('',*,*,#1655,.F.);
#6061 = ORIENTED_EDGE('',*,*,#1679,.F.);
#6062 = ORIENTED_EDGE('',*,*,#1720,.F.);
#6063 = ORIENTED_EDGE('',*,*,#1703,.F.);
#6064 = FACE_BOUND('',#6065,.F.);
#6065 = EDGE_LOOP('',(#6066));
#6066 = ORIENTED_EDGE('',*,*,#1743,.F.);
#6067 = FACE_BOUND('',#6068,.F.);
#6068 = EDGE_LOOP('',(#6069));
#6069 = ORIENTED_EDGE('',*,*,#6045,.F.);
#6070 = PLANE('',#6071);
#6071 = AXIS2_PLACEMENT_3D('',#6072,#6073,#6074);
#6072 = CARTESIAN_POINT('',(1.42E-15,1.89E-15,0.));
#6073 = DIRECTION('',(0.,0.,1.));
#6074 = DIRECTION('',(1.,0.,0.));
#6075 = ADVANCED_FACE('',(#6076),#6094,.T.);
#6076 = FACE_BOUND('',#6077,.T.);
#6077 = EDGE_LOOP('',(#6078,#6079,#6080,#6081,#6082,#6083,#6084,#6085,
    #6086,#6087,#6088,#6089,#6090,#6091,#6092,#6093));
#6078 = ORIENTED_EDGE('',*,*,#2135,.F.);
#6079 = ORIENTED_EDGE('',*,*,#1767,.F.);
#6080 = ORIENTED_EDGE('',*,*,#1798,.F.);
#6081 = ORIENTED_EDGE('',*,*,#1822,.F.);
#6082 = ORIENTED_EDGE('',*,*,#1848,.F.);
#6083 = ORIENTED_EDGE('',*,*,#1874,.F.);
#6084 = ORIENTED_EDGE('',*,*,#1898,.F.);
#6085 = ORIENTED_EDGE('',*,*,#1922,.F.);
#6086 = ORIENTED_EDGE('',*,*,#1946,.F.);
#6087 = ORIENTED_EDGE('',*,*,#1970,.F.);
#6088 = ORIENTED_EDGE('',*,*,#1994,.F.);
#6089 = ORIENTED_EDGE('',*,*,#2018,.F.);
#6090 = ORIENTED_EDGE('',*,*,#2044,.F.);
#6091 = ORIENTED_EDGE('',*,*,#2070,.F.);
#6092 = ORIENTED_EDGE('',*,*,#2094,.F.);
#6093 = ORIENTED_EDGE('',*,*,#2118,.F.);
#6094 = PLANE('',#6095);
#6095 = AXIS2_PLACEMENT_3D('',#6096,#6097,#6098);
#6096 = CARTESIAN_POINT('',(-5.999455512292,-12.55003234158,0.9));
#6097 = DIRECTION('',(-6.999964594841E-15,9.900000250339E-14,1.));
#6098 = DIRECTION('',(1.,-3.57627869E-07,7.E-15));
#6099 = ADVANCED_FACE('',(#6100),#6113,.T.);
#6100 = FACE_BOUND('',#6101,.T.);
#6101 = EDGE_LOOP('',(#6102,#6103,#6104,#6105,#6106,#6107,#6108,#6109,
    #6110,#6111,#6112));
#6102 = ORIENTED_EDGE('',*,*,#2403,.F.);
#6103 = ORIENTED_EDGE('',*,*,#2159,.F.);
#6104 = ORIENTED_EDGE('',*,*,#2190,.F.);
#6105 = ORIENTED_EDGE('',*,*,#2214,.F.);
#6106 = ORIENTED_EDGE('',*,*,#2238,.F.);
#6107 = ORIENTED_EDGE('',*,*,#2262,.F.);
#6108 = ORIENTED_EDGE('',*,*,#2286,.F.);
#6109 = ORIENTED_EDGE('',*,*,#2312,.F.);
#6110 = ORIENTED_EDGE('',*,*,#2338,.F.);
#6111 = ORIENTED_EDGE('',*,*,#2362,.F.);
#6112 = ORIENTED_EDGE('',*,*,#2386,.F.);
#6113 = PLANE('',#6114);
#6114 = AXIS2_PLACEMENT_3D('',#6115,#6116,#6117);
#6115 = CARTESIAN_POINT('',(-4.579900178043,-12.33829267391,0.9));
#6116 = DIRECTION('',(-6.999964594841E-15,9.900000250339E-14,1.));
#6117 = DIRECTION('',(1.,-3.57627869E-07,7.E-15));
#6118 = ADVANCED_FACE('',(#6119),#6125,.T.);
#6119 = FACE_BOUND('',#6120,.T.);
#6120 = EDGE_LOOP('',(#6121,#6122,#6123,#6124));
#6121 = ORIENTED_EDGE('',*,*,#2499,.F.);
#6122 = ORIENTED_EDGE('',*,*,#2427,.F.);
#6123 = ORIENTED_EDGE('',*,*,#2458,.F.);
#6124 = ORIENTED_EDGE('',*,*,#2482,.F.);
#6125 = PLANE('',#6126);
#6126 = AXIS2_PLACEMENT_3D('',#6127,#6128,#6129);
#6127 = CARTESIAN_POINT('',(-3.702467843563,-12.80459682383,0.9));
#6128 = DIRECTION('',(-6.999964594841E-15,9.900000250339E-14,1.));
#6129 = DIRECTION('',(1.,-3.57627869E-07,7.E-15));
#6130 = ADVANCED_FACE('',(#6131,#6146,#6220),#6294,.T.);
#6131 = FACE_BOUND('',#6132,.T.);
#6132 = EDGE_LOOP('',(#6133,#6134,#6135,#6136,#6137,#6138,#6139,#6140,
    #6141,#6142,#6143,#6144,#6145));
#6133 = ORIENTED_EDGE('',*,*,#2831,.F.);
#6134 = ORIENTED_EDGE('',*,*,#2523,.F.);
#6135 = ORIENTED_EDGE('',*,*,#2554,.F.);
#6136 = ORIENTED_EDGE('',*,*,#2580,.F.);
#6137 = ORIENTED_EDGE('',*,*,#2606,.F.);
#6138 = ORIENTED_EDGE('',*,*,#2632,.F.);
#6139 = ORIENTED_EDGE('',*,*,#2658,.F.);
#6140 = ORIENTED_EDGE('',*,*,#2684,.F.);
#6141 = ORIENTED_EDGE('',*,*,#2710,.F.);
#6142 = ORIENTED_EDGE('',*,*,#2736,.F.);
#6143 = ORIENTED_EDGE('',*,*,#2762,.F.);
#6144 = ORIENTED_EDGE('',*,*,#2788,.F.);
#6145 = ORIENTED_EDGE('',*,*,#2814,.F.);
#6146 = FACE_BOUND('',#6147,.T.);
#6147 = EDGE_LOOP('',(#6148,#6158,#6166,#6174,#6182,#6190,#6198,#6206,
    #6214));
#6148 = ORIENTED_EDGE('',*,*,#6149,.F.);
#6149 = EDGE_CURVE('',#6150,#6152,#6154,.T.);
#6150 = VERTEX_POINT('',#6151);
#6151 = CARTESIAN_POINT('',(-2.972595664816,-13.25668219124,0.9));
#6152 = VERTEX_POINT('',#6153);
#6153 = CARTESIAN_POINT('',(-2.590553111624,-13.25668232786,0.9));
#6154 = LINE('',#6155,#6156);
#6155 = CARTESIAN_POINT('',(-2.972595664816,-13.25668219124,0.9));
#6156 = VECTOR('',#6157,1.);
#6157 = DIRECTION('',(1.,-3.57627869E-07,7.E-15));
#6158 = ORIENTED_EDGE('',*,*,#6159,.F.);
#6159 = EDGE_CURVE('',#6160,#6150,#6162,.T.);
#6160 = VERTEX_POINT('',#6161);
#6161 = CARTESIAN_POINT('',(-2.97259543496,-12.61395878698,0.9));
#6162 = LINE('',#6163,#6164);
#6163 = CARTESIAN_POINT('',(-2.97259543496,-12.61395878698,0.9));
#6164 = VECTOR('',#6165,1.);
#6165 = DIRECTION('',(-3.57627869E-07,-1.,9.9E-14));
#6166 = ORIENTED_EDGE('',*,*,#6167,.F.);
#6167 = EDGE_CURVE('',#6168,#6160,#6170,.T.);
#6168 = VERTEX_POINT('',#6169);
#6169 = CARTESIAN_POINT('',(-2.617361392407,-12.61395891402,0.9));
#6170 = LINE('',#6171,#6172);
#6171 = CARTESIAN_POINT('',(-2.617361392407,-12.61395891402,0.9));
#6172 = VECTOR('',#6173,1.);
#6173 = DIRECTION('',(-1.,3.57627869E-07,-7.E-15));
#6174 = ORIENTED_EDGE('',*,*,#6175,.F.);
#6175 = EDGE_CURVE('',#6176,#6168,#6178,.T.);
#6176 = VERTEX_POINT('',#6177);
#6177 = CARTESIAN_POINT('',(-2.386808213001,-12.64774623052,0.9));
#6178 = B_SPLINE_CURVE_WITH_KNOTS('',2,(#6179,#6180,#6181),
  .UNSPECIFIED.,.F.,.F.,(3,3),(0.,1.),.PIECEWISE_BEZIER_KNOTS.);
#6179 = CARTESIAN_POINT('',(-2.386808213001,-12.64774623052,0.9));
#6180 = CARTESIAN_POINT('',(-2.460255009428,-12.61395897021,0.9));
#6181 = CARTESIAN_POINT('',(-2.617361392407,-12.61395891402,0.9));
#6182 = ORIENTED_EDGE('',*,*,#6183,.F.);
#6183 = EDGE_CURVE('',#6184,#6176,#6186,.T.);
#6184 = VERTEX_POINT('',#6185);
#6185 = CARTESIAN_POINT('',(-2.269872081108,-12.75489520851,0.9));
#6186 = B_SPLINE_CURVE_WITH_KNOTS('',2,(#6187,#6188,#6189),
  .UNSPECIFIED.,.F.,.F.,(3,3),(0.,1.),.PIECEWISE_BEZIER_KNOTS.);
#6187 = CARTESIAN_POINT('',(-2.269872081108,-12.75489520851,0.9));
#6188 = CARTESIAN_POINT('',(-2.313276310191,-12.68153349086,0.9));
#6189 = CARTESIAN_POINT('',(-2.386808213001,-12.64774623052,0.9));
#6190 = ORIENTED_EDGE('',*,*,#6191,.F.);
#6191 = EDGE_CURVE('',#6192,#6184,#6194,.T.);
#6192 = VERTEX_POINT('',#6193);
#6193 = CARTESIAN_POINT('',(-2.226382783474,-12.93404416023,0.9));
#6194 = B_SPLINE_CURVE_WITH_KNOTS('',2,(#6195,#6196,#6197),
  .UNSPECIFIED.,.F.,.F.,(3,3),(0.,1.),.PIECEWISE_BEZIER_KNOTS.);
#6195 = CARTESIAN_POINT('',(-2.226382783474,-12.93404416023,0.9));
#6196 = CARTESIAN_POINT('',(-2.226382745611,-12.8281718198,0.9));
#6197 = CARTESIAN_POINT('',(-2.269872081108,-12.75489520851,0.9));
#6198 = ORIENTED_EDGE('',*,*,#6199,.F.);
#6199 = EDGE_CURVE('',#6200,#6192,#6202,.T.);
#6200 = VERTEX_POINT('',#6201);
#6201 = CARTESIAN_POINT('',(-2.27174455381,-13.12476754826,0.9));
#6202 = B_SPLINE_CURVE_WITH_KNOTS('',2,(#6203,#6204,#6205),
  .UNSPECIFIED.,.F.,.F.,(3,3),(0.,1.),.PIECEWISE_BEZIER_KNOTS.);
#6203 = CARTESIAN_POINT('',(-2.27174455381,-13.12476754826,0.9));
#6204 = CARTESIAN_POINT('',(-2.226382824533,-13.04885267087,0.9));
#6205 = CARTESIAN_POINT('',(-2.226382783474,-12.93404416023,0.9));
#6206 = ORIENTED_EDGE('',*,*,#6207,.F.);
#6207 = EDGE_CURVE('',#6208,#6200,#6210,.T.);
#6208 = VERTEX_POINT('',#6209);
#6209 = CARTESIAN_POINT('',(-2.403999911917,-13.23370367118,0.9));
#6210 = B_SPLINE_CURVE_WITH_KNOTS('',2,(#6211,#6212,#6213),
  .UNSPECIFIED.,.F.,.F.,(3,3),(0.,1.),.PIECEWISE_BEZIER_KNOTS.);
#6211 = CARTESIAN_POINT('',(-2.403999911917,-13.23370367118,0.9));
#6212 = CARTESIAN_POINT('',(-2.317106283056,-13.20059731927,0.9));
#6213 = CARTESIAN_POINT('',(-2.27174455381,-13.12476754826,0.9));
#6214 = ORIENTED_EDGE('',*,*,#6215,.F.);
#6215 = EDGE_CURVE('',#6152,#6208,#6216,.T.);
#6216 = B_SPLINE_CURVE_WITH_KNOTS('',2,(#6217,#6218,#6219),
  .UNSPECIFIED.,.F.,.F.,(3,3),(0.,1.),.PIECEWISE_BEZIER_KNOTS.);
#6217 = CARTESIAN_POINT('',(-2.590553111624,-13.25668232786,0.9));
#6218 = CARTESIAN_POINT('',(-2.464085026518,-13.25668237309,0.9));
#6219 = CARTESIAN_POINT('',(-2.403999911917,-13.23370367118,0.9));
#6220 = FACE_BOUND('',#6221,.T.);
#6221 = EDGE_LOOP('',(#6222,#6232,#6240,#6248,#6256,#6264,#6272,#6280,
    #6288));
#6222 = ORIENTED_EDGE('',*,*,#6223,.F.);
#6223 = EDGE_CURVE('',#6224,#6226,#6228,.T.);
#6224 = VERTEX_POINT('',#6225);
#6225 = CARTESIAN_POINT('',(-2.972595355095,-12.39063963804,0.9));
#6226 = VERTEX_POINT('',#6227);
#6227 = CARTESIAN_POINT('',(-2.641105993393,-12.39063975659,0.9));
#6228 = LINE('',#6229,#6230);
#6229 = CARTESIAN_POINT('',(-2.972595355095,-12.39063963804,0.9));
#6230 = VECTOR('',#6231,1.);
#6231 = DIRECTION('',(1.,-3.57627869E-07,7.E-15));
#6232 = ORIENTED_EDGE('',*,*,#6233,.F.);
#6233 = EDGE_CURVE('',#6234,#6224,#6236,.T.);
#6234 = VERTEX_POINT('',#6235);
#6235 = CARTESIAN_POINT('',(-2.972595154458,-11.82961836145,0.9));
#6236 = LINE('',#6237,#6238);
#6237 = CARTESIAN_POINT('',(-2.972595154458,-11.82961836145,0.9));
#6238 = VECTOR('',#6239,1.);
#6239 = DIRECTION('',(-3.57627869E-07,-1.,9.9E-14));
#6240 = ORIENTED_EDGE('',*,*,#6241,.F.);
#6241 = EDGE_CURVE('',#6242,#6234,#6244,.T.);
#6242 = VERTEX_POINT('',#6243);
#6243 = CARTESIAN_POINT('',(-2.665361111905,-11.82961847132,0.9));
#6244 = LINE('',#6245,#6246);
#6245 = CARTESIAN_POINT('',(-2.665361111905,-11.82961847132,0.9));
#6246 = VECTOR('',#6247,1.);
#6247 = DIRECTION('',(-1.,3.57627869E-07,-7.E-15));
#6248 = ORIENTED_EDGE('',*,*,#6249,.F.);
#6249 = EDGE_CURVE('',#6250,#6242,#6252,.T.);
#6250 = VERTEX_POINT('',#6251);
#6251 = CARTESIAN_POINT('',(-2.433956865656,-11.85498025621,0.9));
#6252 = B_SPLINE_CURVE_WITH_KNOTS('',2,(#6253,#6254,#6255),
  .UNSPECIFIED.,.F.,.F.,(3,3),(0.,1.),.PIECEWISE_BEZIER_KNOTS.);
#6253 = CARTESIAN_POINT('',(-2.433956865656,-11.85498025621,0.9));
#6254 = CARTESIAN_POINT('',(-2.498297282118,-11.82961853107,0.9));
#6255 = CARTESIAN_POINT('',(-2.665361111905,-11.82961847132,0.9));
#6256 = ORIENTED_EDGE('',*,*,#6257,.F.);
#6257 = EDGE_CURVE('',#6258,#6250,#6260,.T.);
#6258 = VERTEX_POINT('',#6259);
#6259 = CARTESIAN_POINT('',(-2.330637749561,-11.94681008039,0.9));
#6260 = B_SPLINE_CURVE_WITH_KNOTS('',2,(#6261,#6262,#6263),
  .UNSPECIFIED.,.F.,.F.,(3,3),(0.,1.),.PIECEWISE_BEZIER_KNOTS.);
#6261 = CARTESIAN_POINT('',(-2.330637749561,-11.94681008039,0.9));
#6262 = CARTESIAN_POINT('',(-2.369531342781,-11.88025687499,0.9));
#6263 = CARTESIAN_POINT('',(-2.433956865656,-11.85498025621,0.9));
#6264 = ORIENTED_EDGE('',*,*,#6265,.F.);
#6265 = EDGE_CURVE('',#6266,#6258,#6268,.T.);
#6266 = VERTEX_POINT('',#6267);
#6267 = CARTESIAN_POINT('',(-2.291744192073,-12.11327817941,0.9));
#6268 = B_SPLINE_CURVE_WITH_KNOTS('',2,(#6269,#6270,#6271),
  .UNSPECIFIED.,.F.,.F.,(3,3),(0.,1.),.PIECEWISE_BEZIER_KNOTS.);
#6269 = CARTESIAN_POINT('',(-2.291744192073,-12.11327817941,0.9));
#6270 = CARTESIAN_POINT('',(-2.29174415631,-12.01327817941,0.9));
#6271 = CARTESIAN_POINT('',(-2.330637749561,-11.94681008039,0.9));
#6272 = ORIENTED_EDGE('',*,*,#6273,.F.);
#6273 = EDGE_CURVE('',#6274,#6266,#6276,.T.);
#6274 = VERTEX_POINT('',#6275);
#6275 = CARTESIAN_POINT('',(-2.334467657262,-12.28366114285,0.9));
#6276 = B_SPLINE_CURVE_WITH_KNOTS('',2,(#6277,#6278,#6279),
  .UNSPECIFIED.,.F.,.F.,(3,3),(0.,1.),.PIECEWISE_BEZIER_KNOTS.);
#6277 = CARTESIAN_POINT('',(-2.334467657262,-12.28366114285,0.9));
#6278 = CARTESIAN_POINT('',(-2.291744230575,-12.22093775388,0.9));
#6279 = CARTESIAN_POINT('',(-2.291744192073,-12.11327817941,0.9));
#6280 = ORIENTED_EDGE('',*,*,#6281,.F.);
#6281 = EDGE_CURVE('',#6282,#6274,#6284,.T.);
#6282 = VERTEX_POINT('',#6283);
#6283 = CARTESIAN_POINT('',(-2.456254923232,-12.37293769504,0.9));
#6284 = B_SPLINE_CURVE_WITH_KNOTS('',2,(#6285,#6286,#6287),
  .UNSPECIFIED.,.F.,.F.,(3,3),(0.,1.),.PIECEWISE_BEZIER_KNOTS.);
#6285 = CARTESIAN_POINT('',(-2.456254923232,-12.37293769504,0.9));
#6286 = CARTESIAN_POINT('',(-2.377191083919,-12.34629942545,0.9));
#6287 = CARTESIAN_POINT('',(-2.334467657262,-12.28366114285,0.9));
#6288 = ORIENTED_EDGE('',*,*,#6289,.F.);
#6289 = EDGE_CURVE('',#6226,#6282,#6290,.T.);
#6290 = B_SPLINE_CURVE_WITH_KNOTS('',2,(#6291,#6292,#6293),
  .UNSPECIFIED.,.F.,.F.,(3,3),(0.,1.),.PIECEWISE_BEZIER_KNOTS.);
#6291 = CARTESIAN_POINT('',(-2.641105993393,-12.39063975659,0.9));
#6292 = CARTESIAN_POINT('',(-2.511063440201,-12.3906398031,0.9));
#6293 = CARTESIAN_POINT('',(-2.456254923232,-12.37293769504,0.9));
#6294 = PLANE('',#6295);
#6295 = AXIS2_PLACEMENT_3D('',#6296,#6297,#6298);
#6296 = CARTESIAN_POINT('',(-2.656009674232,-12.54777539328,0.9));
#6297 = DIRECTION('',(-6.999964594841E-15,9.900000250339E-14,1.));
#6298 = DIRECTION('',(1.,-3.57627869E-07,7.E-15));
#6299 = ADVANCED_FACE('',(#6300),#6310,.T.);
#6300 = FACE_BOUND('',#6301,.T.);
#6301 = EDGE_LOOP('',(#6302,#6303,#6304,#6305,#6306,#6307,#6308,#6309));
#6302 = ORIENTED_EDGE('',*,*,#3023,.F.);
#6303 = ORIENTED_EDGE('',*,*,#2855,.F.);
#6304 = ORIENTED_EDGE('',*,*,#2886,.F.);
#6305 = ORIENTED_EDGE('',*,*,#2910,.F.);
#6306 = ORIENTED_EDGE('',*,*,#2934,.F.);
#6307 = ORIENTED_EDGE('',*,*,#2958,.F.);
#6308 = ORIENTED_EDGE('',*,*,#2982,.F.);
#6309 = ORIENTED_EDGE('',*,*,#3006,.F.);
#6310 = PLANE('',#6311);
#6311 = AXIS2_PLACEMENT_3D('',#6312,#6313,#6314);
#6312 = CARTESIAN_POINT('',(-1.248680419211,-12.27245315561,0.9));
#6313 = DIRECTION('',(-6.999964594841E-15,9.900000250339E-14,1.));
#6314 = DIRECTION('',(1.,-3.57627869E-07,7.E-15));
#6315 = ADVANCED_FACE('',(#6316),#6322,.T.);
#6316 = FACE_BOUND('',#6317,.T.);
#6317 = EDGE_LOOP('',(#6318,#6319,#6320,#6321));
#6318 = ORIENTED_EDGE('',*,*,#3119,.F.);
#6319 = ORIENTED_EDGE('',*,*,#3047,.F.);
#6320 = ORIENTED_EDGE('',*,*,#3078,.F.);
#6321 = ORIENTED_EDGE('',*,*,#3102,.F.);
#6322 = PLANE('',#6323);
#6323 = AXIS2_PLACEMENT_3D('',#6324,#6325,#6326);
#6324 = CARTESIAN_POINT('',(-0.369021035053,-12.80459801596,0.9));
#6325 = DIRECTION('',(-6.999964594841E-15,9.900000250339E-14,1.));
#6326 = DIRECTION('',(1.,-3.57627869E-07,7.E-15));
#6327 = ADVANCED_FACE('',(#6328),#6345,.T.);
#6328 = FACE_BOUND('',#6329,.T.);
#6329 = EDGE_LOOP('',(#6330,#6331,#6332,#6333,#6334,#6335,#6336,#6337,
    #6338,#6339,#6340,#6341,#6342,#6343,#6344));
#6330 = ORIENTED_EDGE('',*,*,#3481,.F.);
#6331 = ORIENTED_EDGE('',*,*,#3143,.F.);
#6332 = ORIENTED_EDGE('',*,*,#3174,.F.);
#6333 = ORIENTED_EDGE('',*,*,#3198,.F.);
#6334 = ORIENTED_EDGE('',*,*,#3222,.F.);
#6335 = ORIENTED_EDGE('',*,*,#3246,.F.);
#6336 = ORIENTED_EDGE('',*,*,#3270,.F.);
#6337 = ORIENTED_EDGE('',*,*,#3294,.F.);
#6338 = ORIENTED_EDGE('',*,*,#3318,.F.);
#6339 = ORIENTED_EDGE('',*,*,#3342,.F.);
#6340 = ORIENTED_EDGE('',*,*,#3366,.F.);
#6341 = ORIENTED_EDGE('',*,*,#3390,.F.);
#6342 = ORIENTED_EDGE('',*,*,#3416,.F.);
#6343 = ORIENTED_EDGE('',*,*,#3440,.F.);
#6344 = ORIENTED_EDGE('',*,*,#3464,.F.);
#6345 = PLANE('',#6346);
#6346 = AXIS2_PLACEMENT_3D('',#6347,#6348,#6349);
#6347 = CARTESIAN_POINT('',(0.891840207341,-12.57414885231,0.9));
#6348 = DIRECTION('',(-6.999964594841E-15,9.900000250339E-14,1.));
#6349 = DIRECTION('',(1.,-3.57627869E-07,7.E-15));
#6350 = ADVANCED_FACE('',(#6351),#6357,.T.);
#6351 = FACE_BOUND('',#6352,.T.);
#6352 = EDGE_LOOP('',(#6353,#6354,#6355,#6356));
#6353 = ORIENTED_EDGE('',*,*,#3577,.F.);
#6354 = ORIENTED_EDGE('',*,*,#3505,.F.);
#6355 = ORIENTED_EDGE('',*,*,#3536,.F.);
#6356 = ORIENTED_EDGE('',*,*,#3560,.F.);
#6357 = PLANE('',#6358);
#6358 = AXIS2_PLACEMENT_3D('',#6359,#6360,#6361);
#6359 = CARTESIAN_POINT('',(2.08476629249,-12.543152085,0.9));
#6360 = DIRECTION('',(-6.999964594841E-15,9.900000250339E-14,1.));
#6361 = DIRECTION('',(1.,-3.57627869E-07,7.E-15));
#6362 = ADVANCED_FACE('',(#6363),#6375,.T.);
#6363 = FACE_BOUND('',#6364,.T.);
#6364 = EDGE_LOOP('',(#6365,#6366,#6367,#6368,#6369,#6370,#6371,#6372,
    #6373,#6374));
#6365 = ORIENTED_EDGE('',*,*,#3817,.F.);
#6366 = ORIENTED_EDGE('',*,*,#3601,.F.);
#6367 = ORIENTED_EDGE('',*,*,#3632,.F.);
#6368 = ORIENTED_EDGE('',*,*,#3656,.F.);
#6369 = ORIENTED_EDGE('',*,*,#3680,.F.);
#6370 = ORIENTED_EDGE('',*,*,#3704,.F.);
#6371 = ORIENTED_EDGE('',*,*,#3728,.F.);
#6372 = ORIENTED_EDGE('',*,*,#3752,.F.);
#6373 = ORIENTED_EDGE('',*,*,#3776,.F.);
#6374 = ORIENTED_EDGE('',*,*,#3800,.F.);
#6375 = PLANE('',#6376);
#6376 = AXIS2_PLACEMENT_3D('',#6377,#6378,#6379);
#6377 = CARTESIAN_POINT('',(3.144206291515,-12.54349070756,0.9));
#6378 = DIRECTION('',(-6.999964594841E-15,9.900000250339E-14,1.));
#6379 = DIRECTION('',(1.,-3.57627869E-07,7.E-15));
#6380 = ADVANCED_FACE('',(#6381),#6387,.T.);
#6381 = FACE_BOUND('',#6382,.T.);
#6382 = EDGE_LOOP('',(#6383,#6384,#6385,#6386));
#6383 = ORIENTED_EDGE('',*,*,#3913,.F.);
#6384 = ORIENTED_EDGE('',*,*,#3841,.F.);
#6385 = ORIENTED_EDGE('',*,*,#3872,.F.);
#6386 = ORIENTED_EDGE('',*,*,#3896,.F.);
#6387 = PLANE('',#6388);
#6388 = AXIS2_PLACEMENT_3D('',#6389,#6390,#6391);
#6389 = CARTESIAN_POINT('',(4.225362037171,-12.54315285053,0.9));
#6390 = DIRECTION('',(-6.999964594841E-15,9.900000250339E-14,1.));
#6391 = DIRECTION('',(1.,-3.57627869E-07,7.E-15));
#6392 = ADVANCED_FACE('',(#6393),#6399,.T.);
#6393 = FACE_BOUND('',#6394,.T.);
#6394 = EDGE_LOOP('',(#6395,#6396,#6397,#6398));
#6395 = ORIENTED_EDGE('',*,*,#5630,.F.);
#6396 = ORIENTED_EDGE('',*,*,#5670,.F.);
#6397 = ORIENTED_EDGE('',*,*,#5688,.F.);
#6398 = ORIENTED_EDGE('',*,*,#4167,.T.);
#6399 = PLANE('',#6400);
#6400 = AXIS2_PLACEMENT_3D('',#6401,#6402,#6403);
#6401 = CARTESIAN_POINT('',(-4.540453,-7.699501,1.3));
#6402 = DIRECTION('',(0.,0.,1.));
#6403 = DIRECTION('',(1.,0.,0.));
#6404 = ADVANCED_FACE('',(#6405),#6411,.T.);
#6405 = FACE_BOUND('',#6406,.T.);
#6406 = EDGE_LOOP('',(#6407,#6408,#6409,#6410));
#6407 = ORIENTED_EDGE('',*,*,#5500,.F.);
#6408 = ORIENTED_EDGE('',*,*,#5540,.F.);
#6409 = ORIENTED_EDGE('',*,*,#5558,.F.);
#6410 = ORIENTED_EDGE('',*,*,#4144,.T.);
#6411 = PLANE('',#6412);
#6412 = AXIS2_PLACEMENT_3D('',#6413,#6414,#6415);
#6413 = CARTESIAN_POINT('',(-4.540453,-6.366167666667,1.3));
#6414 = DIRECTION('',(0.,0.,1.));
#6415 = DIRECTION('',(1.,0.,0.));
#6416 = ADVANCED_FACE('',(#6417),#6423,.T.);
#6417 = FACE_BOUND('',#6418,.T.);
#6418 = EDGE_LOOP('',(#6419,#6420,#6421,#6422));
#6419 = ORIENTED_EDGE('',*,*,#5370,.F.);
#6420 = ORIENTED_EDGE('',*,*,#5410,.F.);
#6421 = ORIENTED_EDGE('',*,*,#5428,.F.);
#6422 = ORIENTED_EDGE('',*,*,#4121,.T.);
#6423 = PLANE('',#6424);
#6424 = AXIS2_PLACEMENT_3D('',#6425,#6426,#6427);
#6425 = CARTESIAN_POINT('',(-4.540453,-5.032834333333,1.3));
#6426 = DIRECTION('',(0.,0.,1.));
#6427 = DIRECTION('',(1.,0.,0.));
#6428 = ADVANCED_FACE('',(#6429),#6435,.T.);
#6429 = FACE_BOUND('',#6430,.T.);
#6430 = EDGE_LOOP('',(#6431,#6432,#6433,#6434));
#6431 = ORIENTED_EDGE('',*,*,#5240,.F.);
#6432 = ORIENTED_EDGE('',*,*,#5280,.F.);
#6433 = ORIENTED_EDGE('',*,*,#5298,.F.);
#6434 = ORIENTED_EDGE('',*,*,#4098,.T.);
#6435 = PLANE('',#6436);
#6436 = AXIS2_PLACEMENT_3D('',#6437,#6438,#6439);
#6437 = CARTESIAN_POINT('',(-4.540453,-3.699501,1.3));
#6438 = DIRECTION('',(0.,0.,1.));
#6439 = DIRECTION('',(1.,0.,0.));
#6440 = ADVANCED_FACE('',(#6441),#6447,.T.);
#6441 = FACE_BOUND('',#6442,.T.);
#6442 = EDGE_LOOP('',(#6443,#6444,#6445,#6446));
#6443 = ORIENTED_EDGE('',*,*,#5110,.F.);
#6444 = ORIENTED_EDGE('',*,*,#5150,.F.);
#6445 = ORIENTED_EDGE('',*,*,#5168,.F.);
#6446 = ORIENTED_EDGE('',*,*,#4075,.T.);
#6447 = PLANE('',#6448);
#6448 = AXIS2_PLACEMENT_3D('',#6449,#6450,#6451);
#6449 = CARTESIAN_POINT('',(-4.540453,-2.366167666667,1.3));
#6450 = DIRECTION('',(0.,0.,1.));
#6451 = DIRECTION('',(1.,0.,0.));
#6452 = ADVANCED_FACE('',(#6453),#6459,.T.);
#6453 = FACE_BOUND('',#6454,.T.);
#6454 = EDGE_LOOP('',(#6455,#6456,#6457,#6458));
#6455 = ORIENTED_EDGE('',*,*,#4980,.F.);
#6456 = ORIENTED_EDGE('',*,*,#5020,.F.);
#6457 = ORIENTED_EDGE('',*,*,#5038,.F.);
#6458 = ORIENTED_EDGE('',*,*,#4052,.T.);
#6459 = PLANE('',#6460);
#6460 = AXIS2_PLACEMENT_3D('',#6461,#6462,#6463);
#6461 = CARTESIAN_POINT('',(-4.540453,-1.032834333333,1.3));
#6462 = DIRECTION('',(0.,0.,1.));
#6463 = DIRECTION('',(1.,0.,0.));
#6464 = ADVANCED_FACE('',(#6465),#6471,.T.);
#6465 = FACE_BOUND('',#6466,.T.);
#6466 = EDGE_LOOP('',(#6467,#6468,#6469,#6470));
#6467 = ORIENTED_EDGE('',*,*,#4850,.F.);
#6468 = ORIENTED_EDGE('',*,*,#4890,.F.);
#6469 = ORIENTED_EDGE('',*,*,#4908,.F.);
#6470 = ORIENTED_EDGE('',*,*,#4029,.T.);
#6471 = PLANE('',#6472);
#6472 = AXIS2_PLACEMENT_3D('',#6473,#6474,#6475);
#6473 = CARTESIAN_POINT('',(-4.540453,0.300499,1.3));
#6474 = DIRECTION('',(0.,0.,1.));
#6475 = DIRECTION('',(1.,0.,0.));
#6476 = ADVANCED_FACE('',(#6477),#6483,.T.);
#6477 = FACE_BOUND('',#6478,.T.);
#6478 = EDGE_LOOP('',(#6479,#6480,#6481,#6482));
#6479 = ORIENTED_EDGE('',*,*,#4720,.F.);
#6480 = ORIENTED_EDGE('',*,*,#4760,.F.);
#6481 = ORIENTED_EDGE('',*,*,#4778,.F.);
#6482 = ORIENTED_EDGE('',*,*,#4006,.T.);
#6483 = PLANE('',#6484);
#6484 = AXIS2_PLACEMENT_3D('',#6485,#6486,#6487);
#6485 = CARTESIAN_POINT('',(-4.540453,1.633832333333,1.3));
#6486 = DIRECTION('',(0.,0.,1.));
#6487 = DIRECTION('',(1.,0.,0.));
#6488 = ADVANCED_FACE('',(#6489),#6495,.T.);
#6489 = FACE_BOUND('',#6490,.T.);
#6490 = EDGE_LOOP('',(#6491,#6492,#6493,#6494));
#6491 = ORIENTED_EDGE('',*,*,#4590,.F.);
#6492 = ORIENTED_EDGE('',*,*,#4630,.F.);
#6493 = ORIENTED_EDGE('',*,*,#4648,.F.);
#6494 = ORIENTED_EDGE('',*,*,#3983,.T.);
#6495 = PLANE('',#6496);
#6496 = AXIS2_PLACEMENT_3D('',#6497,#6498,#6499);
#6497 = CARTESIAN_POINT('',(-4.540453,2.967165666667,1.3));
#6498 = DIRECTION('',(0.,0.,1.));
#6499 = DIRECTION('',(1.,0.,0.));
#6500 = ADVANCED_FACE('',(#6501),#6507,.T.);
#6501 = FACE_BOUND('',#6502,.T.);
#6502 = EDGE_LOOP('',(#6503,#6504,#6505,#6506));
#6503 = ORIENTED_EDGE('',*,*,#4199,.F.);
#6504 = ORIENTED_EDGE('',*,*,#4246,.F.);
#6505 = ORIENTED_EDGE('',*,*,#4518,.F.);
#6506 = ORIENTED_EDGE('',*,*,#3960,.T.);
#6507 = PLANE('',#6508);
#6508 = AXIS2_PLACEMENT_3D('',#6509,#6510,#6511);
#6509 = CARTESIAN_POINT('',(-4.540453,4.300499,1.3));
#6510 = DIRECTION('',(0.,0.,1.));
#6511 = DIRECTION('',(1.,0.,0.));
#6512 = ADVANCED_FACE('',(#6513),#6538,.T.);
#6513 = FACE_BOUND('',#6514,.F.);
#6514 = EDGE_LOOP('',(#6515,#6523,#6524,#6532));
#6515 = ORIENTED_EDGE('',*,*,#6516,.F.);
#6516 = EDGE_CURVE('',#3930,#6517,#6519,.T.);
#6517 = VERTEX_POINT('',#6518);
#6518 = CARTESIAN_POINT('',(-3.5,-8.5,3.));
#6519 = LINE('',#6520,#6521);
#6520 = CARTESIAN_POINT('',(-2.5,-7.5,4.));
#6521 = VECTOR('',#6522,1.);
#6522 = DIRECTION('',(0.57735026919,0.57735026919,0.57735026919));
#6523 = ORIENTED_EDGE('',*,*,#3937,.T.);
#6524 = ORIENTED_EDGE('',*,*,#6525,.T.);
#6525 = EDGE_CURVE('',#3938,#6526,#6528,.T.);
#6526 = VERTEX_POINT('',#6527);
#6527 = CARTESIAN_POINT('',(-3.5,4.5,3.));
#6528 = LINE('',#6529,#6530);
#6529 = CARTESIAN_POINT('',(-1.5,2.5,5.));
#6530 = VECTOR('',#6531,1.);
#6531 = DIRECTION('',(0.57735026919,-0.57735026919,0.57735026919));
#6532 = ORIENTED_EDGE('',*,*,#6533,.F.);
#6533 = EDGE_CURVE('',#6517,#6526,#6534,.T.);
#6534 = LINE('',#6535,#6536);
#6535 = CARTESIAN_POINT('',(-3.5,-9.,3.));
#6536 = VECTOR('',#6537,1.);
#6537 = DIRECTION('',(0.,1.,0.));
#6538 = PLANE('',#6539);
#6539 = AXIS2_PLACEMENT_3D('',#6540,#6541,#6542);
#6540 = CARTESIAN_POINT('',(-3.75,-9.,2.75));
#6541 = DIRECTION('',(-0.707106781187,0.,0.707106781187));
#6542 = DIRECTION('',(-0.,-1.,-0.));
#6543 = ADVANCED_FACE('',(#6544),#6562,.T.);
#6544 = FACE_BOUND('',#6545,.F.);
#6545 = EDGE_LOOP('',(#6546,#6547,#6548,#6556));
#6546 = ORIENTED_EDGE('',*,*,#6525,.F.);
#6547 = ORIENTED_EDGE('',*,*,#4215,.T.);
#6548 = ORIENTED_EDGE('',*,*,#6549,.T.);
#6549 = EDGE_CURVE('',#4216,#6550,#6552,.T.);
#6550 = VERTEX_POINT('',#6551);
#6551 = CARTESIAN_POINT('',(3.5,4.5,3.));
#6552 = LINE('',#6553,#6554);
#6553 = CARTESIAN_POINT('',(2.5,3.5,4.));
#6554 = VECTOR('',#6555,1.);
#6555 = DIRECTION('',(-0.57735026919,-0.57735026919,0.57735026919));
#6556 = ORIENTED_EDGE('',*,*,#6557,.F.);
#6557 = EDGE_CURVE('',#6526,#6550,#6558,.T.);
#6558 = LINE('',#6559,#6560);
#6559 = CARTESIAN_POINT('',(-4.,4.5,3.));
#6560 = VECTOR('',#6561,1.);
#6561 = DIRECTION('',(1.,0.,0.));
#6562 = PLANE('',#6563);
#6563 = AXIS2_PLACEMENT_3D('',#6564,#6565,#6566);
#6564 = CARTESIAN_POINT('',(-4.,4.75,2.75));
#6565 = DIRECTION('',(0.,0.707106781187,0.707106781187));
#6566 = DIRECTION('',(-1.,0.,0.));
#6567 = ADVANCED_FACE('',(#6568),#6574,.T.);
#6568 = FACE_BOUND('',#6569,.T.);
#6569 = EDGE_LOOP('',(#6570,#6571,#6572,#6573));
#6570 = ORIENTED_EDGE('',*,*,#4535,.F.);
#6571 = ORIENTED_EDGE('',*,*,#4493,.T.);
#6572 = ORIENTED_EDGE('',*,*,#4607,.F.);
#6573 = ORIENTED_EDGE('',*,*,#4558,.F.);
#6574 = PLANE('',#6575);
#6575 = AXIS2_PLACEMENT_3D('',#6576,#6577,#6578);
#6576 = CARTESIAN_POINT('',(4.408856,4.448548,1.4));
#6577 = DIRECTION('',(0.,0.,1.));
#6578 = DIRECTION('',(1.,0.,0.));
#6579 = ADVANCED_FACE('',(#6580),#6586,.T.);
#6580 = FACE_BOUND('',#6581,.T.);
#6581 = EDGE_LOOP('',(#6582,#6583,#6584,#6585));
#6582 = ORIENTED_EDGE('',*,*,#4665,.F.);
#6583 = ORIENTED_EDGE('',*,*,#4470,.T.);
#6584 = ORIENTED_EDGE('',*,*,#4737,.F.);
#6585 = ORIENTED_EDGE('',*,*,#4688,.F.);
#6586 = PLANE('',#6587);
#6587 = AXIS2_PLACEMENT_3D('',#6588,#6589,#6590);
#6588 = CARTESIAN_POINT('',(4.408856,3.115214666667,1.4));
#6589 = DIRECTION('',(0.,0.,1.));
#6590 = DIRECTION('',(1.,0.,0.));
#6591 = ADVANCED_FACE('',(#6592),#6598,.T.);
#6592 = FACE_BOUND('',#6593,.T.);
#6593 = EDGE_LOOP('',(#6594,#6595,#6596,#6597));
#6594 = ORIENTED_EDGE('',*,*,#4795,.F.);
#6595 = ORIENTED_EDGE('',*,*,#4447,.T.);
#6596 = ORIENTED_EDGE('',*,*,#4867,.F.);
#6597 = ORIENTED_EDGE('',*,*,#4818,.F.);
#6598 = PLANE('',#6599);
#6599 = AXIS2_PLACEMENT_3D('',#6600,#6601,#6602);
#6600 = CARTESIAN_POINT('',(4.408856,1.781881333333,1.4));
#6601 = DIRECTION('',(0.,0.,1.));
#6602 = DIRECTION('',(1.,0.,0.));
#6603 = ADVANCED_FACE('',(#6604),#6610,.T.);
#6604 = FACE_BOUND('',#6605,.T.);
#6605 = EDGE_LOOP('',(#6606,#6607,#6608,#6609));
#6606 = ORIENTED_EDGE('',*,*,#4925,.F.);
#6607 = ORIENTED_EDGE('',*,*,#4424,.T.);
#6608 = ORIENTED_EDGE('',*,*,#4997,.F.);
#6609 = ORIENTED_EDGE('',*,*,#4948,.F.);
#6610 = PLANE('',#6611);
#6611 = AXIS2_PLACEMENT_3D('',#6612,#6613,#6614);
#6612 = CARTESIAN_POINT('',(4.408856,0.448548,1.4));
#6613 = DIRECTION('',(0.,0.,1.));
#6614 = DIRECTION('',(1.,0.,0.));
#6615 = ADVANCED_FACE('',(#6616),#6622,.T.);
#6616 = FACE_BOUND('',#6617,.T.);
#6617 = EDGE_LOOP('',(#6618,#6619,#6620,#6621));
#6618 = ORIENTED_EDGE('',*,*,#5055,.F.);
#6619 = ORIENTED_EDGE('',*,*,#4401,.T.);
#6620 = ORIENTED_EDGE('',*,*,#5127,.F.);
#6621 = ORIENTED_EDGE('',*,*,#5078,.F.);
#6622 = PLANE('',#6623);
#6623 = AXIS2_PLACEMENT_3D('',#6624,#6625,#6626);
#6624 = CARTESIAN_POINT('',(4.408856,-0.884785333333,1.4));
#6625 = DIRECTION('',(0.,0.,1.));
#6626 = DIRECTION('',(1.,0.,0.));
#6627 = ADVANCED_FACE('',(#6628),#6634,.T.);
#6628 = FACE_BOUND('',#6629,.T.);
#6629 = EDGE_LOOP('',(#6630,#6631,#6632,#6633));
#6630 = ORIENTED_EDGE('',*,*,#5185,.F.);
#6631 = ORIENTED_EDGE('',*,*,#4378,.T.);
#6632 = ORIENTED_EDGE('',*,*,#5257,.F.);
#6633 = ORIENTED_EDGE('',*,*,#5208,.F.);
#6634 = PLANE('',#6635);
#6635 = AXIS2_PLACEMENT_3D('',#6636,#6637,#6638);
#6636 = CARTESIAN_POINT('',(4.408856,-2.218118666667,1.4));
#6637 = DIRECTION('',(0.,0.,1.));
#6638 = DIRECTION('',(1.,0.,0.));
#6639 = ADVANCED_FACE('',(#6640),#6646,.T.);
#6640 = FACE_BOUND('',#6641,.T.);
#6641 = EDGE_LOOP('',(#6642,#6643,#6644,#6645));
#6642 = ORIENTED_EDGE('',*,*,#5315,.F.);
#6643 = ORIENTED_EDGE('',*,*,#4355,.T.);
#6644 = ORIENTED_EDGE('',*,*,#5387,.F.);
#6645 = ORIENTED_EDGE('',*,*,#5338,.F.);
#6646 = PLANE('',#6647);
#6647 = AXIS2_PLACEMENT_3D('',#6648,#6649,#6650);
#6648 = CARTESIAN_POINT('',(4.408856,-3.551452,1.4));
#6649 = DIRECTION('',(0.,0.,1.));
#6650 = DIRECTION('',(1.,0.,0.));
#6651 = ADVANCED_FACE('',(#6652),#6658,.T.);
#6652 = FACE_BOUND('',#6653,.T.);
#6653 = EDGE_LOOP('',(#6654,#6655,#6656,#6657));
#6654 = ORIENTED_EDGE('',*,*,#5445,.F.);
#6655 = ORIENTED_EDGE('',*,*,#4332,.T.);
#6656 = ORIENTED_EDGE('',*,*,#5517,.F.);
#6657 = ORIENTED_EDGE('',*,*,#5468,.F.);
#6658 = PLANE('',#6659);
#6659 = AXIS2_PLACEMENT_3D('',#6660,#6661,#6662);
#6660 = CARTESIAN_POINT('',(4.408856,-4.884785333333,1.4));
#6661 = DIRECTION('',(0.,0.,1.));
#6662 = DIRECTION('',(1.,0.,0.));
#6663 = ADVANCED_FACE('',(#6664),#6670,.T.);
#6664 = FACE_BOUND('',#6665,.T.);
#6665 = EDGE_LOOP('',(#6666,#6667,#6668,#6669));
#6666 = ORIENTED_EDGE('',*,*,#5575,.F.);
#6667 = ORIENTED_EDGE('',*,*,#4309,.T.);
#6668 = ORIENTED_EDGE('',*,*,#5647,.F.);
#6669 = ORIENTED_EDGE('',*,*,#5598,.F.);
#6670 = PLANE('',#6671);
#6671 = AXIS2_PLACEMENT_3D('',#6672,#6673,#6674);
#6672 = CARTESIAN_POINT('',(4.408856,-6.218118666667,1.4));
#6673 = DIRECTION('',(0.,0.,1.));
#6674 = DIRECTION('',(1.,0.,0.));
#6675 = ADVANCED_FACE('',(#6676),#6682,.T.);
#6676 = FACE_BOUND('',#6677,.T.);
#6677 = EDGE_LOOP('',(#6678,#6679,#6680,#6681));
#6678 = ORIENTED_EDGE('',*,*,#5705,.F.);
#6679 = ORIENTED_EDGE('',*,*,#4286,.T.);
#6680 = ORIENTED_EDGE('',*,*,#5770,.F.);
#6681 = ORIENTED_EDGE('',*,*,#5728,.F.);
#6682 = PLANE('',#6683);
#6683 = AXIS2_PLACEMENT_3D('',#6684,#6685,#6686);
#6684 = CARTESIAN_POINT('',(4.408856,-7.551452,1.4));
#6685 = DIRECTION('',(0.,0.,1.));
#6686 = DIRECTION('',(1.,0.,0.));
#6687 = ADVANCED_FACE('',(#6688),#6706,.T.);
#6688 = FACE_BOUND('',#6689,.F.);
#6689 = EDGE_LOOP('',(#6690,#6691,#6692,#6700));
#6690 = ORIENTED_EDGE('',*,*,#6549,.F.);
#6691 = ORIENTED_EDGE('',*,*,#4263,.T.);
#6692 = ORIENTED_EDGE('',*,*,#6693,.T.);
#6693 = EDGE_CURVE('',#4264,#6694,#6696,.T.);
#6694 = VERTEX_POINT('',#6695);
#6695 = CARTESIAN_POINT('',(3.5,-8.5,3.));
#6696 = LINE('',#6697,#6698);
#6697 = CARTESIAN_POINT('',(1.5,-6.5,5.));
#6698 = VECTOR('',#6699,1.);
#6699 = DIRECTION('',(-0.57735026919,0.57735026919,0.57735026919));
#6700 = ORIENTED_EDGE('',*,*,#6701,.F.);
#6701 = EDGE_CURVE('',#6550,#6694,#6702,.T.);
#6702 = LINE('',#6703,#6704);
#6703 = CARTESIAN_POINT('',(3.5,5.,3.));
#6704 = VECTOR('',#6705,1.);
#6705 = DIRECTION('',(0.,-1.,0.));
#6706 = PLANE('',#6707);
#6707 = AXIS2_PLACEMENT_3D('',#6708,#6709,#6710);
#6708 = CARTESIAN_POINT('',(3.75,5.,2.75));
#6709 = DIRECTION('',(0.707106781187,0.,0.707106781187));
#6710 = DIRECTION('',(0.,1.,0.));
#6711 = ADVANCED_FACE('',(#6712),#6723,.T.);
#6712 = FACE_BOUND('',#6713,.F.);
#6713 = EDGE_LOOP('',(#6714,#6715,#6716,#6717));
#6714 = ORIENTED_EDGE('',*,*,#6693,.F.);
#6715 = ORIENTED_EDGE('',*,*,#5752,.T.);
#6716 = ORIENTED_EDGE('',*,*,#6516,.T.);
#6717 = ORIENTED_EDGE('',*,*,#6718,.F.);
#6718 = EDGE_CURVE('',#6694,#6517,#6719,.T.);
#6719 = LINE('',#6720,#6721);
#6720 = CARTESIAN_POINT('',(4.,-8.5,3.));
#6721 = VECTOR('',#6722,1.);
#6722 = DIRECTION('',(-1.,0.,0.));
#6723 = PLANE('',#6724);
#6724 = AXIS2_PLACEMENT_3D('',#6725,#6726,#6727);
#6725 = CARTESIAN_POINT('',(4.,-8.75,2.75));
#6726 = DIRECTION('',(0.,-0.707106781187,0.707106781187));
#6727 = DIRECTION('',(1.,0.,0.));
#6728 = ADVANCED_FACE('',(#6729),#6748,.T.);
#6729 = FACE_BOUND('',#6730,.T.);
#6730 = EDGE_LOOP('',(#6731,#6739,#6740,#6741));
#6731 = ORIENTED_EDGE('',*,*,#6732,.F.);
#6732 = EDGE_CURVE('',#5786,#6733,#6735,.T.);
#6733 = VERTEX_POINT('',#6734);
#6734 = CARTESIAN_POINT('',(10.55,-2.5,5.));
#6735 = LINE('',#6736,#6737);
#6736 = CARTESIAN_POINT('',(10.75,-2.5,4.8));
#6737 = VECTOR('',#6738,1.);
#6738 = DIRECTION('',(-0.707106781187,0.,0.707106781187));
#6739 = ORIENTED_EDGE('',*,*,#5793,.T.);
#6740 = ORIENTED_EDGE('',*,*,#6732,.T.);
#6741 = ORIENTED_EDGE('',*,*,#6742,.F.);
#6742 = EDGE_CURVE('',#6733,#6733,#6743,.T.);
#6743 = CIRCLE('',#6744,2.05);
#6744 = AXIS2_PLACEMENT_3D('',#6745,#6746,#6747);
#6745 = CARTESIAN_POINT('',(8.5,-2.5,5.));
#6746 = DIRECTION('',(0.,0.,1.));
#6747 = DIRECTION('',(1.,0.,0.));
#6748 = CONICAL_SURFACE('',#6749,2.25,0.785398163397);
#6749 = AXIS2_PLACEMENT_3D('',#6750,#6751,#6752);
#6750 = CARTESIAN_POINT('',(8.5,-2.5,4.8));
#6751 = DIRECTION('',(-0.,-0.,-1.));
#6752 = DIRECTION('',(1.,0.,0.));
#6753 = ADVANCED_FACE('',(#6754),#6760,.T.);
#6754 = FACE_BOUND('',#6755,.F.);
#6755 = EDGE_LOOP('',(#6756,#6757,#6758,#6759));
#6756 = ORIENTED_EDGE('',*,*,#5866,.T.);
#6757 = ORIENTED_EDGE('',*,*,#5924,.T.);
#6758 = ORIENTED_EDGE('',*,*,#5849,.T.);
#6759 = ORIENTED_EDGE('',*,*,#5818,.T.);
#6760 = PLANE('',#6761);
#6761 = AXIS2_PLACEMENT_3D('',#6762,#6763,#6764);
#6762 = CARTESIAN_POINT('',(-11.625,11.75,3.));
#6763 = DIRECTION('',(0.,0.,1.));
#6764 = DIRECTION('',(1.,0.,0.));
#6765 = ADVANCED_FACE('',(#6766),#6791,.T.);
#6766 = FACE_BOUND('',#6767,.T.);
#6767 = EDGE_LOOP('',(#6768,#6776,#6784,#6790));
#6768 = ORIENTED_EDGE('',*,*,#6769,.T.);
#6769 = EDGE_CURVE('',#5884,#6770,#6772,.T.);
#6770 = VERTEX_POINT('',#6771);
#6771 = CARTESIAN_POINT('',(-9.582868,9.5,1.44918));
#6772 = LINE('',#6773,#6774);
#6773 = CARTESIAN_POINT('',(-9.582868,14.5,1.44918));
#6774 = VECTOR('',#6775,1.);
#6775 = DIRECTION('',(0.,-1.,2.2E-16));
#6776 = ORIENTED_EDGE('',*,*,#6777,.T.);
#6777 = EDGE_CURVE('',#6770,#6778,#6780,.T.);
#6778 = VERTEX_POINT('',#6779);
#6779 = CARTESIAN_POINT('',(-9.582868,9.5,2.484898));
#6780 = LINE('',#6781,#6782);
#6781 = CARTESIAN_POINT('',(-9.582868,9.5,1.44918));
#6782 = VECTOR('',#6783,1.);
#6783 = DIRECTION('',(0.,0.,1.));
#6784 = ORIENTED_EDGE('',*,*,#6785,.F.);
#6785 = EDGE_CURVE('',#5886,#6778,#6786,.T.);
#6786 = LINE('',#6787,#6788);
#6787 = CARTESIAN_POINT('',(-9.582868,14.5,2.484898));
#6788 = VECTOR('',#6789,1.);
#6789 = DIRECTION('',(0.,-1.,2.2E-16));
#6790 = ORIENTED_EDGE('',*,*,#5883,.F.);
#6791 = PLANE('',#6792);
#6792 = AXIS2_PLACEMENT_3D('',#6793,#6794,#6795);
#6793 = CARTESIAN_POINT('',(-9.582868,14.5,1.44918));
#6794 = DIRECTION('',(-1.,0.,0.));
#6795 = DIRECTION('',(0.,2.2E-16,1.));
#6796 = ADVANCED_FACE('',(#6797),#6815,.T.);
#6797 = FACE_BOUND('',#6798,.T.);
#6798 = EDGE_LOOP('',(#6799,#6807,#6813,#6814));
#6799 = ORIENTED_EDGE('',*,*,#6800,.T.);
#6800 = EDGE_CURVE('',#5902,#6801,#6803,.T.);
#6801 = VERTEX_POINT('',#6802);
#6802 = CARTESIAN_POINT('',(-13.725741,9.5,1.44918));
#6803 = LINE('',#6804,#6805);
#6804 = CARTESIAN_POINT('',(-13.725741,14.5,1.44918));
#6805 = VECTOR('',#6806,1.);
#6806 = DIRECTION('',(0.,-1.,2.2E-16));
#6807 = ORIENTED_EDGE('',*,*,#6808,.T.);
#6808 = EDGE_CURVE('',#6801,#6770,#6809,.T.);
#6809 = LINE('',#6810,#6811);
#6810 = CARTESIAN_POINT('',(-13.725741,9.5,1.44918));
#6811 = VECTOR('',#6812,1.);
#6812 = DIRECTION('',(1.,0.,0.));
#6813 = ORIENTED_EDGE('',*,*,#6769,.F.);
#6814 = ORIENTED_EDGE('',*,*,#5909,.F.);
#6815 = PLANE('',#6816);
#6816 = AXIS2_PLACEMENT_3D('',#6817,#6818,#6819);
#6817 = CARTESIAN_POINT('',(-13.725741,14.5,1.44918));
#6818 = DIRECTION('',(0.,2.2E-16,1.));
#6819 = DIRECTION('',(1.,0.,0.));
#6820 = ADVANCED_FACE('',(#6821),#6839,.T.);
#6821 = FACE_BOUND('',#6822,.T.);
#6822 = EDGE_LOOP('',(#6823,#6831,#6837,#6838));
#6823 = ORIENTED_EDGE('',*,*,#6824,.T.);
#6824 = EDGE_CURVE('',#5894,#6825,#6827,.T.);
#6825 = VERTEX_POINT('',#6826);
#6826 = CARTESIAN_POINT('',(-13.725741,9.5,2.484898));
#6827 = LINE('',#6828,#6829);
#6828 = CARTESIAN_POINT('',(-13.725741,14.5,2.484898));
#6829 = VECTOR('',#6830,1.);
#6830 = DIRECTION('',(0.,-1.,2.2E-16));
#6831 = ORIENTED_EDGE('',*,*,#6832,.T.);
#6832 = EDGE_CURVE('',#6825,#6801,#6833,.T.);
#6833 = LINE('',#6834,#6835);
#6834 = CARTESIAN_POINT('',(-13.725741,9.5,2.484898));
#6835 = VECTOR('',#6836,1.);
#6836 = DIRECTION('',(0.,0.,-1.));
#6837 = ORIENTED_EDGE('',*,*,#6800,.F.);
#6838 = ORIENTED_EDGE('',*,*,#5901,.F.);
#6839 = PLANE('',#6840);
#6840 = AXIS2_PLACEMENT_3D('',#6841,#6842,#6843);
#6841 = CARTESIAN_POINT('',(-13.725741,14.5,2.484898));
#6842 = DIRECTION('',(1.,0.,0.));
#6843 = DIRECTION('',(0.,-2.2E-16,-1.));
#6844 = ADVANCED_FACE('',(#6845),#6856,.T.);
#6845 = FACE_BOUND('',#6846,.T.);
#6846 = EDGE_LOOP('',(#6847,#6848,#6854,#6855));
#6847 = ORIENTED_EDGE('',*,*,#6785,.T.);
#6848 = ORIENTED_EDGE('',*,*,#6849,.T.);
#6849 = EDGE_CURVE('',#6778,#6825,#6850,.T.);
#6850 = LINE('',#6851,#6852);
#6851 = CARTESIAN_POINT('',(-9.582868,9.5,2.484898));
#6852 = VECTOR('',#6853,1.);
#6853 = DIRECTION('',(-1.,0.,0.));
#6854 = ORIENTED_EDGE('',*,*,#6824,.F.);
#6855 = ORIENTED_EDGE('',*,*,#5893,.F.);
#6856 = PLANE('',#6857);
#6857 = AXIS2_PLACEMENT_3D('',#6858,#6859,#6860);
#6858 = CARTESIAN_POINT('',(-9.582868,14.5,2.484898));
#6859 = DIRECTION('',(-0.,-2.2E-16,-1.));
#6860 = DIRECTION('',(-1.,0.,0.));
#6861 = ADVANCED_FACE('',(#6862),#6868,.T.);
#6862 = FACE_BOUND('',#6863,.F.);
#6863 = EDGE_LOOP('',(#6864,#6865,#6866,#6867));
#6864 = ORIENTED_EDGE('',*,*,#5996,.T.);
#6865 = ORIENTED_EDGE('',*,*,#6020,.T.);
#6866 = ORIENTED_EDGE('',*,*,#5979,.T.);
#6867 = ORIENTED_EDGE('',*,*,#5948,.T.);
#6868 = PLANE('',#6869);
#6869 = AXIS2_PLACEMENT_3D('',#6870,#6871,#6872);
#6870 = CARTESIAN_POINT('',(8.5,7.5,8.));
#6871 = DIRECTION('',(0.,0.,1.));
#6872 = DIRECTION('',(1.,0.,0.));
#6873 = ADVANCED_FACE('',(#6874),#6899,.T.);
#6874 = FACE_BOUND('',#6875,.T.);
#6875 = EDGE_LOOP('',(#6876,#6884,#6885,#6893));
#6876 = ORIENTED_EDGE('',*,*,#6877,.T.);
#6877 = EDGE_CURVE('',#6878,#6150,#6880,.T.);
#6878 = VERTEX_POINT('',#6879);
#6879 = CARTESIAN_POINT('',(-2.972595664816,-13.25668219124,1.));
#6880 = LINE('',#6881,#6882);
#6881 = CARTESIAN_POINT('',(-2.972595664816,-13.25668219124,1.));
#6882 = VECTOR('',#6883,1.);
#6883 = DIRECTION('',(7.11E-15,-9.948E-14,-1.));
#6884 = ORIENTED_EDGE('',*,*,#6149,.T.);
#6885 = ORIENTED_EDGE('',*,*,#6886,.F.);
#6886 = EDGE_CURVE('',#6887,#6152,#6889,.T.);
#6887 = VERTEX_POINT('',#6888);
#6888 = CARTESIAN_POINT('',(-2.590553111624,-13.25668232786,1.));
#6889 = LINE('',#6890,#6891);
#6890 = CARTESIAN_POINT('',(-2.590553111624,-13.25668232786,1.));
#6891 = VECTOR('',#6892,1.);
#6892 = DIRECTION('',(7.11E-15,-9.948E-14,-1.));
#6893 = ORIENTED_EDGE('',*,*,#6894,.F.);
#6894 = EDGE_CURVE('',#6878,#6887,#6895,.T.);
#6895 = LINE('',#6896,#6897);
#6896 = CARTESIAN_POINT('',(-2.972595664816,-13.25668219124,1.));
#6897 = VECTOR('',#6898,1.);
#6898 = DIRECTION('',(1.,-3.57627869E-07,7.E-15));
#6899 = PLANE('',#6900);
#6900 = AXIS2_PLACEMENT_3D('',#6901,#6902,#6903);
#6901 = CARTESIAN_POINT('',(-2.972595664816,-13.25668219124,1.));
#6902 = DIRECTION('',(-3.5762786865E-07,-1.,9.948E-14));
#6903 = DIRECTION('',(1.,-3.5762786865E-07,7.11E-15));
#6904 = ADVANCED_FACE('',(#6905),#6923,.T.);
#6905 = FACE_BOUND('',#6906,.T.);
#6906 = EDGE_LOOP('',(#6907,#6915,#6916,#6917));
#6907 = ORIENTED_EDGE('',*,*,#6908,.T.);
#6908 = EDGE_CURVE('',#6909,#6160,#6911,.T.);
#6909 = VERTEX_POINT('',#6910);
#6910 = CARTESIAN_POINT('',(-2.97259543496,-12.61395878698,1.));
#6911 = LINE('',#6912,#6913);
#6912 = CARTESIAN_POINT('',(-2.97259543496,-12.61395878698,1.));
#6913 = VECTOR('',#6914,1.);
#6914 = DIRECTION('',(7.11E-15,-9.948E-14,-1.));
#6915 = ORIENTED_EDGE('',*,*,#6159,.T.);
#6916 = ORIENTED_EDGE('',*,*,#6877,.F.);
#6917 = ORIENTED_EDGE('',*,*,#6918,.F.);
#6918 = EDGE_CURVE('',#6909,#6878,#6919,.T.);
#6919 = LINE('',#6920,#6921);
#6920 = CARTESIAN_POINT('',(-2.97259543496,-12.61395878698,1.));
#6921 = VECTOR('',#6922,1.);
#6922 = DIRECTION('',(-3.57627869E-07,-1.,9.9E-14));
#6923 = PLANE('',#6924);
#6924 = AXIS2_PLACEMENT_3D('',#6925,#6926,#6927);
#6925 = CARTESIAN_POINT('',(-2.97259543496,-12.61395878698,1.));
#6926 = DIRECTION('',(-1.,3.5762786865E-07,-7.11E-15));
#6927 = DIRECTION('',(-3.5762786865E-07,-1.,9.948E-14));
#6928 = ADVANCED_FACE('',(#6929),#6947,.T.);
#6929 = FACE_BOUND('',#6930,.T.);
#6930 = EDGE_LOOP('',(#6931,#6939,#6940,#6941));
#6931 = ORIENTED_EDGE('',*,*,#6932,.T.);
#6932 = EDGE_CURVE('',#6933,#6168,#6935,.T.);
#6933 = VERTEX_POINT('',#6934);
#6934 = CARTESIAN_POINT('',(-2.617361392407,-12.61395891402,1.));
#6935 = LINE('',#6936,#6937);
#6936 = CARTESIAN_POINT('',(-2.617361392407,-12.61395891402,1.));
#6937 = VECTOR('',#6938,1.);
#6938 = DIRECTION('',(7.11E-15,-9.948E-14,-1.));
#6939 = ORIENTED_EDGE('',*,*,#6167,.T.);
#6940 = ORIENTED_EDGE('',*,*,#6908,.F.);
#6941 = ORIENTED_EDGE('',*,*,#6942,.F.);
#6942 = EDGE_CURVE('',#6933,#6909,#6943,.T.);
#6943 = LINE('',#6944,#6945);
#6944 = CARTESIAN_POINT('',(-2.617361392407,-12.61395891402,1.));
#6945 = VECTOR('',#6946,1.);
#6946 = DIRECTION('',(-1.,3.57627869E-07,-7.E-15));
#6947 = PLANE('',#6948);
#6948 = AXIS2_PLACEMENT_3D('',#6949,#6950,#6951);
#6949 = CARTESIAN_POINT('',(-2.617361392407,-12.61395891402,1.));
#6950 = DIRECTION('',(3.5762786865E-07,1.,-9.948E-14));
#6951 = DIRECTION('',(-1.,3.5762786865E-07,-7.11E-15));
#6952 = ADVANCED_FACE('',(#6953),#6971,.T.);
#6953 = FACE_BOUND('',#6954,.T.);
#6954 = EDGE_LOOP('',(#6955,#6963,#6964,#6965));
#6955 = ORIENTED_EDGE('',*,*,#6956,.T.);
#6956 = EDGE_CURVE('',#6957,#6176,#6959,.T.);
#6957 = VERTEX_POINT('',#6958);
#6958 = CARTESIAN_POINT('',(-2.386808213001,-12.64774623052,1.));
#6959 = LINE('',#6960,#6961);
#6960 = CARTESIAN_POINT('',(-2.386808213001,-12.64774623052,1.));
#6961 = VECTOR('',#6962,1.);
#6962 = DIRECTION('',(7.11E-15,-9.948E-14,-1.));
#6963 = ORIENTED_EDGE('',*,*,#6175,.T.);
#6964 = ORIENTED_EDGE('',*,*,#6932,.F.);
#6965 = ORIENTED_EDGE('',*,*,#6966,.F.);
#6966 = EDGE_CURVE('',#6957,#6933,#6967,.T.);
#6967 = B_SPLINE_CURVE_WITH_KNOTS('',2,(#6968,#6969,#6970),
  .UNSPECIFIED.,.F.,.F.,(3,3),(0.,1.),.PIECEWISE_BEZIER_KNOTS.);
#6968 = CARTESIAN_POINT('',(-2.386808213001,-12.64774623052,1.));
#6969 = CARTESIAN_POINT('',(-2.460255009428,-12.61395897021,1.));
#6970 = CARTESIAN_POINT('',(-2.617361392407,-12.61395891402,1.));
#6971 = SURFACE_OF_LINEAR_EXTRUSION('',#6972,#6976);
#6972 = B_SPLINE_CURVE_WITH_KNOTS('',2,(#6973,#6974,#6975),
  .UNSPECIFIED.,.F.,.F.,(3,3),(0.,1.),.PIECEWISE_BEZIER_KNOTS.);
#6973 = CARTESIAN_POINT('',(-2.386808213001,-12.64774623052,1.));
#6974 = CARTESIAN_POINT('',(-2.460255009428,-12.61395897021,1.));
#6975 = CARTESIAN_POINT('',(-2.617361392407,-12.61395891402,1.));
#6976 = VECTOR('',#6977,1.);
#6977 = DIRECTION('',(-7.11E-15,9.948E-14,1.));
#6978 = ADVANCED_FACE('',(#6979),#6997,.T.);
#6979 = FACE_BOUND('',#6980,.T.);
#6980 = EDGE_LOOP('',(#6981,#6989,#6990,#6991));
#6981 = ORIENTED_EDGE('',*,*,#6982,.T.);
#6982 = EDGE_CURVE('',#6983,#6184,#6985,.T.);
#6983 = VERTEX_POINT('',#6984);
#6984 = CARTESIAN_POINT('',(-2.269872081108,-12.75489520851,1.));
#6985 = LINE('',#6986,#6987);
#6986 = CARTESIAN_POINT('',(-2.269872081108,-12.75489520851,1.));
#6987 = VECTOR('',#6988,1.);
#6988 = DIRECTION('',(7.11E-15,-9.948E-14,-1.));
#6989 = ORIENTED_EDGE('',*,*,#6183,.T.);
#6990 = ORIENTED_EDGE('',*,*,#6956,.F.);
#6991 = ORIENTED_EDGE('',*,*,#6992,.F.);
#6992 = EDGE_CURVE('',#6983,#6957,#6993,.T.);
#6993 = B_SPLINE_CURVE_WITH_KNOTS('',2,(#6994,#6995,#6996),
  .UNSPECIFIED.,.F.,.F.,(3,3),(0.,1.),.PIECEWISE_BEZIER_KNOTS.);
#6994 = CARTESIAN_POINT('',(-2.269872081108,-12.75489520851,1.));
#6995 = CARTESIAN_POINT('',(-2.313276310191,-12.68153349086,1.));
#6996 = CARTESIAN_POINT('',(-2.386808213001,-12.64774623052,1.));
#6997 = SURFACE_OF_LINEAR_EXTRUSION('',#6998,#7002);
#6998 = B_SPLINE_CURVE_WITH_KNOTS('',2,(#6999,#7000,#7001),
  .UNSPECIFIED.,.F.,.F.,(3,3),(0.,1.),.PIECEWISE_BEZIER_KNOTS.);
#6999 = CARTESIAN_POINT('',(-2.269872081108,-12.75489520851,1.));
#7000 = CARTESIAN_POINT('',(-2.313276310191,-12.68153349086,1.));
#7001 = CARTESIAN_POINT('',(-2.386808213001,-12.64774623052,1.));
#7002 = VECTOR('',#7003,1.);
#7003 = DIRECTION('',(-7.11E-15,9.948E-14,1.));
#7004 = ADVANCED_FACE('',(#7005),#7023,.T.);
#7005 = FACE_BOUND('',#7006,.T.);
#7006 = EDGE_LOOP('',(#7007,#7015,#7016,#7017));
#7007 = ORIENTED_EDGE('',*,*,#7008,.T.);
#7008 = EDGE_CURVE('',#7009,#6192,#7011,.T.);
#7009 = VERTEX_POINT('',#7010);
#7010 = CARTESIAN_POINT('',(-2.226382783474,-12.93404416023,1.));
#7011 = LINE('',#7012,#7013);
#7012 = CARTESIAN_POINT('',(-2.226382783474,-12.93404416023,1.));
#7013 = VECTOR('',#7014,1.);
#7014 = DIRECTION('',(7.11E-15,-9.948E-14,-1.));
#7015 = ORIENTED_EDGE('',*,*,#6191,.T.);
#7016 = ORIENTED_EDGE('',*,*,#6982,.F.);
#7017 = ORIENTED_EDGE('',*,*,#7018,.F.);
#7018 = EDGE_CURVE('',#7009,#6983,#7019,.T.);
#7019 = B_SPLINE_CURVE_WITH_KNOTS('',2,(#7020,#7021,#7022),
  .UNSPECIFIED.,.F.,.F.,(3,3),(0.,1.),.PIECEWISE_BEZIER_KNOTS.);
#7020 = CARTESIAN_POINT('',(-2.226382783474,-12.93404416023,1.));
#7021 = CARTESIAN_POINT('',(-2.226382745611,-12.8281718198,1.));
#7022 = CARTESIAN_POINT('',(-2.269872081108,-12.75489520851,1.));
#7023 = SURFACE_OF_LINEAR_EXTRUSION('',#7024,#7028);
#7024 = B_SPLINE_CURVE_WITH_KNOTS('',2,(#7025,#7026,#7027),
  .UNSPECIFIED.,.F.,.F.,(3,3),(0.,1.),.PIECEWISE_BEZIER_KNOTS.);
#7025 = CARTESIAN_POINT('',(-2.226382783474,-12.93404416023,1.));
#7026 = CARTESIAN_POINT('',(-2.226382745611,-12.8281718198,1.));
#7027 = CARTESIAN_POINT('',(-2.269872081108,-12.75489520851,1.));
#7028 = VECTOR('',#7029,1.);
#7029 = DIRECTION('',(-7.11E-15,9.948E-14,1.));
#7030 = ADVANCED_FACE('',(#7031),#7049,.T.);
#7031 = FACE_BOUND('',#7032,.T.);
#7032 = EDGE_LOOP('',(#7033,#7041,#7042,#7043));
#7033 = ORIENTED_EDGE('',*,*,#7034,.T.);
#7034 = EDGE_CURVE('',#7035,#6200,#7037,.T.);
#7035 = VERTEX_POINT('',#7036);
#7036 = CARTESIAN_POINT('',(-2.27174455381,-13.12476754826,1.));
#7037 = LINE('',#7038,#7039);
#7038 = CARTESIAN_POINT('',(-2.27174455381,-13.12476754826,1.));
#7039 = VECTOR('',#7040,1.);
#7040 = DIRECTION('',(7.11E-15,-9.948E-14,-1.));
#7041 = ORIENTED_EDGE('',*,*,#6199,.T.);
#7042 = ORIENTED_EDGE('',*,*,#7008,.F.);
#7043 = ORIENTED_EDGE('',*,*,#7044,.F.);
#7044 = EDGE_CURVE('',#7035,#7009,#7045,.T.);
#7045 = B_SPLINE_CURVE_WITH_KNOTS('',2,(#7046,#7047,#7048),
  .UNSPECIFIED.,.F.,.F.,(3,3),(0.,1.),.PIECEWISE_BEZIER_KNOTS.);
#7046 = CARTESIAN_POINT('',(-2.27174455381,-13.12476754826,1.));
#7047 = CARTESIAN_POINT('',(-2.226382824533,-13.04885267087,1.));
#7048 = CARTESIAN_POINT('',(-2.226382783474,-12.93404416023,1.));
#7049 = SURFACE_OF_LINEAR_EXTRUSION('',#7050,#7054);
#7050 = B_SPLINE_CURVE_WITH_KNOTS('',2,(#7051,#7052,#7053),
  .UNSPECIFIED.,.F.,.F.,(3,3),(0.,1.),.PIECEWISE_BEZIER_KNOTS.);
#7051 = CARTESIAN_POINT('',(-2.27174455381,-13.12476754826,1.));
#7052 = CARTESIAN_POINT('',(-2.226382824533,-13.04885267087,1.));
#7053 = CARTESIAN_POINT('',(-2.226382783474,-12.93404416023,1.));
#7054 = VECTOR('',#7055,1.);
#7055 = DIRECTION('',(-7.11E-15,9.948E-14,1.));
#7056 = ADVANCED_FACE('',(#7057),#7075,.T.);
#7057 = FACE_BOUND('',#7058,.T.);
#7058 = EDGE_LOOP('',(#7059,#7067,#7068,#7069));
#7059 = ORIENTED_EDGE('',*,*,#7060,.T.);
#7060 = EDGE_CURVE('',#7061,#6208,#7063,.T.);
#7061 = VERTEX_POINT('',#7062);
#7062 = CARTESIAN_POINT('',(-2.403999911917,-13.23370367118,1.));
#7063 = LINE('',#7064,#7065);
#7064 = CARTESIAN_POINT('',(-2.403999911917,-13.23370367118,1.));
#7065 = VECTOR('',#7066,1.);
#7066 = DIRECTION('',(7.11E-15,-9.948E-14,-1.));
#7067 = ORIENTED_EDGE('',*,*,#6207,.T.);
#7068 = ORIENTED_EDGE('',*,*,#7034,.F.);
#7069 = ORIENTED_EDGE('',*,*,#7070,.F.);
#7070 = EDGE_CURVE('',#7061,#7035,#7071,.T.);
#7071 = B_SPLINE_CURVE_WITH_KNOTS('',2,(#7072,#7073,#7074),
  .UNSPECIFIED.,.F.,.F.,(3,3),(0.,1.),.PIECEWISE_BEZIER_KNOTS.);
#7072 = CARTESIAN_POINT('',(-2.403999911917,-13.23370367118,1.));
#7073 = CARTESIAN_POINT('',(-2.317106283056,-13.20059731927,1.));
#7074 = CARTESIAN_POINT('',(-2.27174455381,-13.12476754826,1.));
#7075 = SURFACE_OF_LINEAR_EXTRUSION('',#7076,#7080);
#7076 = B_SPLINE_CURVE_WITH_KNOTS('',2,(#7077,#7078,#7079),
  .UNSPECIFIED.,.F.,.F.,(3,3),(0.,1.),.PIECEWISE_BEZIER_KNOTS.);
#7077 = CARTESIAN_POINT('',(-2.403999911917,-13.23370367118,1.));
#7078 = CARTESIAN_POINT('',(-2.317106283056,-13.20059731927,1.));
#7079 = CARTESIAN_POINT('',(-2.27174455381,-13.12476754826,1.));
#7080 = VECTOR('',#7081,1.);
#7081 = DIRECTION('',(-7.11E-15,9.948E-14,1.));
#7082 = ADVANCED_FACE('',(#7083),#7094,.T.);
#7083 = FACE_BOUND('',#7084,.T.);
#7084 = EDGE_LOOP('',(#7085,#7086,#7087,#7088));
#7085 = ORIENTED_EDGE('',*,*,#6886,.T.);
#7086 = ORIENTED_EDGE('',*,*,#6215,.T.);
#7087 = ORIENTED_EDGE('',*,*,#7060,.F.);
#7088 = ORIENTED_EDGE('',*,*,#7089,.F.);
#7089 = EDGE_CURVE('',#6887,#7061,#7090,.T.);
#7090 = B_SPLINE_CURVE_WITH_KNOTS('',2,(#7091,#7092,#7093),
  .UNSPECIFIED.,.F.,.F.,(3,3),(0.,1.),.PIECEWISE_BEZIER_KNOTS.);
#7091 = CARTESIAN_POINT('',(-2.590553111624,-13.25668232786,1.));
#7092 = CARTESIAN_POINT('',(-2.464085026518,-13.25668237309,1.));
#7093 = CARTESIAN_POINT('',(-2.403999911917,-13.23370367118,1.));
#7094 = SURFACE_OF_LINEAR_EXTRUSION('',#7095,#7099);
#7095 = B_SPLINE_CURVE_WITH_KNOTS('',2,(#7096,#7097,#7098),
  .UNSPECIFIED.,.F.,.F.,(3,3),(0.,1.),.PIECEWISE_BEZIER_KNOTS.);
#7096 = CARTESIAN_POINT('',(-2.590553111624,-13.25668232786,1.));
#7097 = CARTESIAN_POINT('',(-2.464085026518,-13.25668237309,1.));
#7098 = CARTESIAN_POINT('',(-2.403999911917,-13.23370367118,1.));
#7099 = VECTOR('',#7100,1.);
#7100 = DIRECTION('',(-7.11E-15,9.948E-14,1.));
#7101 = ADVANCED_FACE('',(#7102),#7127,.T.);
#7102 = FACE_BOUND('',#7103,.T.);
#7103 = EDGE_LOOP('',(#7104,#7112,#7113,#7121));
#7104 = ORIENTED_EDGE('',*,*,#7105,.T.);
#7105 = EDGE_CURVE('',#7106,#6224,#7108,.T.);
#7106 = VERTEX_POINT('',#7107);
#7107 = CARTESIAN_POINT('',(-2.972595355095,-12.39063963804,1.));
#7108 = LINE('',#7109,#7110);
#7109 = CARTESIAN_POINT('',(-2.972595355095,-12.39063963804,1.));
#7110 = VECTOR('',#7111,1.);
#7111 = DIRECTION('',(7.11E-15,-9.948E-14,-1.));
#7112 = ORIENTED_EDGE('',*,*,#6223,.T.);
#7113 = ORIENTED_EDGE('',*,*,#7114,.F.);
#7114 = EDGE_CURVE('',#7115,#6226,#7117,.T.);
#7115 = VERTEX_POINT('',#7116);
#7116 = CARTESIAN_POINT('',(-2.641105993393,-12.39063975659,1.));
#7117 = LINE('',#7118,#7119);
#7118 = CARTESIAN_POINT('',(-2.641105993393,-12.39063975659,1.));
#7119 = VECTOR('',#7120,1.);
#7120 = DIRECTION('',(7.11E-15,-9.948E-14,-1.));
#7121 = ORIENTED_EDGE('',*,*,#7122,.F.);
#7122 = EDGE_CURVE('',#7106,#7115,#7123,.T.);
#7123 = LINE('',#7124,#7125);
#7124 = CARTESIAN_POINT('',(-2.972595355095,-12.39063963804,1.));
#7125 = VECTOR('',#7126,1.);
#7126 = DIRECTION('',(1.,-3.57627869E-07,7.E-15));
#7127 = PLANE('',#7128);
#7128 = AXIS2_PLACEMENT_3D('',#7129,#7130,#7131);
#7129 = CARTESIAN_POINT('',(-2.972595355095,-12.39063963804,1.));
#7130 = DIRECTION('',(-3.5762786865E-07,-1.,9.948E-14));
#7131 = DIRECTION('',(1.,-3.5762786865E-07,7.11E-15));
#7132 = ADVANCED_FACE('',(#7133),#7151,.T.);
#7133 = FACE_BOUND('',#7134,.T.);
#7134 = EDGE_LOOP('',(#7135,#7143,#7144,#7145));
#7135 = ORIENTED_EDGE('',*,*,#7136,.T.);
#7136 = EDGE_CURVE('',#7137,#6234,#7139,.T.);
#7137 = VERTEX_POINT('',#7138);
#7138 = CARTESIAN_POINT('',(-2.972595154458,-11.82961836145,1.));
#7139 = LINE('',#7140,#7141);
#7140 = CARTESIAN_POINT('',(-2.972595154458,-11.82961836145,1.));
#7141 = VECTOR('',#7142,1.);
#7142 = DIRECTION('',(7.11E-15,-9.948E-14,-1.));
#7143 = ORIENTED_EDGE('',*,*,#6233,.T.);
#7144 = ORIENTED_EDGE('',*,*,#7105,.F.);
#7145 = ORIENTED_EDGE('',*,*,#7146,.F.);
#7146 = EDGE_CURVE('',#7137,#7106,#7147,.T.);
#7147 = LINE('',#7148,#7149);
#7148 = CARTESIAN_POINT('',(-2.972595154458,-11.82961836145,1.));
#7149 = VECTOR('',#7150,1.);
#7150 = DIRECTION('',(-3.57627869E-07,-1.,9.9E-14));
#7151 = PLANE('',#7152);
#7152 = AXIS2_PLACEMENT_3D('',#7153,#7154,#7155);
#7153 = CARTESIAN_POINT('',(-2.972595154458,-11.82961836145,1.));
#7154 = DIRECTION('',(-1.,3.5762786865E-07,-7.11E-15));
#7155 = DIRECTION('',(-3.5762786865E-07,-1.,9.948E-14));
#7156 = ADVANCED_FACE('',(#7157),#7175,.T.);
#7157 = FACE_BOUND('',#7158,.T.);
#7158 = EDGE_LOOP('',(#7159,#7167,#7168,#7169));
#7159 = ORIENTED_EDGE('',*,*,#7160,.T.);
#7160 = EDGE_CURVE('',#7161,#6242,#7163,.T.);
#7161 = VERTEX_POINT('',#7162);
#7162 = CARTESIAN_POINT('',(-2.665361111905,-11.82961847132,1.));
#7163 = LINE('',#7164,#7165);
#7164 = CARTESIAN_POINT('',(-2.665361111905,-11.82961847132,1.));
#7165 = VECTOR('',#7166,1.);
#7166 = DIRECTION('',(7.11E-15,-9.948E-14,-1.));
#7167 = ORIENTED_EDGE('',*,*,#6241,.T.);
#7168 = ORIENTED_EDGE('',*,*,#7136,.F.);
#7169 = ORIENTED_EDGE('',*,*,#7170,.F.);
#7170 = EDGE_CURVE('',#7161,#7137,#7171,.T.);
#7171 = LINE('',#7172,#7173);
#7172 = CARTESIAN_POINT('',(-2.665361111905,-11.82961847132,1.));
#7173 = VECTOR('',#7174,1.);
#7174 = DIRECTION('',(-1.,3.57627869E-07,-7.E-15));
#7175 = PLANE('',#7176);
#7176 = AXIS2_PLACEMENT_3D('',#7177,#7178,#7179);
#7177 = CARTESIAN_POINT('',(-2.665361111905,-11.82961847132,1.));
#7178 = DIRECTION('',(3.5762786865E-07,1.,-9.948E-14));
#7179 = DIRECTION('',(-1.,3.5762786865E-07,-7.11E-15));
#7180 = ADVANCED_FACE('',(#7181),#7199,.T.);
#7181 = FACE_BOUND('',#7182,.T.);
#7182 = EDGE_LOOP('',(#7183,#7191,#7192,#7193));
#7183 = ORIENTED_EDGE('',*,*,#7184,.T.);
#7184 = EDGE_CURVE('',#7185,#6250,#7187,.T.);
#7185 = VERTEX_POINT('',#7186);
#7186 = CARTESIAN_POINT('',(-2.433956865656,-11.85498025621,1.));
#7187 = LINE('',#7188,#7189);
#7188 = CARTESIAN_POINT('',(-2.433956865656,-11.85498025621,1.));
#7189 = VECTOR('',#7190,1.);
#7190 = DIRECTION('',(7.11E-15,-9.948E-14,-1.));
#7191 = ORIENTED_EDGE('',*,*,#6249,.T.);
#7192 = ORIENTED_EDGE('',*,*,#7160,.F.);
#7193 = ORIENTED_EDGE('',*,*,#7194,.F.);
#7194 = EDGE_CURVE('',#7185,#7161,#7195,.T.);
#7195 = B_SPLINE_CURVE_WITH_KNOTS('',2,(#7196,#7197,#7198),
  .UNSPECIFIED.,.F.,.F.,(3,3),(0.,1.),.PIECEWISE_BEZIER_KNOTS.);
#7196 = CARTESIAN_POINT('',(-2.433956865656,-11.85498025621,1.));
#7197 = CARTESIAN_POINT('',(-2.498297282118,-11.82961853107,1.));
#7198 = CARTESIAN_POINT('',(-2.665361111905,-11.82961847132,1.));
#7199 = SURFACE_OF_LINEAR_EXTRUSION('',#7200,#7204);
#7200 = B_SPLINE_CURVE_WITH_KNOTS('',2,(#7201,#7202,#7203),
  .UNSPECIFIED.,.F.,.F.,(3,3),(0.,1.),.PIECEWISE_BEZIER_KNOTS.);
#7201 = CARTESIAN_POINT('',(-2.433956865656,-11.85498025621,1.));
#7202 = CARTESIAN_POINT('',(-2.498297282118,-11.82961853107,1.));
#7203 = CARTESIAN_POINT('',(-2.665361111905,-11.82961847132,1.));
#7204 = VECTOR('',#7205,1.);
#7205 = DIRECTION('',(-7.11E-15,9.948E-14,1.));
#7206 = ADVANCED_FACE('',(#7207),#7225,.T.);
#7207 = FACE_BOUND('',#7208,.T.);
#7208 = EDGE_LOOP('',(#7209,#7217,#7218,#7219));
#7209 = ORIENTED_EDGE('',*,*,#7210,.T.);
#7210 = EDGE_CURVE('',#7211,#6258,#7213,.T.);
#7211 = VERTEX_POINT('',#7212);
#7212 = CARTESIAN_POINT('',(-2.330637749561,-11.94681008039,1.));
#7213 = LINE('',#7214,#7215);
#7214 = CARTESIAN_POINT('',(-2.330637749561,-11.94681008039,1.));
#7215 = VECTOR('',#7216,1.);
#7216 = DIRECTION('',(7.11E-15,-9.948E-14,-1.));
#7217 = ORIENTED_EDGE('',*,*,#6257,.T.);
#7218 = ORIENTED_EDGE('',*,*,#7184,.F.);
#7219 = ORIENTED_EDGE('',*,*,#7220,.F.);
#7220 = EDGE_CURVE('',#7211,#7185,#7221,.T.);
#7221 = B_SPLINE_CURVE_WITH_KNOTS('',2,(#7222,#7223,#7224),
  .UNSPECIFIED.,.F.,.F.,(3,3),(0.,1.),.PIECEWISE_BEZIER_KNOTS.);
#7222 = CARTESIAN_POINT('',(-2.330637749561,-11.94681008039,1.));
#7223 = CARTESIAN_POINT('',(-2.369531342781,-11.88025687499,1.));
#7224 = CARTESIAN_POINT('',(-2.433956865656,-11.85498025621,1.));
#7225 = SURFACE_OF_LINEAR_EXTRUSION('',#7226,#7230);
#7226 = B_SPLINE_CURVE_WITH_KNOTS('',2,(#7227,#7228,#7229),
  .UNSPECIFIED.,.F.,.F.,(3,3),(0.,1.),.PIECEWISE_BEZIER_KNOTS.);
#7227 = CARTESIAN_POINT('',(-2.330637749561,-11.94681008039,1.));
#7228 = CARTESIAN_POINT('',(-2.369531342781,-11.88025687499,1.));
#7229 = CARTESIAN_POINT('',(-2.433956865656,-11.85498025621,1.));
#7230 = VECTOR('',#7231,1.);
#7231 = DIRECTION('',(-7.11E-15,9.948E-14,1.));
#7232 = ADVANCED_FACE('',(#7233),#7251,.T.);
#7233 = FACE_BOUND('',#7234,.T.);
#7234 = EDGE_LOOP('',(#7235,#7243,#7244,#7245));
#7235 = ORIENTED_EDGE('',*,*,#7236,.T.);
#7236 = EDGE_CURVE('',#7237,#6266,#7239,.T.);
#7237 = VERTEX_POINT('',#7238);
#7238 = CARTESIAN_POINT('',(-2.291744192073,-12.11327817941,1.));
#7239 = LINE('',#7240,#7241);
#7240 = CARTESIAN_POINT('',(-2.291744192073,-12.11327817941,1.));
#7241 = VECTOR('',#7242,1.);
#7242 = DIRECTION('',(7.11E-15,-9.948E-14,-1.));
#7243 = ORIENTED_EDGE('',*,*,#6265,.T.);
#7244 = ORIENTED_EDGE('',*,*,#7210,.F.);
#7245 = ORIENTED_EDGE('',*,*,#7246,.F.);
#7246 = EDGE_CURVE('',#7237,#7211,#7247,.T.);
#7247 = B_SPLINE_CURVE_WITH_KNOTS('',2,(#7248,#7249,#7250),
  .UNSPECIFIED.,.F.,.F.,(3,3),(0.,1.),.PIECEWISE_BEZIER_KNOTS.);
#7248 = CARTESIAN_POINT('',(-2.291744192073,-12.11327817941,1.));
#7249 = CARTESIAN_POINT('',(-2.29174415631,-12.01327817941,1.));
#7250 = CARTESIAN_POINT('',(-2.330637749561,-11.94681008039,1.));
#7251 = SURFACE_OF_LINEAR_EXTRUSION('',#7252,#7256);
#7252 = B_SPLINE_CURVE_WITH_KNOTS('',2,(#7253,#7254,#7255),
  .UNSPECIFIED.,.F.,.F.,(3,3),(0.,1.),.PIECEWISE_BEZIER_KNOTS.);
#7253 = CARTESIAN_POINT('',(-2.291744192073,-12.11327817941,1.));
#7254 = CARTESIAN_POINT('',(-2.29174415631,-12.01327817941,1.));
#7255 = CARTESIAN_POINT('',(-2.330637749561,-11.94681008039,1.));
#7256 = VECTOR('',#7257,1.);
#7257 = DIRECTION('',(-7.11E-15,9.948E-14,1.));
#7258 = ADVANCED_FACE('',(#7259),#7277,.T.);
#7259 = FACE_BOUND('',#7260,.T.);
#7260 = EDGE_LOOP('',(#7261,#7269,#7270,#7271));
#7261 = ORIENTED_EDGE('',*,*,#7262,.T.);
#7262 = EDGE_CURVE('',#7263,#6274,#7265,.T.);
#7263 = VERTEX_POINT('',#7264);
#7264 = CARTESIAN_POINT('',(-2.334467657262,-12.28366114285,1.));
#7265 = LINE('',#7266,#7267);
#7266 = CARTESIAN_POINT('',(-2.334467657262,-12.28366114285,1.));
#7267 = VECTOR('',#7268,1.);
#7268 = DIRECTION('',(7.11E-15,-9.948E-14,-1.));
#7269 = ORIENTED_EDGE('',*,*,#6273,.T.);
#7270 = ORIENTED_EDGE('',*,*,#7236,.F.);
#7271 = ORIENTED_EDGE('',*,*,#7272,.F.);
#7272 = EDGE_CURVE('',#7263,#7237,#7273,.T.);
#7273 = B_SPLINE_CURVE_WITH_KNOTS('',2,(#7274,#7275,#7276),
  .UNSPECIFIED.,.F.,.F.,(3,3),(0.,1.),.PIECEWISE_BEZIER_KNOTS.);
#7274 = CARTESIAN_POINT('',(-2.334467657262,-12.28366114285,1.));
#7275 = CARTESIAN_POINT('',(-2.291744230575,-12.22093775388,1.));
#7276 = CARTESIAN_POINT('',(-2.291744192073,-12.11327817941,1.));
#7277 = SURFACE_OF_LINEAR_EXTRUSION('',#7278,#7282);
#7278 = B_SPLINE_CURVE_WITH_KNOTS('',2,(#7279,#7280,#7281),
  .UNSPECIFIED.,.F.,.F.,(3,3),(0.,1.),.PIECEWISE_BEZIER_KNOTS.);
#7279 = CARTESIAN_POINT('',(-2.334467657262,-12.28366114285,1.));
#7280 = CARTESIAN_POINT('',(-2.291744230575,-12.22093775388,1.));
#7281 = CARTESIAN_POINT('',(-2.291744192073,-12.11327817941,1.));
#7282 = VECTOR('',#7283,1.);
#7283 = DIRECTION('',(-7.11E-15,9.948E-14,1.));
#7284 = ADVANCED_FACE('',(#7285),#7303,.T.);
#7285 = FACE_BOUND('',#7286,.T.);
#7286 = EDGE_LOOP('',(#7287,#7295,#7296,#7297));
#7287 = ORIENTED_EDGE('',*,*,#7288,.T.);
#7288 = EDGE_CURVE('',#7289,#6282,#7291,.T.);
#7289 = VERTEX_POINT('',#7290);
#7290 = CARTESIAN_POINT('',(-2.456254923232,-12.37293769504,1.));
#7291 = LINE('',#7292,#7293);
#7292 = CARTESIAN_POINT('',(-2.456254923232,-12.37293769504,1.));
#7293 = VECTOR('',#7294,1.);
#7294 = DIRECTION('',(7.11E-15,-9.948E-14,-1.));
#7295 = ORIENTED_EDGE('',*,*,#6281,.T.);
#7296 = ORIENTED_EDGE('',*,*,#7262,.F.);
#7297 = ORIENTED_EDGE('',*,*,#7298,.F.);
#7298 = EDGE_CURVE('',#7289,#7263,#7299,.T.);
#7299 = B_SPLINE_CURVE_WITH_KNOTS('',2,(#7300,#7301,#7302),
  .UNSPECIFIED.,.F.,.F.,(3,3),(0.,1.),.PIECEWISE_BEZIER_KNOTS.);
#7300 = CARTESIAN_POINT('',(-2.456254923232,-12.37293769504,1.));
#7301 = CARTESIAN_POINT('',(-2.377191083919,-12.34629942545,1.));
#7302 = CARTESIAN_POINT('',(-2.334467657262,-12.28366114285,1.));
#7303 = SURFACE_OF_LINEAR_EXTRUSION('',#7304,#7308);
#7304 = B_SPLINE_CURVE_WITH_KNOTS('',2,(#7305,#7306,#7307),
  .UNSPECIFIED.,.F.,.F.,(3,3),(0.,1.),.PIECEWISE_BEZIER_KNOTS.);
#7305 = CARTESIAN_POINT('',(-2.456254923232,-12.37293769504,1.));
#7306 = CARTESIAN_POINT('',(-2.377191083919,-12.34629942545,1.));
#7307 = CARTESIAN_POINT('',(-2.334467657262,-12.28366114285,1.));
#7308 = VECTOR('',#7309,1.);
#7309 = DIRECTION('',(-7.11E-15,9.948E-14,1.));
#7310 = ADVANCED_FACE('',(#7311),#7322,.T.);
#7311 = FACE_BOUND('',#7312,.T.);
#7312 = EDGE_LOOP('',(#7313,#7314,#7315,#7316));
#7313 = ORIENTED_EDGE('',*,*,#7114,.T.);
#7314 = ORIENTED_EDGE('',*,*,#6289,.T.);
#7315 = ORIENTED_EDGE('',*,*,#7288,.F.);
#7316 = ORIENTED_EDGE('',*,*,#7317,.F.);
#7317 = EDGE_CURVE('',#7115,#7289,#7318,.T.);
#7318 = B_SPLINE_CURVE_WITH_KNOTS('',2,(#7319,#7320,#7321),
  .UNSPECIFIED.,.F.,.F.,(3,3),(0.,1.),.PIECEWISE_BEZIER_KNOTS.);
#7319 = CARTESIAN_POINT('',(-2.641105993393,-12.39063975659,1.));
#7320 = CARTESIAN_POINT('',(-2.511063440201,-12.3906398031,1.));
#7321 = CARTESIAN_POINT('',(-2.456254923232,-12.37293769504,1.));
#7322 = SURFACE_OF_LINEAR_EXTRUSION('',#7323,#7327);
#7323 = B_SPLINE_CURVE_WITH_KNOTS('',2,(#7324,#7325,#7326),
  .UNSPECIFIED.,.F.,.F.,(3,3),(0.,1.),.PIECEWISE_BEZIER_KNOTS.);
#7324 = CARTESIAN_POINT('',(-2.641105993393,-12.39063975659,1.));
#7325 = CARTESIAN_POINT('',(-2.511063440201,-12.3906398031,1.));
#7326 = CARTESIAN_POINT('',(-2.456254923232,-12.37293769504,1.));
#7327 = VECTOR('',#7328,1.);
#7328 = DIRECTION('',(-7.11E-15,9.948E-14,1.));
#7329 = ADVANCED_FACE('',(#7330),#7336,.T.);
#7330 = FACE_BOUND('',#7331,.T.);
#7331 = EDGE_LOOP('',(#7332,#7333,#7334,#7335));
#7332 = ORIENTED_EDGE('',*,*,#6557,.F.);
#7333 = ORIENTED_EDGE('',*,*,#6533,.F.);
#7334 = ORIENTED_EDGE('',*,*,#6718,.F.);
#7335 = ORIENTED_EDGE('',*,*,#6701,.F.);
#7336 = PLANE('',#7337);
#7337 = AXIS2_PLACEMENT_3D('',#7338,#7339,#7340);
#7338 = CARTESIAN_POINT('',(0.,-2.,3.));
#7339 = DIRECTION('',(0.,0.,1.));
#7340 = DIRECTION('',(1.,0.,0.));
#7341 = ADVANCED_FACE('',(#7342),#7345,.T.);
#7342 = FACE_BOUND('',#7343,.T.);
#7343 = EDGE_LOOP('',(#7344));
#7344 = ORIENTED_EDGE('',*,*,#6742,.T.);
#7345 = PLANE('',#7346);
#7346 = AXIS2_PLACEMENT_3D('',#7347,#7348,#7349);
#7347 = CARTESIAN_POINT('',(8.5,-2.5,5.));
#7348 = DIRECTION('',(0.,0.,1.));
#7349 = DIRECTION('',(1.,0.,0.));
#7350 = ADVANCED_FACE('',(#7351),#7357,.T.);
#7351 = FACE_BOUND('',#7352,.F.);
#7352 = EDGE_LOOP('',(#7353,#7354,#7355,#7356));
#7353 = ORIENTED_EDGE('',*,*,#6849,.T.);
#7354 = ORIENTED_EDGE('',*,*,#6832,.T.);
#7355 = ORIENTED_EDGE('',*,*,#6808,.T.);
#7356 = ORIENTED_EDGE('',*,*,#6777,.T.);
#7357 = PLANE('',#7358);
#7358 = AXIS2_PLACEMENT_3D('',#7359,#7360,#7361);
#7359 = CARTESIAN_POINT('',(-11.6543045,9.5,1.967039));
#7360 = DIRECTION('',(0.,1.,0.));
#7361 = DIRECTION('',(0.,0.,1.));
#7362 = ADVANCED_FACE('',(#7363),#7374,.T.);
#7363 = FACE_BOUND('',#7364,.T.);
#7364 = EDGE_LOOP('',(#7365,#7366,#7367,#7368,#7369,#7370,#7371,#7372,
    #7373));
#7365 = ORIENTED_EDGE('',*,*,#6918,.T.);
#7366 = ORIENTED_EDGE('',*,*,#6894,.T.);
#7367 = ORIENTED_EDGE('',*,*,#7089,.T.);
#7368 = ORIENTED_EDGE('',*,*,#7070,.T.);
#7369 = ORIENTED_EDGE('',*,*,#7044,.T.);
#7370 = ORIENTED_EDGE('',*,*,#7018,.T.);
#7371 = ORIENTED_EDGE('',*,*,#6992,.T.);
#7372 = ORIENTED_EDGE('',*,*,#6966,.T.);
#7373 = ORIENTED_EDGE('',*,*,#6942,.T.);
#7374 = PLANE('',#7375);
#7375 = AXIS2_PLACEMENT_3D('',#7376,#7377,#7378);
#7376 = CARTESIAN_POINT('',(1.42E-15,1.89E-15,1.));
#7377 = DIRECTION('',(0.,0.,1.));
#7378 = DIRECTION('',(1.,0.,0.));
#7379 = ADVANCED_FACE('',(#7380),#7391,.T.);
#7380 = FACE_BOUND('',#7381,.T.);
#7381 = EDGE_LOOP('',(#7382,#7383,#7384,#7385,#7386,#7387,#7388,#7389,
    #7390));
#7382 = ORIENTED_EDGE('',*,*,#7146,.T.);
#7383 = ORIENTED_EDGE('',*,*,#7122,.T.);
#7384 = ORIENTED_EDGE('',*,*,#7317,.T.);
#7385 = ORIENTED_EDGE('',*,*,#7298,.T.);
#7386 = ORIENTED_EDGE('',*,*,#7272,.T.);
#7387 = ORIENTED_EDGE('',*,*,#7246,.T.);
#7388 = ORIENTED_EDGE('',*,*,#7220,.T.);
#7389 = ORIENTED_EDGE('',*,*,#7194,.T.);
#7390 = ORIENTED_EDGE('',*,*,#7170,.T.);
#7391 = PLANE('',#7392);
#7392 = AXIS2_PLACEMENT_3D('',#7393,#7394,#7395);
#7393 = CARTESIAN_POINT('',(1.42E-15,1.89E-15,1.));
#7394 = DIRECTION('',(0.,0.,1.));
#7395 = DIRECTION('',(1.,0.,0.));
#7396 = ( GEOMETRIC_REPRESENTATION_CONTEXT(3) 
GLOBAL_UNCERTAINTY_ASSIGNED_CONTEXT((#7400)) 
GLOBAL_UNIT_ASSIGNED_CONTEXT((#7397,#7398,#7399)) REPRESENTATION_CONTEXT
('Context #1','3D Context with UNIT and UNCERTAINTY') );
#7397 = ( LENGTH_UNIT() NAMED_UNIT(*) SI_UNIT(.MILLI.,.METRE.) );
#7398 = ( NAMED_UNIT(*) PLANE_ANGLE_UNIT() SI_UNIT($,.RADIAN.) );
#7399 = ( NAMED_UNIT(*) SI_UNIT($,.STERADIAN.) SOLID_ANGLE_UNIT() );
#7400 = UNCERTAINTY_MEASURE_WITH_UNIT(LENGTH_MEASURE(1.E-07),#7397,
  'distance_accuracy_value','confusion accuracy');
#7401 = PRODUCT_RELATED_PRODUCT_CATEGORY('part',$,(#7));
#7402 = MECHANICAL_DESIGN_GEOMETRIC_PRESENTATION_REPRESENTATION('',(
    #7403),#7396);
#7403 = STYLED_ITEM('color',(#7404),#15);
#7404 = PRESENTATION_STYLE_ASSIGNMENT((#7405,#7411));
#7405 = SURFACE_STYLE_USAGE(.BOTH.,#7406);
#7406 = SURFACE_SIDE_STYLE('',(#7407));
#7407 = SURFACE_STYLE_FILL_AREA(#7408);
#7408 = FILL_AREA_STYLE('',(#7409));
#7409 = FILL_AREA_STYLE_COLOUR('',#7410);
#7410 = COLOUR_RGB('',0.917647049334,0.917647049334,0.917647049334);
#7411 = CURVE_STYLE('',#7412,POSITIVE_LENGTH_MEASURE(0.1),#7413);
#7412 = DRAUGHTING_PRE_DEFINED_CURVE_FONT('continuous');
#7413 = COLOUR_RGB('',9.803921802644E-02,9.803921802644E-02,
  9.803921802644E-02);
ENDSEC;
END-ISO-10303-21;
