#VRML V2.0 utf8


Group {
  children 
    DEF o0 Group {
      children 
        DEF o1 Group {
          children 
            DEF o2 Transform {
              translation 0 0 0
              rotation 0 0 1  0
              scale 1 1 1
              scaleOrientation 0 0 1  0
              center 0 0 0
              children 
                DEF o3 Group {
                  children [ 
                    DEF o4 Group {
                      children 
                        DEF o5 Shape {
                          appearance 
                          Appearance {
                            material 
                            Material {
                              emissiveColor 0.098039217 0.098039217 0.098039217

                            }

                          }
                          geometry 
                          PointSet {
                            coord 
                            Coordinate {
                              point [ -5 12 0,
                                  -5 12 4,
                                  5 12 4,
                                  5 12 0,
                                  -5 0 0,
                                  -5 0 4,
                                  -5 12 4,
                                  -5 12 0,
                                  5 12 0,
                                  5 12 4,
                                  5 0 4,
                                  5 0 0,
                                  -5 12 0,
                                  5 12 0,
                                  -5 0 0,
                                  5 0 0,
                                  -4.2169991 0.94126999 0,
                                  -4.2097344 1.0010989 0,
                                  -4.1883631 1.0574508 0,
                                  -4.1541266 1.1070507 0,
                                  -4.109015 1.1470159 0,
                                  -4.0556502 1.175024 0,
                                  -3.9971333 1.1894472 0,
                                  -3.9368649 1.1894472 0,
                                  -3.8783479 1.175024 0,
                                  -3.8249829 1.1470159 0,
                                  -3.7798712 1.1070507 0,
                                  -3.745635 1.0574508 0,
                                  -3.7242634 1.0010989 0,
                                  -3.7169991 0.94126999 0,
                                  -3.7242634 0.88144106 0,
                                  -3.745635 0.82508922 0,
                                  -3.7798712 0.77548933 0,
                                  -3.8249829 0.73552406 0,
                                  -3.8783479 0.70751595 0,
                                  -3.9368649 0.69309276 0,
                                  -3.9971333 0.69309276 0,
                                  -4.0556502 0.70751595 0,
                                  -4.109015 0.73552406 0,
                                  -4.1541266 0.77548933 0,
                                  -4.1883631 0.82508922 0,
                                  -4.2097344 0.88144106 0,
                                  3.3356521 10.485075 0,
                                  3.3429165 10.544904 0,
                                  3.3642881 10.601255 0,
                                  3.3985243 10.650856 0,
                                  3.4436357 10.690821 0,
                                  3.4970007 10.718829 0,
                                  3.5555179 10.733253 0,
                                  3.6157861 10.733253 0,
                                  3.6743033 10.718829 0,
                                  3.7276683 10.690821 0,
                                  3.7727797 10.650856 0,
                                  3.8070159 10.601255 0,
                                  3.8283875 10.544904 0,
                                  3.8356521 10.485075 0,
                                  3.8283875 10.425246 0,
                                  3.8070159 10.368895 0,
                                  3.7727797 10.319294 0,
                                  3.7276683 10.279329 0,
                                  3.6743033 10.251321 0,
                                  3.6157861 10.236897 0,
                                  3.5555179 10.236897 0,
                                  3.4970007 10.251321 0,
                                  3.4436357 10.279329 0,
                                  3.3985243 10.319294 0,
                                  3.3642881 10.368895 0,
                                  3.3429165 10.425246 0,
                                  -5 12 4,
                                  -5 12 5.5,
                                  5 12 5.5,
                                  5 12 4,
                                  5 0 0,
                                  5 0 4,
                                  -5 0 4,
                                  -5 0 0,
                                  -5 0 4,
                                  -5 0 5.5,
                                  -5 12 5.5,
                                  -5 12 4,
                                  5 12 4,
                                  5 12 5.5,
                                  5 0 5.5,
                                  5 0 4,
                                  -4.2169991 0.94126999 0,
                                  -4.2097344 1.0010989 0,
                                  -4.1883631 1.0574508 0,
                                  -4.1541266 1.1070507 0,
                                  -4.109015 1.1470159 0,
                                  -4.0556502 1.175024 0,
                                  -3.9971333 1.1894472 0,
                                  -3.9368649 1.1894472 0,
                                  -3.8783479 1.175024 0,
                                  -3.8249829 1.1470159 0,
                                  -3.7798712 1.1070507 0,
                                  -3.745635 1.0574508 0,
                                  -3.7242634 1.0010989 0,
                                  -3.7169991 0.94126999 0,
                                  -3.7242634 0.88144106 0,
                                  -3.745635 0.82508922 0,
                                  -3.7798712 0.77548933 0,
                                  -3.8249829 0.73552406 0,
                                  -3.8783479 0.70751595 0,
                                  -3.9368649 0.69309276 0,
                                  -3.9971333 0.69309276 0,
                                  -4.0556502 0.70751595 0,
                                  -4.109015 0.73552406 0,
                                  -4.1541266 0.77548933 0,
                                  -4.1883631 0.82508922 0,
                                  -4.2097344 0.88144106 0,
                                  -4.2169991 0.94126999 0,
                                  -4.2169991 0.94126999 1,
                                  -4.2169991 0.94126999 1,
                                  -4.2097344 1.0010989 1,
                                  -4.1883631 1.0574508 1,
                                  -4.1541266 1.1070507 1,
                                  -4.109015 1.1470159 1,
                                  -4.0556502 1.175024 1,
                                  -3.9971333 1.1894472 1,
                                  -3.9368649 1.1894472 1,
                                  -3.8783479 1.175024 1,
                                  -3.8249829 1.1470159 1,
                                  -3.7798712 1.1070507 1,
                                  -3.745635 1.0574508 1,
                                  -3.7242634 1.0010989 1,
                                  -3.7169991 0.94126999 1,
                                  -3.7242634 0.88144106 1,
                                  -3.745635 0.82508922 1,
                                  -3.7798712 0.77548933 1,
                                  -3.8249829 0.73552406 1,
                                  -3.8783479 0.70751595 1,
                                  -3.9368649 0.69309276 1,
                                  -3.9971333 0.69309276 1,
                                  -4.0556502 0.70751595 1,
                                  -4.109015 0.73552406 1,
                                  -4.1541266 0.77548933 1,
                                  -4.1883631 0.82508922 1,
                                  -4.2097344 0.88144106 1,
                                  3.3356521 10.485075 0,
                                  3.3429165 10.544904 0,
                                  3.3642881 10.601255 0,
                                  3.3985243 10.650856 0,
                                  3.4436357 10.690821 0,
                                  3.4970007 10.718829 0,
                                  3.5555179 10.733253 0,
                                  3.6157861 10.733253 0,
                                  3.6743033 10.718829 0,
                                  3.7276683 10.690821 0,
                                  3.7727797 10.650856 0,
                                  3.8070159 10.601255 0,
                                  3.8283875 10.544904 0,
                                  3.8356521 10.485075 0,
                                  3.8283875 10.425246 0,
                                  3.8070159 10.368895 0,
                                  3.7727797 10.319294 0,
                                  3.7276683 10.279329 0,
                                  3.6743033 10.251321 0,
                                  3.6157861 10.236897 0,
                                  3.5555179 10.236897 0,
                                  3.4970007 10.251321 0,
                                  3.4436357 10.279329 0,
                                  3.3985243 10.319294 0,
                                  3.3642881 10.368895 0,
                                  3.3429165 10.425246 0,
                                  3.3356521 10.485075 0,
                                  3.3356521 10.485075 1,
                                  3.3356521 10.485075 1,
                                  3.3429165 10.544904 1,
                                  3.3642881 10.601255 1,
                                  3.3985243 10.650856 1,
                                  3.4436357 10.690821 1,
                                  3.4970007 10.718829 1,
                                  3.5555179 10.733253 1,
                                  3.6157861 10.733253 1,
                                  3.6743033 10.718829 1,
                                  3.7276683 10.690821 1,
                                  3.7727797 10.650856 1,
                                  3.8070159 10.601255 1,
                                  3.8283875 10.544904 1,
                                  3.8356521 10.485075 1,
                                  3.8283875 10.425246 1,
                                  3.8070159 10.368895 1,
                                  3.7727797 10.319294 1,
                                  3.7276683 10.279329 1,
                                  3.6743033 10.251321 1,
                                  3.6157861 10.236897 1,
                                  3.5555179 10.236897 1,
                                  3.4970007 10.251321 1,
                                  3.4436357 10.279329 1,
                                  3.3985243 10.319294 1,
                                  3.3642881 10.368895 1,
                                  3.3429165 10.425246 1,
                                  -5 12 5.5,
                                  -5 12 10,
                                  5 12 10,
                                  5 12 5.5,
                                  5 0 4,
                                  5 0 5.5,
                                  -5 0 5.5,
                                  -5 0 4,
                                  -5 0 5.5,
                                  -5 0 10,
                                  -5 12 10,
                                  -5 12 5.5,
                                  5 12 5.5,
                                  5 12 10,
                                  5 0 10,
                                  5 0 5.5,
                                  -4.2169991 0.94126999 1,
                                  -4.2097344 1.0010989 1,
                                  -4.1883631 1.0574508 1,
                                  -4.1541266 1.1070507 1,
                                  -4.109015 1.1470159 1,
                                  -4.0556502 1.175024 1,
                                  -3.9971333 1.1894472 1,
                                  -3.9368649 1.1894472 1,
                                  -3.8783479 1.175024 1,
                                  -3.8249829 1.1470159 1,
                                  -3.7798712 1.1070507 1,
                                  -3.745635 1.0574508 1,
                                  -3.7242634 1.0010989 1,
                                  -3.7169991 0.94126999 1,
                                  -3.7242634 0.88144106 1,
                                  -3.745635 0.82508922 1,
                                  -3.7798712 0.77548933 1,
                                  -3.8249829 0.73552406 1,
                                  -3.8783479 0.70751595 1,
                                  -3.9368649 0.69309276 1,
                                  -3.9971333 0.69309276 1,
                                  -4.0556502 0.70751595 1,
                                  -4.109015 0.73552406 1,
                                  -4.1541266 0.77548933 1,
                                  -4.1883631 0.82508922 1,
                                  -4.2097344 0.88144106 1,
                                  -4.2169991 0.94126999 1,
                                  -4.1336656 0.94126999 1.0500717,
                                  -4.0503325 0.94126999 1.1001434,
                                  -3.9669991 0.94126999 1.1502151,
                                  -3.9669991 0.94126999 1.1502151,
                                  -4.1336656 0.94126999 1.0500717,
                                  -4.0503325 0.94126999 1.1001434,
                                  -4.1145749 1.0187238 1.0500717,
                                  -4.0616765 1.078434 1.0500717,
                                  -4.0407872 0.97999692 1.1001434,
                                  -3.9870884 1.1067215 1.0500717,
                                  -4.0143375 1.0098519 1.1001434,
                                  -3.9078982 1.0971061 1.0500717,
                                  -3.9770436 1.0239958 1.1001434,
                                  -3.8422472 1.0517905 1.0500717,
                                  -3.9374485 1.019188 1.1001434,
                                  -3.8051753 0.98115593 1.0500717,
                                  -3.904623 0.99653023 1.1001434,
                                  -3.8051753 0.90138406 1.0500717,
                                  -3.8860872 0.96121299 1.1001434,
                                  -3.8422472 0.83074957 1.0500717,
                                  -3.8860872 0.92132705 1.1001434,
                                  -3.9078982 0.78543395 1.0500717,
                                  -3.904623 0.88600975 1.1001434,
                                  -3.9870884 0.77581853 1.0500717,
                                  -3.9374485 0.863352 1.1001434,
                                  -4.0616765 0.804106 1.0500717,
                                  -3.9770436 0.85854429 1.1001434,
                                  -4.1145749 0.86381614 1.0500717,
                                  -4.0143375 0.872688 1.1001434,
                                  -4.0407872 0.90254307 1.1001434,
                                  3.3356521 10.485075 1,
                                  3.3429165 10.544904 1,
                                  3.3642881 10.601255 1,
                                  3.3985243 10.650856 1,
                                  3.4436357 10.690821 1,
                                  3.4970007 10.718829 1,
                                  3.5555179 10.733253 1,
                                  3.6157861 10.733253 1,
                                  3.6743033 10.718829 1,
                                  3.7276683 10.690821 1,
                                  3.7727797 10.650856 1,
                                  3.8070159 10.601255 1,
                                  3.8283875 10.544904 1,
                                  3.8356521 10.485075 1,
                                  3.8283875 10.425246 1,
                                  3.8070159 10.368895 1,
                                  3.7727797 10.319294 1,
                                  3.7276683 10.279329 1,
                                  3.6743033 10.251321 1,
                                  3.6157861 10.236897 1,
                                  3.5555179 10.236897 1,
                                  3.4970007 10.251321 1,
                                  3.4436357 10.279329 1,
                                  3.3985243 10.319294 1,
                                  3.3642881 10.368895 1,
                                  3.3429165 10.425246 1,
                                  3.3356521 10.485075 1,
                                  3.4189854 10.485075 1.0500717,
                                  3.5023186 10.485075 1.1001434,
                                  3.5856521 10.485075 1.1502151,
                                  3.5856521 10.485075 1.1502151,
                                  3.4189854 10.485075 1.0500717,
                                  3.5023186 10.485075 1.1001434,
                                  3.438076 10.562529 1.0500717,
                                  3.4909744 10.622239 1.0500717,
                                  3.5118639 10.523802 1.1001434,
                                  3.5655625 10.650526 1.0500717,
                                  3.5383134 10.553657 1.1001434,
                                  3.6447527 10.640911 1.0500717,
                                  3.5756073 10.567801 1.1001434,
                                  3.7104037 10.595595 1.0500717,
                                  3.6152024 10.562993 1.1001434,
                                  3.7474756 10.524961 1.0500717,
                                  3.6480279 10.540336 1.1001434,
                                  3.7474756 10.445189 1.0500717,
                                  3.6665637 10.505018 1.1001434,
                                  3.7104037 10.374555 1.0500717,
                                  3.6665637 10.465132 1.1001434,
                                  3.6447527 10.329239 1.0500717,
                                  3.6480279 10.429814 1.1001434,
                                  3.5655625 10.319624 1.0500717,
                                  3.6152024 10.407157 1.1001434,
                                  3.4909744 10.347911 1.0500717,
                                  3.5756073 10.402349 1.1001434,
                                  3.438076 10.407621 1.0500717,
                                  3.5383134 10.416493 1.1001434,
                                  3.5118639 10.446348 1.1001434,
                                  -5 12 10,
                                  -5 12 12,
                                  5 12 12,
                                  5 12 10,
                                  5 0 5.5,
                                  5 0 10,
                                  -5 0 10,
                                  -5 0 5.5,
                                  -5 0 10,
                                  -5 0 12,
                                  -5 12 12,
                                  -5 12 10,
                                  5 12 10,
                                  5 12 12,
                                  5 0 12,
                                  5 0 10,
                                  -5 12 12,
                                  5 12 12,
                                  -5 0 12,
                                  5 0 12,
                                  3.0811141 6 12,
                                  2.9915824 6.737359 12,
                                  2.7281909 7.4318652 12,
                                  2.306247 8.0431566 12,
                                  1.7502723 8.5357075 12,
                                  1.0925781 8.8808918 12,
                                  0.37138724 9.0586491 12,
                                  -0.37138724 9.0586491 12,
                                  -1.0925781 8.8808918 12,
                                  -1.7502723 8.5357075 12,
                                  -2.306247 8.0431566 12,
                                  -2.7281909 7.4318652 12,
                                  -2.9915824 6.737359 12,
                                  -3.0811141 6 12,
                                  -2.9915824 5.262641 12,
                                  -2.7281909 4.5681348 12,
                                  -2.306247 3.9568434 12,
                                  -1.7502723 3.464293 12,
                                  -1.0925781 3.1191084 12,
                                  -0.37138724 2.9413507 12,
                                  0.37138724 2.9413507 12,
                                  1.0925781 3.1191084 12,
                                  1.7502723 3.464293 12,
                                  2.306247 3.9568434 12,
                                  2.7281909 4.5681348 12,
                                  2.9915824 5.262641 12,
                                  5 0 10,
                                  5 0 12,
                                  -5 0 12,
                                  -5 0 10,
                                  3.0811141 6 12,
                                  3.0811141 6 15,
                                  2.9915824 6.737359 15,
                                  2.7281909 7.4318652 15,
                                  2.306247 8.0431566 15,
                                  1.7502723 8.5357075 15,
                                  1.0925781 8.8808918 15,
                                  0.37138724 9.0586491 15,
                                  -0.37138724 9.0586491 15,
                                  -1.0925781 8.8808918 15,
                                  -1.7502723 8.5357075 15,
                                  -2.306247 8.0431566 15,
                                  -2.7281909 7.4318652 15,
                                  -2.9915824 6.737359 15,
                                  -3.0811141 6 15,
                                  -2.9915824 5.262641 15,
                                  -2.7281909 4.5681348 15,
                                  -2.306247 3.9568434 15,
                                  -1.7502723 3.464293 15,
                                  -1.0925781 3.1191084 15,
                                  -0.37138724 2.9413507 15,
                                  0.37138724 2.9413507 15,
                                  1.0925781 3.1191084 15,
                                  1.7502723 3.464293 15,
                                  2.306247 3.9568434 15,
                                  2.7281909 4.5681348 15,
                                  2.9915824 5.262641 15,
                                  3.0811141 6 15,
                                  3.0811141 6 12,
                                  2.9915824 6.737359 12,
                                  2.7281909 7.4318652 12,
                                  2.306247 8.0431566 12,
                                  1.7502723 8.5357075 12,
                                  1.0925781 8.8808918 12,
                                  0.37138724 9.0586491 12,
                                  -0.37138724 9.0586491 12,
                                  -1.0925781 8.8808918 12,
                                  -1.7502723 8.5357075 12,
                                  -2.306247 8.0431566 12,
                                  -2.7281909 7.4318652 12,
                                  -2.9915824 6.737359 12,
                                  -3.0811141 6 12,
                                  -2.9915824 5.262641 12,
                                  -2.7281909 4.5681348 12,
                                  -2.306247 3.9568434 12,
                                  -1.7502723 3.464293 12,
                                  -1.0925781 3.1191084 12,
                                  -0.37138724 2.9413507 12,
                                  0.37138724 2.9413507 12,
                                  1.0925781 3.1191084 12,
                                  1.7502723 3.464293 12,
                                  2.306247 3.9568434 12,
                                  2.7281909 4.5681348 12,
                                  2.9915824 5.262641 12,
                                  3.0811141 6 15,
                                  2.9915824 6.737359 15,
                                  2.7281909 7.4318652 15,
                                  2.306247 8.0431566 15,
                                  1.7502723 8.5357075 15,
                                  1.0925781 8.8808918 15,
                                  0.37138724 9.0586491 15,
                                  -0.37138724 9.0586491 15,
                                  -1.0925781 8.8808918 15,
                                  -1.7502723 8.5357075 15,
                                  -2.306247 8.0431566 15,
                                  -2.7281909 7.4318652 15,
                                  -2.9915824 6.737359 15,
                                  -3.0811141 6 15,
                                  -2.9915824 5.262641 15,
                                  -2.7281909 4.5681348 15,
                                  -2.306247 3.9568434 15,
                                  -1.7502723 3.464293 15,
                                  -1.0925781 3.1191084 15,
                                  -0.37138724 2.9413507 15,
                                  0.37138724 2.9413507 15,
                                  1.0925781 3.1191084 15,
                                  1.7502723 3.464293 15,
                                  2.306247 3.9568434 15,
                                  2.7281909 4.5681348 15,
                                  2.9915824 5.262641 15,
                                  3.052134 6 15,
                                  2.9634445 6.7304235 15,
                                  2.7025304 7.4183974 15,
                                  2.2845552 8.0239391 15,
                                  1.7338097 8.511857 15,
                                  1.0823016 8.8537951 15,
                                  0.36789411 9.0298805 15,
                                  -0.36789411 9.0298805 15,
                                  -1.0823016 8.8537951 15,
                                  -1.7338097 8.511857 15,
                                  -2.2845552 8.0239391 15,
                                  -2.7025304 7.4183974 15,
                                  -2.9634445 6.7304235 15,
                                  -3.052134 6 15,
                                  -2.9634445 5.2695765 15,
                                  -2.7025304 4.5816026 15,
                                  -2.2845552 3.9760609 15,
                                  -1.7338097 3.488143 15,
                                  -1.0823016 3.1462052 15,
                                  -0.36789411 2.9701195 15,
                                  0.36789411 2.9701195 15,
                                  1.0823016 3.1462052 15,
                                  1.7338097 3.488143 15,
                                  2.2845552 3.9760609 15,
                                  2.7025304 4.5816026 15,
                                  2.9634445 5.2695765 15,
                                  3.052134 6 15,
                                  3.052134 6 23,
                                  2.9634445 6.7304235 23,
                                  2.7025304 7.4183974 23,
                                  2.2845552 8.0239391 23,
                                  1.7338097 8.511857 23,
                                  1.0823016 8.8537951 23,
                                  0.36789411 9.0298805 23,
                                  -0.36789411 9.0298805 23,
                                  -1.0823016 8.8537951 23,
                                  -1.7338097 8.511857 23,
                                  -2.2845552 8.0239391 23,
                                  -2.7025304 7.4183974 23,
                                  -2.9634445 6.7304235 23,
                                  -3.052134 6 23,
                                  -2.9634445 5.2695765 23,
                                  -2.7025304 4.5816026 23,
                                  -2.2845552 3.9760609 23,
                                  -1.7338097 3.488143 23,
                                  -1.0823016 3.1462052 23,
                                  -0.36789411 2.9701195 23,
                                  0.36789411 2.9701195 23,
                                  1.0823016 3.1462052 23,
                                  1.7338097 3.488143 23,
                                  2.2845552 3.9760609 23,
                                  2.7025304 4.5816026 23,
                                  2.9634445 5.2695765 23,
                                  3.052134 6 23,
                                  3.052134 6 15,
                                  2.9634445 6.7304235 15,
                                  2.7025304 7.4183974 15,
                                  2.2845552 8.0239391 15,
                                  1.7338097 8.511857 15,
                                  1.0823016 8.8537951 15,
                                  0.36789411 9.0298805 15,
                                  -0.36789411 9.0298805 15,
                                  -1.0823016 8.8537951 15,
                                  -1.7338097 8.511857 15,
                                  -2.2845552 8.0239391 15,
                                  -2.7025304 7.4183974 15,
                                  -2.9634445 6.7304235 15,
                                  -3.052134 6 15,
                                  -2.9634445 5.2695765 15,
                                  -2.7025304 4.5816026 15,
                                  -2.2845552 3.9760609 15,
                                  -1.7338097 3.488143 15,
                                  -1.0823016 3.1462052 15,
                                  -0.36789411 2.9701195 15,
                                  0.36789411 2.9701195 15,
                                  1.0823016 3.1462052 15,
                                  1.7338097 3.488143 15,
                                  2.2845552 3.9760609 15,
                                  2.7025304 4.5816026 15,
                                  2.9634445 5.2695765 15,
                                  3.052134 6 23,
                                  2.9634445 6.7304235 23,
                                  2.7025304 7.4183974 23,
                                  2.2845552 8.0239391 23,
                                  1.7338097 8.511857 23,
                                  1.0823016 8.8537951 23,
                                  0.36789411 9.0298805 23,
                                  -0.36789411 9.0298805 23,
                                  -1.0823016 8.8537951 23,
                                  -1.7338097 8.511857 23,
                                  -2.2845552 8.0239391 23,
                                  -2.7025304 7.4183974 23,
                                  -2.9634445 6.7304235 23,
                                  -3.052134 6 23,
                                  -2.9634445 5.2695765 23,
                                  -2.7025304 4.5816026 23,
                                  -2.2845552 3.9760609 23,
                                  -1.7338097 3.488143 23,
                                  -1.0823016 3.1462052 23,
                                  -0.36789411 2.9701195 23,
                                  0.36789411 2.9701195 23,
                                  1.0823016 3.1462052 23,
                                  1.7338097 3.488143 23,
                                  2.2845552 3.9760609 23,
                                  2.7025304 4.5816026 23,
                                  2.9634445 5.2695765 23,
                                  1.75 6 23,
                                  1.6991482 6.4188023 23,
                                  1.549548 6.8132653 23,
                                  1.3098938 7.1604648 23,
                                  0.99411333 7.4402218 23,
                                  0.62055856 7.6362786 23,
                                  0.21093918 7.7372403 23,
                                  -0.21093918 7.7372403 23,
                                  -0.62055856 7.6362786 23,
                                  -0.99411333 7.4402218 23,
                                  -1.3098938 7.1604648 23,
                                  -1.549548 6.8132653 23,
                                  -1.6991482 6.4188023 23,
                                  -1.75 6 23,
                                  -1.6991482 5.5811977 23,
                                  -1.549548 5.1867347 23,
                                  -1.3098938 4.8395352 23,
                                  -0.99411333 4.5597782 23,
                                  -0.62055856 4.3637214 23,
                                  -0.21093918 4.2627597 23,
                                  0.21093918 4.2627597 23,
                                  0.62055856 4.3637214 23,
                                  0.99411333 4.5597782 23,
                                  1.3098938 4.8395352 23,
                                  1.549548 5.1867347 23,
                                  1.6991482 5.5811977 23,
                                  1.75 6 23,
                                  1.75 6 29.5,
                                  1.6991482 6.4188023 29.5,
                                  1.549548 6.8132653 29.5,
                                  1.3098938 7.1604648 29.5,
                                  0.99411333 7.4402218 29.5,
                                  0.62055856 7.6362786 29.5,
                                  0.21093918 7.7372403 29.5,
                                  -0.21093918 7.7372403 29.5,
                                  -0.62055856 7.6362786 29.5,
                                  -0.99411333 7.4402218 29.5,
                                  -1.3098938 7.1604648 29.5,
                                  -1.549548 6.8132653 29.5,
                                  -1.6991482 6.4188023 29.5,
                                  -1.75 6 29.5,
                                  -1.6991482 5.5811977 29.5,
                                  -1.549548 5.1867347 29.5,
                                  -1.3098938 4.8395352 29.5,
                                  -0.99411333 4.5597782 29.5,
                                  -0.62055856 4.3637214 29.5,
                                  -0.21093918 4.2627597 29.5,
                                  0.21093918 4.2627597 29.5,
                                  0.62055856 4.3637214 29.5,
                                  0.99411333 4.5597782 29.5,
                                  1.3098938 4.8395352 29.5,
                                  1.549548 5.1867347 29.5,
                                  1.6991482 5.5811977 29.5,
                                  1.75 6 29.5,
                                  1.75 6 23,
                                  1.6991482 6.4188023 23,
                                  1.549548 6.8132653 23,
                                  1.3098938 7.1604648 23,
                                  0.99411333 7.4402218 23,
                                  0.62055856 7.6362786 23,
                                  0.21093918 7.7372403 23,
                                  -0.21093918 7.7372403 23,
                                  -0.62055856 7.6362786 23,
                                  -0.99411333 7.4402218 23,
                                  -1.3098938 7.1604648 23,
                                  -1.549548 6.8132653 23,
                                  -1.6991482 6.4188023 23,
                                  -1.75 6 23,
                                  -1.6991482 5.5811977 23,
                                  -1.549548 5.1867347 23,
                                  -1.3098938 4.8395352 23,
                                  -0.99411333 4.5597782 23,
                                  -0.62055856 4.3637214 23,
                                  -0.21093918 4.2627597 23,
                                  0.21093918 4.2627597 23,
                                  0.62055856 4.3637214 23,
                                  0.99411333 4.5597782 23,
                                  1.3098938 4.8395352 23,
                                  1.549548 5.1867347 23,
                                  1.6991482 5.5811977 23,
                                  1.75 6 29.5,
                                  1.6991482 6.4188023 29.5,
                                  1.549548 6.8132653 29.5,
                                  1.3098938 7.1604648 29.5,
                                  0.99411333 7.4402218 29.5,
                                  0.62055856 7.6362786 29.5,
                                  0.21093918 7.7372403 29.5,
                                  -0.21093918 7.7372403 29.5,
                                  -0.62055856 7.6362786 29.5,
                                  -0.99411333 7.4402218 29.5,
                                  -1.3098938 7.1604648 29.5,
                                  -1.549548 6.8132653 29.5,
                                  -1.6991482 6.4188023 29.5,
                                  -1.75 6 29.5,
                                  -1.6991482 5.5811977 29.5,
                                  -1.549548 5.1867347 29.5,
                                  -1.3098938 4.8395352 29.5,
                                  -0.99411333 4.5597782 29.5,
                                  -0.62055856 4.3637214 29.5,
                                  -0.21093918 4.2627597 29.5,
                                  0.21093918 4.2627597 29.5,
                                  0.62055856 4.3637214 29.5,
                                  0.99411333 4.5597782 29.5,
                                  1.3098938 4.8395352 29.5,
                                  1.549548 5.1867347 29.5,
                                  1.6991482 5.5811977 29.5,
                                  -5 12 0,
                                  -5 12 4,
                                  5 12 0,
                                  5 12 4,
                                  -5 0 0,
                                  -5 0 4,
                                  5 0 0,
                                  5 0 4,
                                  -4.2169991 0.94126999 0,
                                  3.3356521 10.485075 0,
                                  -5 12 5.5,
                                  5 12 5.5,
                                  -5 0 5.5,
                                  5 0 5.5,
                                  -4.2169991 0.94126999 1,
                                  3.3356521 10.485075 1,
                                  -5 12 10,
                                  5 12 10,
                                  -5 0 10,
                                  5 0 10,
                                  -3.9669991 0.94126999 1.1502151,
                                  3.5856521 10.485075 1.1502151,
                                  -5 12 12,
                                  5 12 12,
                                  -5 0 12,
                                  5 0 12,
                                  3.0811141 6 12,
                                  3.0811141 6 15,
                                  3.052134 6 15,
                                  3.052134 6 23,
                                  1.75 6 23,
                                  1.75 6 29.5 ]

                            }

                          }

                        }

                    },
                      
                    DEF o6 Group {
                      children 
                        DEF o7 Shape {
                          appearance 
                          Appearance {
                            material 
                            Material {
                              diffuseColor 0.098039217 0.098039217 0.098039217
                              shininess 1

                            }

                          }
                          geometry 
                          IndexedLineSet {
                            coord 
                            Coordinate {
                              point [ -5 12 0,
                                  -5 12 4,
                                  5 12 4,
                                  5 12 0,
                                  -5 0 0,
                                  -5 0 4,
                                  -5 12 4,
                                  -5 12 0,
                                  5 12 0,
                                  5 12 4,
                                  5 0 4,
                                  5 0 0,
                                  -5 12 0,
                                  5 12 0,
                                  -5 0 0,
                                  5 0 0,
                                  -4.2169991 0.94126999 0,
                                  -4.2097344 1.0010989 0,
                                  -4.1883631 1.0574508 0,
                                  -4.1541266 1.1070507 0,
                                  -4.109015 1.1470159 0,
                                  -4.0556502 1.175024 0,
                                  -3.9971333 1.1894472 0,
                                  -3.9368649 1.1894472 0,
                                  -3.8783479 1.175024 0,
                                  -3.8249829 1.1470159 0,
                                  -3.7798712 1.1070507 0,
                                  -3.745635 1.0574508 0,
                                  -3.7242634 1.0010989 0,
                                  -3.7169991 0.94126999 0,
                                  -3.7242634 0.88144106 0,
                                  -3.745635 0.82508922 0,
                                  -3.7798712 0.77548933 0,
                                  -3.8249829 0.73552406 0,
                                  -3.8783479 0.70751595 0,
                                  -3.9368649 0.69309276 0,
                                  -3.9971333 0.69309276 0,
                                  -4.0556502 0.70751595 0,
                                  -4.109015 0.73552406 0,
                                  -4.1541266 0.77548933 0,
                                  -4.1883631 0.82508922 0,
                                  -4.2097344 0.88144106 0,
                                  3.3356521 10.485075 0,
                                  3.3429165 10.544904 0,
                                  3.3642881 10.601255 0,
                                  3.3985243 10.650856 0,
                                  3.4436357 10.690821 0,
                                  3.4970007 10.718829 0,
                                  3.5555179 10.733253 0,
                                  3.6157861 10.733253 0,
                                  3.6743033 10.718829 0,
                                  3.7276683 10.690821 0,
                                  3.7727797 10.650856 0,
                                  3.8070159 10.601255 0,
                                  3.8283875 10.544904 0,
                                  3.8356521 10.485075 0,
                                  3.8283875 10.425246 0,
                                  3.8070159 10.368895 0,
                                  3.7727797 10.319294 0,
                                  3.7276683 10.279329 0,
                                  3.6743033 10.251321 0,
                                  3.6157861 10.236897 0,
                                  3.5555179 10.236897 0,
                                  3.4970007 10.251321 0,
                                  3.4436357 10.279329 0,
                                  3.3985243 10.319294 0,
                                  3.3642881 10.368895 0,
                                  3.3429165 10.425246 0,
                                  -5 12 4,
                                  -5 12 5.5,
                                  5 12 5.5,
                                  5 12 4,
                                  5 0 0,
                                  5 0 4,
                                  -5 0 4,
                                  -5 0 0,
                                  -5 0 4,
                                  -5 0 5.5,
                                  -5 12 5.5,
                                  -5 12 4,
                                  5 12 4,
                                  5 12 5.5,
                                  5 0 5.5,
                                  5 0 4,
                                  -4.2169991 0.94126999 0,
                                  -4.2097344 1.0010989 0,
                                  -4.1883631 1.0574508 0,
                                  -4.1541266 1.1070507 0,
                                  -4.109015 1.1470159 0,
                                  -4.0556502 1.175024 0,
                                  -3.9971333 1.1894472 0,
                                  -3.9368649 1.1894472 0,
                                  -3.8783479 1.175024 0,
                                  -3.8249829 1.1470159 0,
                                  -3.7798712 1.1070507 0,
                                  -3.745635 1.0574508 0,
                                  -3.7242634 1.0010989 0,
                                  -3.7169991 0.94126999 0,
                                  -3.7242634 0.88144106 0,
                                  -3.745635 0.82508922 0,
                                  -3.7798712 0.77548933 0,
                                  -3.8249829 0.73552406 0,
                                  -3.8783479 0.70751595 0,
                                  -3.9368649 0.69309276 0,
                                  -3.9971333 0.69309276 0,
                                  -4.0556502 0.70751595 0,
                                  -4.109015 0.73552406 0,
                                  -4.1541266 0.77548933 0,
                                  -4.1883631 0.82508922 0,
                                  -4.2097344 0.88144106 0,
                                  -4.2169991 0.94126999 0,
                                  -4.2169991 0.94126999 1,
                                  -4.2169991 0.94126999 1,
                                  -4.2097344 1.0010989 1,
                                  -4.1883631 1.0574508 1,
                                  -4.1541266 1.1070507 1,
                                  -4.109015 1.1470159 1,
                                  -4.0556502 1.175024 1,
                                  -3.9971333 1.1894472 1,
                                  -3.9368649 1.1894472 1,
                                  -3.8783479 1.175024 1,
                                  -3.8249829 1.1470159 1,
                                  -3.7798712 1.1070507 1,
                                  -3.745635 1.0574508 1,
                                  -3.7242634 1.0010989 1,
                                  -3.7169991 0.94126999 1,
                                  -3.7242634 0.88144106 1,
                                  -3.745635 0.82508922 1,
                                  -3.7798712 0.77548933 1,
                                  -3.8249829 0.73552406 1,
                                  -3.8783479 0.70751595 1,
                                  -3.9368649 0.69309276 1,
                                  -3.9971333 0.69309276 1,
                                  -4.0556502 0.70751595 1,
                                  -4.109015 0.73552406 1,
                                  -4.1541266 0.77548933 1,
                                  -4.1883631 0.82508922 1,
                                  -4.2097344 0.88144106 1,
                                  3.3356521 10.485075 0,
                                  3.3429165 10.544904 0,
                                  3.3642881 10.601255 0,
                                  3.3985243 10.650856 0,
                                  3.4436357 10.690821 0,
                                  3.4970007 10.718829 0,
                                  3.5555179 10.733253 0,
                                  3.6157861 10.733253 0,
                                  3.6743033 10.718829 0,
                                  3.7276683 10.690821 0,
                                  3.7727797 10.650856 0,
                                  3.8070159 10.601255 0,
                                  3.8283875 10.544904 0,
                                  3.8356521 10.485075 0,
                                  3.8283875 10.425246 0,
                                  3.8070159 10.368895 0,
                                  3.7727797 10.319294 0,
                                  3.7276683 10.279329 0,
                                  3.6743033 10.251321 0,
                                  3.6157861 10.236897 0,
                                  3.5555179 10.236897 0,
                                  3.4970007 10.251321 0,
                                  3.4436357 10.279329 0,
                                  3.3985243 10.319294 0,
                                  3.3642881 10.368895 0,
                                  3.3429165 10.425246 0,
                                  3.3356521 10.485075 0,
                                  3.3356521 10.485075 1,
                                  3.3356521 10.485075 1,
                                  3.3429165 10.544904 1,
                                  3.3642881 10.601255 1,
                                  3.3985243 10.650856 1,
                                  3.4436357 10.690821 1,
                                  3.4970007 10.718829 1,
                                  3.5555179 10.733253 1,
                                  3.6157861 10.733253 1,
                                  3.6743033 10.718829 1,
                                  3.7276683 10.690821 1,
                                  3.7727797 10.650856 1,
                                  3.8070159 10.601255 1,
                                  3.8283875 10.544904 1,
                                  3.8356521 10.485075 1,
                                  3.8283875 10.425246 1,
                                  3.8070159 10.368895 1,
                                  3.7727797 10.319294 1,
                                  3.7276683 10.279329 1,
                                  3.6743033 10.251321 1,
                                  3.6157861 10.236897 1,
                                  3.5555179 10.236897 1,
                                  3.4970007 10.251321 1,
                                  3.4436357 10.279329 1,
                                  3.3985243 10.319294 1,
                                  3.3642881 10.368895 1,
                                  3.3429165 10.425246 1,
                                  -5 12 5.5,
                                  -5 12 10,
                                  5 12 10,
                                  5 12 5.5,
                                  5 0 4,
                                  5 0 5.5,
                                  -5 0 5.5,
                                  -5 0 4,
                                  -5 0 5.5,
                                  -5 0 10,
                                  -5 12 10,
                                  -5 12 5.5,
                                  5 12 5.5,
                                  5 12 10,
                                  5 0 10,
                                  5 0 5.5,
                                  -4.2169991 0.94126999 1,
                                  -4.2097344 1.0010989 1,
                                  -4.1883631 1.0574508 1,
                                  -4.1541266 1.1070507 1,
                                  -4.109015 1.1470159 1,
                                  -4.0556502 1.175024 1,
                                  -3.9971333 1.1894472 1,
                                  -3.9368649 1.1894472 1,
                                  -3.8783479 1.175024 1,
                                  -3.8249829 1.1470159 1,
                                  -3.7798712 1.1070507 1,
                                  -3.745635 1.0574508 1,
                                  -3.7242634 1.0010989 1,
                                  -3.7169991 0.94126999 1,
                                  -3.7242634 0.88144106 1,
                                  -3.745635 0.82508922 1,
                                  -3.7798712 0.77548933 1,
                                  -3.8249829 0.73552406 1,
                                  -3.8783479 0.70751595 1,
                                  -3.9368649 0.69309276 1,
                                  -3.9971333 0.69309276 1,
                                  -4.0556502 0.70751595 1,
                                  -4.109015 0.73552406 1,
                                  -4.1541266 0.77548933 1,
                                  -4.1883631 0.82508922 1,
                                  -4.2097344 0.88144106 1,
                                  -4.2169991 0.94126999 1,
                                  -4.1336656 0.94126999 1.0500717,
                                  -4.0503325 0.94126999 1.1001434,
                                  -3.9669991 0.94126999 1.1502151,
                                  -3.9669991 0.94126999 1.1502151,
                                  -4.1336656 0.94126999 1.0500717,
                                  -4.0503325 0.94126999 1.1001434,
                                  -4.1145749 1.0187238 1.0500717,
                                  -4.0616765 1.078434 1.0500717,
                                  -4.0407872 0.97999692 1.1001434,
                                  -3.9870884 1.1067215 1.0500717,
                                  -4.0143375 1.0098519 1.1001434,
                                  -3.9078982 1.0971061 1.0500717,
                                  -3.9770436 1.0239958 1.1001434,
                                  -3.8422472 1.0517905 1.0500717,
                                  -3.9374485 1.019188 1.1001434,
                                  -3.8051753 0.98115593 1.0500717,
                                  -3.904623 0.99653023 1.1001434,
                                  -3.8051753 0.90138406 1.0500717,
                                  -3.8860872 0.96121299 1.1001434,
                                  -3.8422472 0.83074957 1.0500717,
                                  -3.8860872 0.92132705 1.1001434,
                                  -3.9078982 0.78543395 1.0500717,
                                  -3.904623 0.88600975 1.1001434,
                                  -3.9870884 0.77581853 1.0500717,
                                  -3.9374485 0.863352 1.1001434,
                                  -4.0616765 0.804106 1.0500717,
                                  -3.9770436 0.85854429 1.1001434,
                                  -4.1145749 0.86381614 1.0500717,
                                  -4.0143375 0.872688 1.1001434,
                                  -4.0407872 0.90254307 1.1001434,
                                  3.3356521 10.485075 1,
                                  3.3429165 10.544904 1,
                                  3.3642881 10.601255 1,
                                  3.3985243 10.650856 1,
                                  3.4436357 10.690821 1,
                                  3.4970007 10.718829 1,
                                  3.5555179 10.733253 1,
                                  3.6157861 10.733253 1,
                                  3.6743033 10.718829 1,
                                  3.7276683 10.690821 1,
                                  3.7727797 10.650856 1,
                                  3.8070159 10.601255 1,
                                  3.8283875 10.544904 1,
                                  3.8356521 10.485075 1,
                                  3.8283875 10.425246 1,
                                  3.8070159 10.368895 1,
                                  3.7727797 10.319294 1,
                                  3.7276683 10.279329 1,
                                  3.6743033 10.251321 1,
                                  3.6157861 10.236897 1,
                                  3.5555179 10.236897 1,
                                  3.4970007 10.251321 1,
                                  3.4436357 10.279329 1,
                                  3.3985243 10.319294 1,
                                  3.3642881 10.368895 1,
                                  3.3429165 10.425246 1,
                                  3.3356521 10.485075 1,
                                  3.4189854 10.485075 1.0500717,
                                  3.5023186 10.485075 1.1001434,
                                  3.5856521 10.485075 1.1502151,
                                  3.5856521 10.485075 1.1502151,
                                  3.4189854 10.485075 1.0500717,
                                  3.5023186 10.485075 1.1001434,
                                  3.438076 10.562529 1.0500717,
                                  3.4909744 10.622239 1.0500717,
                                  3.5118639 10.523802 1.1001434,
                                  3.5655625 10.650526 1.0500717,
                                  3.5383134 10.553657 1.1001434,
                                  3.6447527 10.640911 1.0500717,
                                  3.5756073 10.567801 1.1001434,
                                  3.7104037 10.595595 1.0500717,
                                  3.6152024 10.562993 1.1001434,
                                  3.7474756 10.524961 1.0500717,
                                  3.6480279 10.540336 1.1001434,
                                  3.7474756 10.445189 1.0500717,
                                  3.6665637 10.505018 1.1001434,
                                  3.7104037 10.374555 1.0500717,
                                  3.6665637 10.465132 1.1001434,
                                  3.6447527 10.329239 1.0500717,
                                  3.6480279 10.429814 1.1001434,
                                  3.5655625 10.319624 1.0500717,
                                  3.6152024 10.407157 1.1001434,
                                  3.4909744 10.347911 1.0500717,
                                  3.5756073 10.402349 1.1001434,
                                  3.438076 10.407621 1.0500717,
                                  3.5383134 10.416493 1.1001434,
                                  3.5118639 10.446348 1.1001434,
                                  -5 12 10,
                                  -5 12 12,
                                  5 12 12,
                                  5 12 10,
                                  5 0 5.5,
                                  5 0 10,
                                  -5 0 10,
                                  -5 0 5.5,
                                  -5 0 10,
                                  -5 0 12,
                                  -5 12 12,
                                  -5 12 10,
                                  5 12 10,
                                  5 12 12,
                                  5 0 12,
                                  5 0 10,
                                  -5 12 12,
                                  5 12 12,
                                  -5 0 12,
                                  5 0 12,
                                  3.0811141 6 12,
                                  2.9915824 6.737359 12,
                                  2.7281909 7.4318652 12,
                                  2.306247 8.0431566 12,
                                  1.7502723 8.5357075 12,
                                  1.0925781 8.8808918 12,
                                  0.37138724 9.0586491 12,
                                  -0.37138724 9.0586491 12,
                                  -1.0925781 8.8808918 12,
                                  -1.7502723 8.5357075 12,
                                  -2.306247 8.0431566 12,
                                  -2.7281909 7.4318652 12,
                                  -2.9915824 6.737359 12,
                                  -3.0811141 6 12,
                                  -2.9915824 5.262641 12,
                                  -2.7281909 4.5681348 12,
                                  -2.306247 3.9568434 12,
                                  -1.7502723 3.464293 12,
                                  -1.0925781 3.1191084 12,
                                  -0.37138724 2.9413507 12,
                                  0.37138724 2.9413507 12,
                                  1.0925781 3.1191084 12,
                                  1.7502723 3.464293 12,
                                  2.306247 3.9568434 12,
                                  2.7281909 4.5681348 12,
                                  2.9915824 5.262641 12,
                                  5 0 10,
                                  5 0 12,
                                  -5 0 12,
                                  -5 0 10,
                                  3.0811141 6 12,
                                  3.0811141 6 15,
                                  2.9915824 6.737359 15,
                                  2.7281909 7.4318652 15,
                                  2.306247 8.0431566 15,
                                  1.7502723 8.5357075 15,
                                  1.0925781 8.8808918 15,
                                  0.37138724 9.0586491 15,
                                  -0.37138724 9.0586491 15,
                                  -1.0925781 8.8808918 15,
                                  -1.7502723 8.5357075 15,
                                  -2.306247 8.0431566 15,
                                  -2.7281909 7.4318652 15,
                                  -2.9915824 6.737359 15,
                                  -3.0811141 6 15,
                                  -2.9915824 5.262641 15,
                                  -2.7281909 4.5681348 15,
                                  -2.306247 3.9568434 15,
                                  -1.7502723 3.464293 15,
                                  -1.0925781 3.1191084 15,
                                  -0.37138724 2.9413507 15,
                                  0.37138724 2.9413507 15,
                                  1.0925781 3.1191084 15,
                                  1.7502723 3.464293 15,
                                  2.306247 3.9568434 15,
                                  2.7281909 4.5681348 15,
                                  2.9915824 5.262641 15,
                                  3.0811141 6 15,
                                  3.0811141 6 12,
                                  2.9915824 6.737359 12,
                                  2.7281909 7.4318652 12,
                                  2.306247 8.0431566 12,
                                  1.7502723 8.5357075 12,
                                  1.0925781 8.8808918 12,
                                  0.37138724 9.0586491 12,
                                  -0.37138724 9.0586491 12,
                                  -1.0925781 8.8808918 12,
                                  -1.7502723 8.5357075 12,
                                  -2.306247 8.0431566 12,
                                  -2.7281909 7.4318652 12,
                                  -2.9915824 6.737359 12,
                                  -3.0811141 6 12,
                                  -2.9915824 5.262641 12,
                                  -2.7281909 4.5681348 12,
                                  -2.306247 3.9568434 12,
                                  -1.7502723 3.464293 12,
                                  -1.0925781 3.1191084 12,
                                  -0.37138724 2.9413507 12,
                                  0.37138724 2.9413507 12,
                                  1.0925781 3.1191084 12,
                                  1.7502723 3.464293 12,
                                  2.306247 3.9568434 12,
                                  2.7281909 4.5681348 12,
                                  2.9915824 5.262641 12,
                                  3.0811141 6 15,
                                  2.9915824 6.737359 15,
                                  2.7281909 7.4318652 15,
                                  2.306247 8.0431566 15,
                                  1.7502723 8.5357075 15,
                                  1.0925781 8.8808918 15,
                                  0.37138724 9.0586491 15,
                                  -0.37138724 9.0586491 15,
                                  -1.0925781 8.8808918 15,
                                  -1.7502723 8.5357075 15,
                                  -2.306247 8.0431566 15,
                                  -2.7281909 7.4318652 15,
                                  -2.9915824 6.737359 15,
                                  -3.0811141 6 15,
                                  -2.9915824 5.262641 15,
                                  -2.7281909 4.5681348 15,
                                  -2.306247 3.9568434 15,
                                  -1.7502723 3.464293 15,
                                  -1.0925781 3.1191084 15,
                                  -0.37138724 2.9413507 15,
                                  0.37138724 2.9413507 15,
                                  1.0925781 3.1191084 15,
                                  1.7502723 3.464293 15,
                                  2.306247 3.9568434 15,
                                  2.7281909 4.5681348 15,
                                  2.9915824 5.262641 15,
                                  3.052134 6 15,
                                  2.9634445 6.7304235 15,
                                  2.7025304 7.4183974 15,
                                  2.2845552 8.0239391 15,
                                  1.7338097 8.511857 15,
                                  1.0823016 8.8537951 15,
                                  0.36789411 9.0298805 15,
                                  -0.36789411 9.0298805 15,
                                  -1.0823016 8.8537951 15,
                                  -1.7338097 8.511857 15,
                                  -2.2845552 8.0239391 15,
                                  -2.7025304 7.4183974 15,
                                  -2.9634445 6.7304235 15,
                                  -3.052134 6 15,
                                  -2.9634445 5.2695765 15,
                                  -2.7025304 4.5816026 15,
                                  -2.2845552 3.9760609 15,
                                  -1.7338097 3.488143 15,
                                  -1.0823016 3.1462052 15,
                                  -0.36789411 2.9701195 15,
                                  0.36789411 2.9701195 15,
                                  1.0823016 3.1462052 15,
                                  1.7338097 3.488143 15,
                                  2.2845552 3.9760609 15,
                                  2.7025304 4.5816026 15,
                                  2.9634445 5.2695765 15,
                                  3.052134 6 15,
                                  3.052134 6 23,
                                  2.9634445 6.7304235 23,
                                  2.7025304 7.4183974 23,
                                  2.2845552 8.0239391 23,
                                  1.7338097 8.511857 23,
                                  1.0823016 8.8537951 23,
                                  0.36789411 9.0298805 23,
                                  -0.36789411 9.0298805 23,
                                  -1.0823016 8.8537951 23,
                                  -1.7338097 8.511857 23,
                                  -2.2845552 8.0239391 23,
                                  -2.7025304 7.4183974 23,
                                  -2.9634445 6.7304235 23,
                                  -3.052134 6 23,
                                  -2.9634445 5.2695765 23,
                                  -2.7025304 4.5816026 23,
                                  -2.2845552 3.9760609 23,
                                  -1.7338097 3.488143 23,
                                  -1.0823016 3.1462052 23,
                                  -0.36789411 2.9701195 23,
                                  0.36789411 2.9701195 23,
                                  1.0823016 3.1462052 23,
                                  1.7338097 3.488143 23,
                                  2.2845552 3.9760609 23,
                                  2.7025304 4.5816026 23,
                                  2.9634445 5.2695765 23,
                                  3.052134 6 23,
                                  3.052134 6 15,
                                  2.9634445 6.7304235 15,
                                  2.7025304 7.4183974 15,
                                  2.2845552 8.0239391 15,
                                  1.7338097 8.511857 15,
                                  1.0823016 8.8537951 15,
                                  0.36789411 9.0298805 15,
                                  -0.36789411 9.0298805 15,
                                  -1.0823016 8.8537951 15,
                                  -1.7338097 8.511857 15,
                                  -2.2845552 8.0239391 15,
                                  -2.7025304 7.4183974 15,
                                  -2.9634445 6.7304235 15,
                                  -3.052134 6 15,
                                  -2.9634445 5.2695765 15,
                                  -2.7025304 4.5816026 15,
                                  -2.2845552 3.9760609 15,
                                  -1.7338097 3.488143 15,
                                  -1.0823016 3.1462052 15,
                                  -0.36789411 2.9701195 15,
                                  0.36789411 2.9701195 15,
                                  1.0823016 3.1462052 15,
                                  1.7338097 3.488143 15,
                                  2.2845552 3.9760609 15,
                                  2.7025304 4.5816026 15,
                                  2.9634445 5.2695765 15,
                                  3.052134 6 23,
                                  2.9634445 6.7304235 23,
                                  2.7025304 7.4183974 23,
                                  2.2845552 8.0239391 23,
                                  1.7338097 8.511857 23,
                                  1.0823016 8.8537951 23,
                                  0.36789411 9.0298805 23,
                                  -0.36789411 9.0298805 23,
                                  -1.0823016 8.8537951 23,
                                  -1.7338097 8.511857 23,
                                  -2.2845552 8.0239391 23,
                                  -2.7025304 7.4183974 23,
                                  -2.9634445 6.7304235 23,
                                  -3.052134 6 23,
                                  -2.9634445 5.2695765 23,
                                  -2.7025304 4.5816026 23,
                                  -2.2845552 3.9760609 23,
                                  -1.7338097 3.488143 23,
                                  -1.0823016 3.1462052 23,
                                  -0.36789411 2.9701195 23,
                                  0.36789411 2.9701195 23,
                                  1.0823016 3.1462052 23,
                                  1.7338097 3.488143 23,
                                  2.2845552 3.9760609 23,
                                  2.7025304 4.5816026 23,
                                  2.9634445 5.2695765 23,
                                  1.75 6 23,
                                  1.6991482 6.4188023 23,
                                  1.549548 6.8132653 23,
                                  1.3098938 7.1604648 23,
                                  0.99411333 7.4402218 23,
                                  0.62055856 7.6362786 23,
                                  0.21093918 7.7372403 23,
                                  -0.21093918 7.7372403 23,
                                  -0.62055856 7.6362786 23,
                                  -0.99411333 7.4402218 23,
                                  -1.3098938 7.1604648 23,
                                  -1.549548 6.8132653 23,
                                  -1.6991482 6.4188023 23,
                                  -1.75 6 23,
                                  -1.6991482 5.5811977 23,
                                  -1.549548 5.1867347 23,
                                  -1.3098938 4.8395352 23,
                                  -0.99411333 4.5597782 23,
                                  -0.62055856 4.3637214 23,
                                  -0.21093918 4.2627597 23,
                                  0.21093918 4.2627597 23,
                                  0.62055856 4.3637214 23,
                                  0.99411333 4.5597782 23,
                                  1.3098938 4.8395352 23,
                                  1.549548 5.1867347 23,
                                  1.6991482 5.5811977 23,
                                  1.75 6 23,
                                  1.75 6 29.5,
                                  1.6991482 6.4188023 29.5,
                                  1.549548 6.8132653 29.5,
                                  1.3098938 7.1604648 29.5,
                                  0.99411333 7.4402218 29.5,
                                  0.62055856 7.6362786 29.5,
                                  0.21093918 7.7372403 29.5,
                                  -0.21093918 7.7372403 29.5,
                                  -0.62055856 7.6362786 29.5,
                                  -0.99411333 7.4402218 29.5,
                                  -1.3098938 7.1604648 29.5,
                                  -1.549548 6.8132653 29.5,
                                  -1.6991482 6.4188023 29.5,
                                  -1.75 6 29.5,
                                  -1.6991482 5.5811977 29.5,
                                  -1.549548 5.1867347 29.5,
                                  -1.3098938 4.8395352 29.5,
                                  -0.99411333 4.5597782 29.5,
                                  -0.62055856 4.3637214 29.5,
                                  -0.21093918 4.2627597 29.5,
                                  0.21093918 4.2627597 29.5,
                                  0.62055856 4.3637214 29.5,
                                  0.99411333 4.5597782 29.5,
                                  1.3098938 4.8395352 29.5,
                                  1.549548 5.1867347 29.5,
                                  1.6991482 5.5811977 29.5,
                                  1.75 6 29.5,
                                  1.75 6 23,
                                  1.6991482 6.4188023 23,
                                  1.549548 6.8132653 23,
                                  1.3098938 7.1604648 23,
                                  0.99411333 7.4402218 23,
                                  0.62055856 7.6362786 23,
                                  0.21093918 7.7372403 23,
                                  -0.21093918 7.7372403 23,
                                  -0.62055856 7.6362786 23,
                                  -0.99411333 7.4402218 23,
                                  -1.3098938 7.1604648 23,
                                  -1.549548 6.8132653 23,
                                  -1.6991482 6.4188023 23,
                                  -1.75 6 23,
                                  -1.6991482 5.5811977 23,
                                  -1.549548 5.1867347 23,
                                  -1.3098938 4.8395352 23,
                                  -0.99411333 4.5597782 23,
                                  -0.62055856 4.3637214 23,
                                  -0.21093918 4.2627597 23,
                                  0.21093918 4.2627597 23,
                                  0.62055856 4.3637214 23,
                                  0.99411333 4.5597782 23,
                                  1.3098938 4.8395352 23,
                                  1.549548 5.1867347 23,
                                  1.6991482 5.5811977 23,
                                  1.75 6 29.5,
                                  1.6991482 6.4188023 29.5,
                                  1.549548 6.8132653 29.5,
                                  1.3098938 7.1604648 29.5,
                                  0.99411333 7.4402218 29.5,
                                  0.62055856 7.6362786 29.5,
                                  0.21093918 7.7372403 29.5,
                                  -0.21093918 7.7372403 29.5,
                                  -0.62055856 7.6362786 29.5,
                                  -0.99411333 7.4402218 29.5,
                                  -1.3098938 7.1604648 29.5,
                                  -1.549548 6.8132653 29.5,
                                  -1.6991482 6.4188023 29.5,
                                  -1.75 6 29.5,
                                  -1.6991482 5.5811977 29.5,
                                  -1.549548 5.1867347 29.5,
                                  -1.3098938 4.8395352 29.5,
                                  -0.99411333 4.5597782 29.5,
                                  -0.62055856 4.3637214 29.5,
                                  -0.21093918 4.2627597 29.5,
                                  0.21093918 4.2627597 29.5,
                                  0.62055856 4.3637214 29.5,
                                  0.99411333 4.5597782 29.5,
                                  1.3098938 4.8395352 29.5,
                                  1.549548 5.1867347 29.5,
                                  1.6991482 5.5811977 29.5,
                                  -5 12 0,
                                  -5 12 4,
                                  5 12 0,
                                  5 12 4,
                                  -5 0 0,
                                  -5 0 4,
                                  5 0 0,
                                  5 0 4,
                                  -4.2169991 0.94126999 0,
                                  3.3356521 10.485075 0,
                                  -5 12 5.5,
                                  5 12 5.5,
                                  -5 0 5.5,
                                  5 0 5.5,
                                  -4.2169991 0.94126999 1,
                                  3.3356521 10.485075 1,
                                  -5 12 10,
                                  5 12 10,
                                  -5 0 10,
                                  5 0 10,
                                  -3.9669991 0.94126999 1.1502151,
                                  3.5856521 10.485075 1.1502151,
                                  -5 12 12,
                                  5 12 12,
                                  -5 0 12,
                                  5 0 12,
                                  3.0811141 6 12,
                                  3.0811141 6 15,
                                  3.052134 6 15,
                                  3.052134 6 23,
                                  1.75 6 23,
                                  1.75 6 29.5 ]

                            }
                            coordIndex [ 0, 1, -1, 3, 2, -1, 0, 3,
                                -1, 1, 2, -1, 4, 5, -1, 4,
                                7, -1, 5, 6, -1, 11, 10, -1,
                                8, 11, -1, 9, 10, -1, 15, 14,
                                -1, 16, 17, 18, 19, 20, 21, 22,
                                23, 24, 25, 26, 27, 28, 29, 30,
                                31, 32, 33, 34, 35, 36, 37, 38,
                                39, 40, 41, 16, -1, 42, 43, 44,
                                45, 46, 47, 48, 49, 50, 51, 52,
                                53, 54, 55, 56, 57, 58, 59, 60,
                                61, 62, 63, 64, 65, 66, 67, 42,
                                -1, 68, 69, -1, 71, 70, -1, 69,
                                70, -1, 73, 74, -1, 76, 77, -1,
                                77, 78, -1, 83, 82, -1, 81, 82,
                                -1, 112, 113, 114, 115, 116, 117, 118,
                                119, 120, 121, 122, 123, 124, 125, 126,
                                127, 128, 129, 130, 131, 132, 133, 134,
                                135, 136, 137, 111, -1, 84, 112, -1,
                                166, 167, 168, 169, 170, 171, 172, 173,
                                174, 175, 176, 177, 178, 179, 180, 181,
                                182, 183, 184, 185, 186, 187, 188, 189,
                                190, 191, 165, -1, 138, 166, -1, 192,
                                193, -1, 195, 194, -1, 193, 194, -1,
                                197, 198, -1, 200, 201, -1, 201, 202,
                                -1, 207, 206, -1, 205, 206, -1, 238,
                                237, -1, 208, 239, 240, 238, -1, 295,
                                294, -1, 265, 296, 297, 295, -1, 322,
                                323, -1, 325, 324, -1, 323, 324, -1,
                                327, 328, -1, 330, 331, -1, 331, 332,
                                -1, 337, 336, -1, 335, 336, -1, 341,
                                340, -1, 342, 343, 344, 345, 346, 347,
                                348, 349, 350, 351, 352, 353, 354, 355,
                                356, 357, 358, 359, 360, 361, 362, 363,
                                364, 365, 366, 367, 342, -1, 400, 399,
                                -1, 373, 374, 375, 376, 377, 378, 379,
                                380, 381, 382, 383, 384, 385, 386, 387,
                                388, 389, 390, 391, 392, 393, 394, 395,
                                396, 397, 398, 399, -1, 452, 453, 454,
                                455, 456, 457, 458, 459, 460, 461, 462,
                                463, 464, 465, 466, 467, 468, 469, 470,
                                471, 472, 473, 474, 475, 476, 477, 452,
                                -1, 506, 505, -1, 479, 480, 481, 482,
                                483, 484, 485, 486, 487, 488, 489, 490,
                                491, 492, 493, 494, 495, 496, 497, 498,
                                499, 500, 501, 502, 503, 504, 505, -1,
                                558, 559, 560, 561, 562, 563, 564, 565,
                                566, 567, 568, 569, 570, 571, 572, 573,
                                574, 575, 576, 577, 578, 579, 580, 581,
                                582, 583, 558, -1, 612, 611, -1, 585,
                                586, 587, 588, 589, 590, 591, 592, 593,
                                594, 595, 596, 597, 598, 599, 600, 601,
                                602, 603, 604, 605, 606, 607, 608, 609,
                                610, 611, -1 ]

                          }

                        }

                    },
                      
                    DEF o8 Group {
                      children 
                        DEF o9 Shape {
                          appearance 
                          Appearance {
                            material 
                            Material {
                              diffuseColor 0 0.66666669 0

                            }

                          }
                          geometry 
                          IndexedFaceSet {
                            coord 
                            Coordinate {
                              point [ -5 12 0,
                                  -5 12 4,
                                  5 12 4,
                                  5 12 0,
                                  -5 0 0,
                                  -5 0 4,
                                  -5 12 4,
                                  -5 12 0,
                                  5 12 0,
                                  5 12 4,
                                  5 0 4,
                                  5 0 0,
                                  -5 12 0,
                                  5 12 0,
                                  -5 0 0,
                                  5 0 0,
                                  -4.2169991 0.94126999 0,
                                  -4.2097344 1.0010989 0,
                                  -4.1883631 1.0574508 0,
                                  -4.1541266 1.1070507 0,
                                  -4.109015 1.1470159 0,
                                  -4.0556502 1.175024 0,
                                  -3.9971333 1.1894472 0,
                                  -3.9368649 1.1894472 0,
                                  -3.8783479 1.175024 0,
                                  -3.8249829 1.1470159 0,
                                  -3.7798712 1.1070507 0,
                                  -3.745635 1.0574508 0,
                                  -3.7242634 1.0010989 0,
                                  -3.7169991 0.94126999 0,
                                  -3.7242634 0.88144106 0,
                                  -3.745635 0.82508922 0,
                                  -3.7798712 0.77548933 0,
                                  -3.8249829 0.73552406 0,
                                  -3.8783479 0.70751595 0,
                                  -3.9368649 0.69309276 0,
                                  -3.9971333 0.69309276 0,
                                  -4.0556502 0.70751595 0,
                                  -4.109015 0.73552406 0,
                                  -4.1541266 0.77548933 0,
                                  -4.1883631 0.82508922 0,
                                  -4.2097344 0.88144106 0,
                                  3.3356521 10.485075 0,
                                  3.3429165 10.544904 0,
                                  3.3642881 10.601255 0,
                                  3.3985243 10.650856 0,
                                  3.4436357 10.690821 0,
                                  3.4970007 10.718829 0,
                                  3.5555179 10.733253 0,
                                  3.6157861 10.733253 0,
                                  3.6743033 10.718829 0,
                                  3.7276683 10.690821 0,
                                  3.7727797 10.650856 0,
                                  3.8070159 10.601255 0,
                                  3.8283875 10.544904 0,
                                  3.8356521 10.485075 0,
                                  3.8283875 10.425246 0,
                                  3.8070159 10.368895 0,
                                  3.7727797 10.319294 0,
                                  3.7276683 10.279329 0,
                                  3.6743033 10.251321 0,
                                  3.6157861 10.236897 0,
                                  3.5555179 10.236897 0,
                                  3.4970007 10.251321 0,
                                  3.4436357 10.279329 0,
                                  3.3985243 10.319294 0,
                                  3.3642881 10.368895 0,
                                  3.3429165 10.425246 0,
                                  -5 12 4,
                                  -5 12 5.5,
                                  5 12 5.5,
                                  5 12 4,
                                  5 0 0,
                                  5 0 4,
                                  -5 0 4,
                                  -5 0 0,
                                  -5 0 4,
                                  -5 0 5.5,
                                  -5 12 5.5,
                                  -5 12 4,
                                  5 12 4,
                                  5 12 5.5,
                                  5 0 5.5,
                                  5 0 4,
                                  -4.2169991 0.94126999 0,
                                  -4.2097344 1.0010989 0,
                                  -4.1883631 1.0574508 0,
                                  -4.1541266 1.1070507 0,
                                  -4.109015 1.1470159 0,
                                  -4.0556502 1.175024 0,
                                  -3.9971333 1.1894472 0,
                                  -3.9368649 1.1894472 0,
                                  -3.8783479 1.175024 0,
                                  -3.8249829 1.1470159 0,
                                  -3.7798712 1.1070507 0,
                                  -3.745635 1.0574508 0,
                                  -3.7242634 1.0010989 0,
                                  -3.7169991 0.94126999 0,
                                  -3.7242634 0.88144106 0,
                                  -3.745635 0.82508922 0,
                                  -3.7798712 0.77548933 0,
                                  -3.8249829 0.73552406 0,
                                  -3.8783479 0.70751595 0,
                                  -3.9368649 0.69309276 0,
                                  -3.9971333 0.69309276 0,
                                  -4.0556502 0.70751595 0,
                                  -4.109015 0.73552406 0,
                                  -4.1541266 0.77548933 0,
                                  -4.1883631 0.82508922 0,
                                  -4.2097344 0.88144106 0,
                                  -4.2169991 0.94126999 0,
                                  -4.2169991 0.94126999 1,
                                  -4.2169991 0.94126999 1,
                                  -4.2097344 1.0010989 1,
                                  -4.1883631 1.0574508 1,
                                  -4.1541266 1.1070507 1,
                                  -4.109015 1.1470159 1,
                                  -4.0556502 1.175024 1,
                                  -3.9971333 1.1894472 1,
                                  -3.9368649 1.1894472 1,
                                  -3.8783479 1.175024 1,
                                  -3.8249829 1.1470159 1,
                                  -3.7798712 1.1070507 1,
                                  -3.745635 1.0574508 1,
                                  -3.7242634 1.0010989 1,
                                  -3.7169991 0.94126999 1,
                                  -3.7242634 0.88144106 1,
                                  -3.745635 0.82508922 1,
                                  -3.7798712 0.77548933 1,
                                  -3.8249829 0.73552406 1,
                                  -3.8783479 0.70751595 1,
                                  -3.9368649 0.69309276 1,
                                  -3.9971333 0.69309276 1,
                                  -4.0556502 0.70751595 1,
                                  -4.109015 0.73552406 1,
                                  -4.1541266 0.77548933 1,
                                  -4.1883631 0.82508922 1,
                                  -4.2097344 0.88144106 1,
                                  3.3356521 10.485075 0,
                                  3.3429165 10.544904 0,
                                  3.3642881 10.601255 0,
                                  3.3985243 10.650856 0,
                                  3.4436357 10.690821 0,
                                  3.4970007 10.718829 0,
                                  3.5555179 10.733253 0,
                                  3.6157861 10.733253 0,
                                  3.6743033 10.718829 0,
                                  3.7276683 10.690821 0,
                                  3.7727797 10.650856 0,
                                  3.8070159 10.601255 0,
                                  3.8283875 10.544904 0,
                                  3.8356521 10.485075 0,
                                  3.8283875 10.425246 0,
                                  3.8070159 10.368895 0,
                                  3.7727797 10.319294 0,
                                  3.7276683 10.279329 0,
                                  3.6743033 10.251321 0,
                                  3.6157861 10.236897 0,
                                  3.5555179 10.236897 0,
                                  3.4970007 10.251321 0,
                                  3.4436357 10.279329 0,
                                  3.3985243 10.319294 0,
                                  3.3642881 10.368895 0,
                                  3.3429165 10.425246 0,
                                  3.3356521 10.485075 0,
                                  3.3356521 10.485075 1,
                                  3.3356521 10.485075 1,
                                  3.3429165 10.544904 1,
                                  3.3642881 10.601255 1,
                                  3.3985243 10.650856 1,
                                  3.4436357 10.690821 1,
                                  3.4970007 10.718829 1,
                                  3.5555179 10.733253 1,
                                  3.6157861 10.733253 1,
                                  3.6743033 10.718829 1,
                                  3.7276683 10.690821 1,
                                  3.7727797 10.650856 1,
                                  3.8070159 10.601255 1,
                                  3.8283875 10.544904 1,
                                  3.8356521 10.485075 1,
                                  3.8283875 10.425246 1,
                                  3.8070159 10.368895 1,
                                  3.7727797 10.319294 1,
                                  3.7276683 10.279329 1,
                                  3.6743033 10.251321 1,
                                  3.6157861 10.236897 1,
                                  3.5555179 10.236897 1,
                                  3.4970007 10.251321 1,
                                  3.4436357 10.279329 1,
                                  3.3985243 10.319294 1,
                                  3.3642881 10.368895 1,
                                  3.3429165 10.425246 1,
                                  -5 12 5.5,
                                  -5 12 10,
                                  5 12 10,
                                  5 12 5.5,
                                  5 0 4,
                                  5 0 5.5,
                                  -5 0 5.5,
                                  -5 0 4,
                                  -5 0 5.5,
                                  -5 0 10,
                                  -5 12 10,
                                  -5 12 5.5,
                                  5 12 5.5,
                                  5 12 10,
                                  5 0 10,
                                  5 0 5.5,
                                  -4.2169991 0.94126999 1,
                                  -4.2097344 1.0010989 1,
                                  -4.1883631 1.0574508 1,
                                  -4.1541266 1.1070507 1,
                                  -4.109015 1.1470159 1,
                                  -4.0556502 1.175024 1,
                                  -3.9971333 1.1894472 1,
                                  -3.9368649 1.1894472 1,
                                  -3.8783479 1.175024 1,
                                  -3.8249829 1.1470159 1,
                                  -3.7798712 1.1070507 1,
                                  -3.745635 1.0574508 1,
                                  -3.7242634 1.0010989 1,
                                  -3.7169991 0.94126999 1,
                                  -3.7242634 0.88144106 1,
                                  -3.745635 0.82508922 1,
                                  -3.7798712 0.77548933 1,
                                  -3.8249829 0.73552406 1,
                                  -3.8783479 0.70751595 1,
                                  -3.9368649 0.69309276 1,
                                  -3.9971333 0.69309276 1,
                                  -4.0556502 0.70751595 1,
                                  -4.109015 0.73552406 1,
                                  -4.1541266 0.77548933 1,
                                  -4.1883631 0.82508922 1,
                                  -4.2097344 0.88144106 1,
                                  -4.2169991 0.94126999 1,
                                  -4.1336656 0.94126999 1.0500717,
                                  -4.0503325 0.94126999 1.1001434,
                                  -3.9669991 0.94126999 1.1502151,
                                  -3.9669991 0.94126999 1.1502151,
                                  -4.1336656 0.94126999 1.0500717,
                                  -4.0503325 0.94126999 1.1001434,
                                  -4.1145749 1.0187238 1.0500717,
                                  -4.0616765 1.078434 1.0500717,
                                  -4.0407872 0.97999692 1.1001434,
                                  -3.9870884 1.1067215 1.0500717,
                                  -4.0143375 1.0098519 1.1001434,
                                  -3.9078982 1.0971061 1.0500717,
                                  -3.9770436 1.0239958 1.1001434,
                                  -3.8422472 1.0517905 1.0500717,
                                  -3.9374485 1.019188 1.1001434,
                                  -3.8051753 0.98115593 1.0500717,
                                  -3.904623 0.99653023 1.1001434,
                                  -3.8051753 0.90138406 1.0500717,
                                  -3.8860872 0.96121299 1.1001434,
                                  -3.8422472 0.83074957 1.0500717,
                                  -3.8860872 0.92132705 1.1001434,
                                  -3.9078982 0.78543395 1.0500717,
                                  -3.904623 0.88600975 1.1001434,
                                  -3.9870884 0.77581853 1.0500717,
                                  -3.9374485 0.863352 1.1001434,
                                  -4.0616765 0.804106 1.0500717,
                                  -3.9770436 0.85854429 1.1001434,
                                  -4.1145749 0.86381614 1.0500717,
                                  -4.0143375 0.872688 1.1001434,
                                  -4.0407872 0.90254307 1.1001434,
                                  3.3356521 10.485075 1,
                                  3.3429165 10.544904 1,
                                  3.3642881 10.601255 1,
                                  3.3985243 10.650856 1,
                                  3.4436357 10.690821 1,
                                  3.4970007 10.718829 1,
                                  3.5555179 10.733253 1,
                                  3.6157861 10.733253 1,
                                  3.6743033 10.718829 1,
                                  3.7276683 10.690821 1,
                                  3.7727797 10.650856 1,
                                  3.8070159 10.601255 1,
                                  3.8283875 10.544904 1,
                                  3.8356521 10.485075 1,
                                  3.8283875 10.425246 1,
                                  3.8070159 10.368895 1,
                                  3.7727797 10.319294 1,
                                  3.7276683 10.279329 1,
                                  3.6743033 10.251321 1,
                                  3.6157861 10.236897 1,
                                  3.5555179 10.236897 1,
                                  3.4970007 10.251321 1,
                                  3.4436357 10.279329 1,
                                  3.3985243 10.319294 1,
                                  3.3642881 10.368895 1,
                                  3.3429165 10.425246 1,
                                  3.3356521 10.485075 1,
                                  3.4189854 10.485075 1.0500717,
                                  3.5023186 10.485075 1.1001434,
                                  3.5856521 10.485075 1.1502151,
                                  3.5856521 10.485075 1.1502151,
                                  3.4189854 10.485075 1.0500717,
                                  3.5023186 10.485075 1.1001434,
                                  3.438076 10.562529 1.0500717,
                                  3.4909744 10.622239 1.0500717,
                                  3.5118639 10.523802 1.1001434,
                                  3.5655625 10.650526 1.0500717,
                                  3.5383134 10.553657 1.1001434,
                                  3.6447527 10.640911 1.0500717,
                                  3.5756073 10.567801 1.1001434,
                                  3.7104037 10.595595 1.0500717,
                                  3.6152024 10.562993 1.1001434,
                                  3.7474756 10.524961 1.0500717,
                                  3.6480279 10.540336 1.1001434,
                                  3.7474756 10.445189 1.0500717,
                                  3.6665637 10.505018 1.1001434,
                                  3.7104037 10.374555 1.0500717,
                                  3.6665637 10.465132 1.1001434,
                                  3.6447527 10.329239 1.0500717,
                                  3.6480279 10.429814 1.1001434,
                                  3.5655625 10.319624 1.0500717,
                                  3.6152024 10.407157 1.1001434,
                                  3.4909744 10.347911 1.0500717,
                                  3.5756073 10.402349 1.1001434,
                                  3.438076 10.407621 1.0500717,
                                  3.5383134 10.416493 1.1001434,
                                  3.5118639 10.446348 1.1001434,
                                  -5 12 10,
                                  -5 12 12,
                                  5 12 12,
                                  5 12 10,
                                  5 0 5.5,
                                  5 0 10,
                                  -5 0 10,
                                  -5 0 5.5,
                                  -5 0 10,
                                  -5 0 12,
                                  -5 12 12,
                                  -5 12 10,
                                  5 12 10,
                                  5 12 12,
                                  5 0 12,
                                  5 0 10,
                                  -5 12 12,
                                  5 12 12,
                                  -5 0 12,
                                  5 0 12,
                                  3.0811141 6 12,
                                  2.9915824 6.737359 12,
                                  2.7281909 7.4318652 12,
                                  2.306247 8.0431566 12,
                                  1.7502723 8.5357075 12,
                                  1.0925781 8.8808918 12,
                                  0.37138724 9.0586491 12,
                                  -0.37138724 9.0586491 12,
                                  -1.0925781 8.8808918 12,
                                  -1.7502723 8.5357075 12,
                                  -2.306247 8.0431566 12,
                                  -2.7281909 7.4318652 12,
                                  -2.9915824 6.737359 12,
                                  -3.0811141 6 12,
                                  -2.9915824 5.262641 12,
                                  -2.7281909 4.5681348 12,
                                  -2.306247 3.9568434 12,
                                  -1.7502723 3.464293 12,
                                  -1.0925781 3.1191084 12,
                                  -0.37138724 2.9413507 12,
                                  0.37138724 2.9413507 12,
                                  1.0925781 3.1191084 12,
                                  1.7502723 3.464293 12,
                                  2.306247 3.9568434 12,
                                  2.7281909 4.5681348 12,
                                  2.9915824 5.262641 12,
                                  5 0 10,
                                  5 0 12,
                                  -5 0 12,
                                  -5 0 10,
                                  3.0811141 6 12,
                                  3.0811141 6 15,
                                  2.9915824 6.737359 15,
                                  2.7281909 7.4318652 15,
                                  2.306247 8.0431566 15,
                                  1.7502723 8.5357075 15,
                                  1.0925781 8.8808918 15,
                                  0.37138724 9.0586491 15,
                                  -0.37138724 9.0586491 15,
                                  -1.0925781 8.8808918 15,
                                  -1.7502723 8.5357075 15,
                                  -2.306247 8.0431566 15,
                                  -2.7281909 7.4318652 15,
                                  -2.9915824 6.737359 15,
                                  -3.0811141 6 15,
                                  -2.9915824 5.262641 15,
                                  -2.7281909 4.5681348 15,
                                  -2.306247 3.9568434 15,
                                  -1.7502723 3.464293 15,
                                  -1.0925781 3.1191084 15,
                                  -0.37138724 2.9413507 15,
                                  0.37138724 2.9413507 15,
                                  1.0925781 3.1191084 15,
                                  1.7502723 3.464293 15,
                                  2.306247 3.9568434 15,
                                  2.7281909 4.5681348 15,
                                  2.9915824 5.262641 15,
                                  3.0811141 6 15,
                                  3.0811141 6 12,
                                  2.9915824 6.737359 12,
                                  2.7281909 7.4318652 12,
                                  2.306247 8.0431566 12,
                                  1.7502723 8.5357075 12,
                                  1.0925781 8.8808918 12,
                                  0.37138724 9.0586491 12,
                                  -0.37138724 9.0586491 12,
                                  -1.0925781 8.8808918 12,
                                  -1.7502723 8.5357075 12,
                                  -2.306247 8.0431566 12,
                                  -2.7281909 7.4318652 12,
                                  -2.9915824 6.737359 12,
                                  -3.0811141 6 12,
                                  -2.9915824 5.262641 12,
                                  -2.7281909 4.5681348 12,
                                  -2.306247 3.9568434 12,
                                  -1.7502723 3.464293 12,
                                  -1.0925781 3.1191084 12,
                                  -0.37138724 2.9413507 12,
                                  0.37138724 2.9413507 12,
                                  1.0925781 3.1191084 12,
                                  1.7502723 3.464293 12,
                                  2.306247 3.9568434 12,
                                  2.7281909 4.5681348 12,
                                  2.9915824 5.262641 12,
                                  3.0811141 6 15,
                                  2.9915824 6.737359 15,
                                  2.7281909 7.4318652 15,
                                  2.306247 8.0431566 15,
                                  1.7502723 8.5357075 15,
                                  1.0925781 8.8808918 15,
                                  0.37138724 9.0586491 15,
                                  -0.37138724 9.0586491 15,
                                  -1.0925781 8.8808918 15,
                                  -1.7502723 8.5357075 15,
                                  -2.306247 8.0431566 15,
                                  -2.7281909 7.4318652 15,
                                  -2.9915824 6.737359 15,
                                  -3.0811141 6 15,
                                  -2.9915824 5.262641 15,
                                  -2.7281909 4.5681348 15,
                                  -2.306247 3.9568434 15,
                                  -1.7502723 3.464293 15,
                                  -1.0925781 3.1191084 15,
                                  -0.37138724 2.9413507 15,
                                  0.37138724 2.9413507 15,
                                  1.0925781 3.1191084 15,
                                  1.7502723 3.464293 15,
                                  2.306247 3.9568434 15,
                                  2.7281909 4.5681348 15,
                                  2.9915824 5.262641 15,
                                  3.052134 6 15,
                                  2.9634445 6.7304235 15,
                                  2.7025304 7.4183974 15,
                                  2.2845552 8.0239391 15,
                                  1.7338097 8.511857 15,
                                  1.0823016 8.8537951 15,
                                  0.36789411 9.0298805 15,
                                  -0.36789411 9.0298805 15,
                                  -1.0823016 8.8537951 15,
                                  -1.7338097 8.511857 15,
                                  -2.2845552 8.0239391 15,
                                  -2.7025304 7.4183974 15,
                                  -2.9634445 6.7304235 15,
                                  -3.052134 6 15,
                                  -2.9634445 5.2695765 15,
                                  -2.7025304 4.5816026 15,
                                  -2.2845552 3.9760609 15,
                                  -1.7338097 3.488143 15,
                                  -1.0823016 3.1462052 15,
                                  -0.36789411 2.9701195 15,
                                  0.36789411 2.9701195 15,
                                  1.0823016 3.1462052 15,
                                  1.7338097 3.488143 15,
                                  2.2845552 3.9760609 15,
                                  2.7025304 4.5816026 15,
                                  2.9634445 5.2695765 15,
                                  3.052134 6 15,
                                  3.052134 6 23,
                                  2.9634445 6.7304235 23,
                                  2.7025304 7.4183974 23,
                                  2.2845552 8.0239391 23,
                                  1.7338097 8.511857 23,
                                  1.0823016 8.8537951 23,
                                  0.36789411 9.0298805 23,
                                  -0.36789411 9.0298805 23,
                                  -1.0823016 8.8537951 23,
                                  -1.7338097 8.511857 23,
                                  -2.2845552 8.0239391 23,
                                  -2.7025304 7.4183974 23,
                                  -2.9634445 6.7304235 23,
                                  -3.052134 6 23,
                                  -2.9634445 5.2695765 23,
                                  -2.7025304 4.5816026 23,
                                  -2.2845552 3.9760609 23,
                                  -1.7338097 3.488143 23,
                                  -1.0823016 3.1462052 23,
                                  -0.36789411 2.9701195 23,
                                  0.36789411 2.9701195 23,
                                  1.0823016 3.1462052 23,
                                  1.7338097 3.488143 23,
                                  2.2845552 3.9760609 23,
                                  2.7025304 4.5816026 23,
                                  2.9634445 5.2695765 23,
                                  3.052134 6 23,
                                  3.052134 6 15,
                                  2.9634445 6.7304235 15,
                                  2.7025304 7.4183974 15,
                                  2.2845552 8.0239391 15,
                                  1.7338097 8.511857 15,
                                  1.0823016 8.8537951 15,
                                  0.36789411 9.0298805 15,
                                  -0.36789411 9.0298805 15,
                                  -1.0823016 8.8537951 15,
                                  -1.7338097 8.511857 15,
                                  -2.2845552 8.0239391 15,
                                  -2.7025304 7.4183974 15,
                                  -2.9634445 6.7304235 15,
                                  -3.052134 6 15,
                                  -2.9634445 5.2695765 15,
                                  -2.7025304 4.5816026 15,
                                  -2.2845552 3.9760609 15,
                                  -1.7338097 3.488143 15,
                                  -1.0823016 3.1462052 15,
                                  -0.36789411 2.9701195 15,
                                  0.36789411 2.9701195 15,
                                  1.0823016 3.1462052 15,
                                  1.7338097 3.488143 15,
                                  2.2845552 3.9760609 15,
                                  2.7025304 4.5816026 15,
                                  2.9634445 5.2695765 15,
                                  3.052134 6 23,
                                  2.9634445 6.7304235 23,
                                  2.7025304 7.4183974 23,
                                  2.2845552 8.0239391 23,
                                  1.7338097 8.511857 23,
                                  1.0823016 8.8537951 23,
                                  0.36789411 9.0298805 23,
                                  -0.36789411 9.0298805 23,
                                  -1.0823016 8.8537951 23,
                                  -1.7338097 8.511857 23,
                                  -2.2845552 8.0239391 23,
                                  -2.7025304 7.4183974 23,
                                  -2.9634445 6.7304235 23,
                                  -3.052134 6 23,
                                  -2.9634445 5.2695765 23,
                                  -2.7025304 4.5816026 23,
                                  -2.2845552 3.9760609 23,
                                  -1.7338097 3.488143 23,
                                  -1.0823016 3.1462052 23,
                                  -0.36789411 2.9701195 23,
                                  0.36789411 2.9701195 23,
                                  1.0823016 3.1462052 23,
                                  1.7338097 3.488143 23,
                                  2.2845552 3.9760609 23,
                                  2.7025304 4.5816026 23,
                                  2.9634445 5.2695765 23,
                                  1.75 6 23,
                                  1.6991482 6.4188023 23,
                                  1.549548 6.8132653 23,
                                  1.3098938 7.1604648 23,
                                  0.99411333 7.4402218 23,
                                  0.62055856 7.6362786 23,
                                  0.21093918 7.7372403 23,
                                  -0.21093918 7.7372403 23,
                                  -0.62055856 7.6362786 23,
                                  -0.99411333 7.4402218 23,
                                  -1.3098938 7.1604648 23,
                                  -1.549548 6.8132653 23,
                                  -1.6991482 6.4188023 23,
                                  -1.75 6 23,
                                  -1.6991482 5.5811977 23,
                                  -1.549548 5.1867347 23,
                                  -1.3098938 4.8395352 23,
                                  -0.99411333 4.5597782 23,
                                  -0.62055856 4.3637214 23,
                                  -0.21093918 4.2627597 23,
                                  0.21093918 4.2627597 23,
                                  0.62055856 4.3637214 23,
                                  0.99411333 4.5597782 23,
                                  1.3098938 4.8395352 23,
                                  1.549548 5.1867347 23,
                                  1.6991482 5.5811977 23,
                                  1.75 6 23,
                                  1.75 6 29.5,
                                  1.6991482 6.4188023 29.5,
                                  1.549548 6.8132653 29.5,
                                  1.3098938 7.1604648 29.5,
                                  0.99411333 7.4402218 29.5,
                                  0.62055856 7.6362786 29.5,
                                  0.21093918 7.7372403 29.5,
                                  -0.21093918 7.7372403 29.5,
                                  -0.62055856 7.6362786 29.5,
                                  -0.99411333 7.4402218 29.5,
                                  -1.3098938 7.1604648 29.5,
                                  -1.549548 6.8132653 29.5,
                                  -1.6991482 6.4188023 29.5,
                                  -1.75 6 29.5,
                                  -1.6991482 5.5811977 29.5,
                                  -1.549548 5.1867347 29.5,
                                  -1.3098938 4.8395352 29.5,
                                  -0.99411333 4.5597782 29.5,
                                  -0.62055856 4.3637214 29.5,
                                  -0.21093918 4.2627597 29.5,
                                  0.21093918 4.2627597 29.5,
                                  0.62055856 4.3637214 29.5,
                                  0.99411333 4.5597782 29.5,
                                  1.3098938 4.8395352 29.5,
                                  1.549548 5.1867347 29.5,
                                  1.6991482 5.5811977 29.5,
                                  1.75 6 29.5,
                                  1.75 6 23,
                                  1.6991482 6.4188023 23,
                                  1.549548 6.8132653 23,
                                  1.3098938 7.1604648 23,
                                  0.99411333 7.4402218 23,
                                  0.62055856 7.6362786 23,
                                  0.21093918 7.7372403 23,
                                  -0.21093918 7.7372403 23,
                                  -0.62055856 7.6362786 23,
                                  -0.99411333 7.4402218 23,
                                  -1.3098938 7.1604648 23,
                                  -1.549548 6.8132653 23,
                                  -1.6991482 6.4188023 23,
                                  -1.75 6 23,
                                  -1.6991482 5.5811977 23,
                                  -1.549548 5.1867347 23,
                                  -1.3098938 4.8395352 23,
                                  -0.99411333 4.5597782 23,
                                  -0.62055856 4.3637214 23,
                                  -0.21093918 4.2627597 23,
                                  0.21093918 4.2627597 23,
                                  0.62055856 4.3637214 23,
                                  0.99411333 4.5597782 23,
                                  1.3098938 4.8395352 23,
                                  1.549548 5.1867347 23,
                                  1.6991482 5.5811977 23,
                                  1.75 6 29.5,
                                  1.6991482 6.4188023 29.5,
                                  1.549548 6.8132653 29.5,
                                  1.3098938 7.1604648 29.5,
                                  0.99411333 7.4402218 29.5,
                                  0.62055856 7.6362786 29.5,
                                  0.21093918 7.7372403 29.5,
                                  -0.21093918 7.7372403 29.5,
                                  -0.62055856 7.6362786 29.5,
                                  -0.99411333 7.4402218 29.5,
                                  -1.3098938 7.1604648 29.5,
                                  -1.549548 6.8132653 29.5,
                                  -1.6991482 6.4188023 29.5,
                                  -1.75 6 29.5,
                                  -1.6991482 5.5811977 29.5,
                                  -1.549548 5.1867347 29.5,
                                  -1.3098938 4.8395352 29.5,
                                  -0.99411333 4.5597782 29.5,
                                  -0.62055856 4.3637214 29.5,
                                  -0.21093918 4.2627597 29.5,
                                  0.21093918 4.2627597 29.5,
                                  0.62055856 4.3637214 29.5,
                                  0.99411333 4.5597782 29.5,
                                  1.3098938 4.8395352 29.5,
                                  1.549548 5.1867347 29.5,
                                  1.6991482 5.5811977 29.5,
                                  -5 12 0,
                                  -5 12 4,
                                  5 12 0,
                                  5 12 4,
                                  -5 0 0,
                                  -5 0 4,
                                  5 0 0,
                                  5 0 4,
                                  -4.2169991 0.94126999 0,
                                  3.3356521 10.485075 0,
                                  -5 12 5.5,
                                  5 12 5.5,
                                  -5 0 5.5,
                                  5 0 5.5,
                                  -4.2169991 0.94126999 1,
                                  3.3356521 10.485075 1,
                                  -5 12 10,
                                  5 12 10,
                                  -5 0 10,
                                  5 0 10,
                                  -3.9669991 0.94126999 1.1502151,
                                  3.5856521 10.485075 1.1502151,
                                  -5 12 12,
                                  5 12 12,
                                  -5 0 12,
                                  5 0 12,
                                  3.0811141 6 12,
                                  3.0811141 6 15,
                                  3.052134 6 15,
                                  3.052134 6 23,
                                  1.75 6 23,
                                  1.75 6 29.5 ]

                            }
                            color 
                            Color {
                              color [ 0 0.66666669 0,
                                  0 0.66666669 0,
                                  0 0.66666669 0,
                                  0 0.66666669 0,
                                  0.87450981 0.83137256 0.82352942,
                                  0 0.66666669 0,
                                  0.87450981 0.83137256 0.82352942,
                                  0.87450981 0.83137256 0.82352942,
                                  0.56078434 0.53333336 0.52549022,
                                  0.56078434 0.53333336 0.52549022,
                                  0 0.66666669 0,
                                  0.87450981 0.83137256 0.82352942,
                                  0 0.66666669 0,
                                  0 0.66666669 0,
                                  0.56078434 0.53333336 0.52549022,
                                  0.56078434 0.53333336 0.52549022,
                                  0.87450981 0.83137256 0.82352942,
                                  0 0.66666669 0,
                                  0.87450981 0.83137256 0.82352942,
                                  0.87450981 0.83137256 0.82352942,
                                  0.87450981 0.83137256 0.82352942,
                                  0.87450981 0.83137256 0.82352942,
                                  0.87450981 0.83137256 0.82352942,
                                  0.56078434 0.53333336 0.52549022,
                                  0.66666669 0.66666669 0,
                                  0.66666669 0.66666669 0,
                                  0.66666669 0.66666669 0,
                                  0.66666669 0.66666669 0 ]

                            }
                            colorPerVertex FALSE
                            coordIndex [ 3, 0, 1, -1, 3, 1, 2, -1,
                                7, 4, 5, -1, 7, 5, 6, -1,
                                11, 8, 9, -1, 11, 9, 10, -1,
                                39, 38, 14, -1, 14, 40, 39, -1,
                                38, 37, 14, -1, 14, 41, 40, -1,
                                37, 36, 14, -1, 14, 16, 41, -1,
                                36, 35, 14, -1, 14, 17, 16, -1,
                                35, 34, 14, -1, 14, 18, 17, -1,
                                26, 15, 27, -1, 27, 15, 28, -1,
                                28, 15, 29, -1, 29, 15, 30, -1,
                                30, 15, 31, -1, 31, 15, 32, -1,
                                32, 15, 33, -1, 33, 15, 34, -1,
                                34, 15, 14, -1, 18, 12, 19, -1,
                                19, 12, 20, -1, 20, 12, 21, -1,
                                21, 12, 22, -1, 22, 12, 23, -1,
                                23, 12, 24, -1, 14, 12, 18, -1,
                                24, 65, 25, -1, 65, 64, 25, -1,
                                25, 64, 26, -1, 12, 66, 24, -1,
                                24, 66, 65, -1, 26, 63, 15, -1,
                                64, 63, 26, -1, 12, 67, 66, -1,
                                63, 62, 15, -1, 12, 42, 67, -1,
                                62, 61, 15, -1, 12, 43, 42, -1,
                                61, 60, 15, -1, 12, 44, 43, -1,
                                60, 59, 15, -1, 12, 45, 44, -1,
                                59, 58, 15, -1, 12, 46, 45, -1,
                                58, 57, 15, -1, 46, 13, 47, -1,
                                47, 13, 48, -1, 48, 13, 49, -1,
                                49, 13, 50, -1, 50, 13, 51, -1,
                                51, 13, 52, -1, 52, 13, 53, -1,
                                53, 13, 54, -1, 54, 13, 55, -1,
                                55, 13, 56, -1, 56, 13, 57, -1,
                                57, 13, 15, -1, 12, 13, 46, -1,
                                71, 68, 69, -1, 71, 69, 70, -1,
                                75, 72, 73, -1, 75, 73, 74, -1,
                                79, 76, 77, -1, 79, 77, 78, -1,
                                83, 80, 81, -1, 83, 81, 82, -1,
                                113, 84, 85, -1, 113, 112, 84, -1,
                                114, 85, 86, -1, 114, 113, 85, -1,
                                115, 86, 87, -1, 115, 114, 86, -1,
                                116, 87, 88, -1, 116, 115, 87, -1,
                                117, 88, 89, -1, 117, 116, 88, -1,
                                118, 89, 90, -1, 118, 117, 89, -1,
                                119, 90, 91, -1, 119, 118, 90, -1,
                                120, 91, 92, -1, 120, 119, 91, -1,
                                121, 92, 93, -1, 121, 120, 92, -1,
                                122, 93, 94, -1, 122, 121, 93, -1,
                                123, 94, 95, -1, 123, 122, 94, -1,
                                124, 123, 95, -1, 124, 95, 96, -1,
                                124, 96, 97, -1, 125, 124, 97, -1,
                                126, 97, 98, -1, 126, 125, 97, -1,
                                127, 126, 98, -1, 127, 98, 99, -1,
                                128, 99, 100, -1, 128, 127, 99, -1,
                                129, 100, 101, -1, 129, 128, 100, -1,
                                130, 101, 102, -1, 130, 129, 101, -1,
                                131, 102, 103, -1, 131, 130, 102, -1,
                                132, 103, 104, -1, 132, 131, 103, -1,
                                133, 104, 105, -1, 133, 132, 104, -1,
                                134, 105, 106, -1, 134, 133, 105, -1,
                                135, 106, 107, -1, 135, 134, 106, -1,
                                136, 107, 108, -1, 136, 135, 107, -1,
                                137, 108, 109, -1, 137, 136, 108, -1,
                                111, 109, 110, -1, 111, 137, 109, -1,
                                167, 138, 139, -1, 167, 166, 138, -1,
                                168, 139, 140, -1, 168, 167, 139, -1,
                                169, 140, 141, -1, 169, 168, 140, -1,
                                170, 141, 142, -1, 170, 169, 141, -1,
                                171, 142, 143, -1, 171, 170, 142, -1,
                                172, 143, 144, -1, 172, 171, 143, -1,
                                173, 144, 145, -1, 173, 172, 144, -1,
                                174, 145, 146, -1, 174, 173, 145, -1,
                                175, 146, 147, -1, 175, 174, 146, -1,
                                176, 147, 148, -1, 176, 175, 147, -1,
                                177, 148, 149, -1, 177, 176, 148, -1,
                                178, 177, 149, -1, 178, 149, 150, -1,
                                178, 150, 151, -1, 179, 178, 151, -1,
                                180, 151, 152, -1, 180, 179, 151, -1,
                                181, 180, 152, -1, 181, 152, 153, -1,
                                182, 153, 154, -1, 182, 181, 153, -1,
                                183, 154, 155, -1, 183, 182, 154, -1,
                                184, 155, 156, -1, 184, 183, 155, -1,
                                185, 156, 157, -1, 185, 184, 156, -1,
                                186, 157, 158, -1, 186, 185, 157, -1,
                                187, 158, 159, -1, 187, 186, 158, -1,
                                188, 159, 160, -1, 188, 187, 159, -1,
                                189, 160, 161, -1, 189, 188, 160, -1,
                                190, 161, 162, -1, 190, 189, 161, -1,
                                191, 162, 163, -1, 191, 190, 162, -1,
                                165, 163, 164, -1, 165, 191, 163, -1,
                                195, 192, 193, -1, 195, 193, 194, -1,
                                199, 196, 197, -1, 199, 197, 198, -1,
                                203, 200, 201, -1, 203, 201, 202, -1,
                                207, 204, 205, -1, 207, 205, 206, -1,
                                239, 208, 209, -1, 235, 233, 234, -1,
                                241, 209, 210, -1, 241, 210, 211, -1,
                                241, 239, 209, -1, 242, 211, 212, -1,
                                242, 212, 213, -1, 242, 241, 211, -1,
                                243, 240, 239, -1, 243, 238, 240, -1,
                                243, 239, 241, -1, 244, 213, 214, -1,
                                244, 214, 215, -1, 244, 242, 213, -1,
                                245, 238, 243, -1, 245, 243, 241, -1,
                                245, 241, 242, -1, 246, 215, 216, -1,
                                246, 216, 217, -1, 246, 244, 215, -1,
                                247, 238, 245, -1, 247, 245, 242, -1,
                                247, 242, 244, -1, 248, 217, 218, -1,
                                248, 218, 219, -1, 248, 246, 217, -1,
                                249, 247, 244, -1, 249, 238, 247, -1,
                                249, 244, 246, -1, 250, 219, 220, -1,
                                250, 220, 221, -1, 250, 248, 219, -1,
                                251, 249, 246, -1, 251, 238, 249, -1,
                                251, 246, 248, -1, 252, 221, 222, -1,
                                252, 222, 223, -1, 252, 250, 221, -1,
                                253, 238, 251, -1, 253, 251, 248, -1,
                                253, 248, 250, -1, 254, 223, 224, -1,
                                254, 224, 225, -1, 254, 252, 223, -1,
                                255, 253, 250, -1, 255, 237, 238, -1,
                                255, 250, 252, -1, 255, 238, 253, -1,
                                256, 225, 226, -1, 256, 226, 227, -1,
                                256, 254, 225, -1, 257, 252, 254, -1,
                                257, 237, 255, -1, 257, 255, 252, -1,
                                258, 227, 228, -1, 258, 228, 229, -1,
                                258, 256, 227, -1, 259, 254, 256, -1,
                                259, 237, 257, -1, 259, 257, 254, -1,
                                260, 229, 230, -1, 260, 230, 231, -1,
                                260, 258, 229, -1, 261, 256, 258, -1,
                                261, 259, 256, -1, 261, 237, 259, -1,
                                262, 260, 231, -1, 262, 231, 232, -1,
                                262, 232, 233, -1, 262, 233, 235, -1,
                                263, 258, 260, -1, 263, 261, 258, -1,
                                263, 237, 261, -1, 264, 263, 260, -1,
                                264, 235, 236, -1, 264, 262, 235, -1,
                                264, 237, 263, -1, 264, 236, 237, -1,
                                264, 260, 262, -1, 296, 265, 266, -1,
                                292, 290, 291, -1, 298, 266, 267, -1,
                                298, 267, 268, -1, 298, 296, 266, -1,
                                299, 268, 269, -1, 299, 269, 270, -1,
                                299, 298, 268, -1, 300, 297, 296, -1,
                                300, 295, 297, -1, 300, 296, 298, -1,
                                301, 270, 271, -1, 301, 271, 272, -1,
                                301, 299, 270, -1, 302, 295, 300, -1,
                                302, 300, 298, -1, 302, 298, 299, -1,
                                303, 272, 273, -1, 303, 273, 274, -1,
                                303, 301, 272, -1, 304, 295, 302, -1,
                                304, 302, 299, -1, 304, 299, 301, -1,
                                305, 274, 275, -1, 305, 275, 276, -1,
                                305, 303, 274, -1, 306, 304, 301, -1,
                                306, 295, 304, -1, 306, 301, 303, -1,
                                307, 276, 277, -1, 307, 277, 278, -1,
                                307, 305, 276, -1, 308, 306, 303, -1,
                                308, 295, 306, -1, 308, 303, 305, -1,
                                309, 278, 279, -1, 309, 279, 280, -1,
                                309, 307, 278, -1, 310, 295, 308, -1,
                                310, 308, 305, -1, 310, 305, 307, -1,
                                311, 280, 281, -1, 311, 281, 282, -1,
                                311, 309, 280, -1, 312, 310, 307, -1,
                                312, 294, 295, -1, 312, 307, 309, -1,
                                312, 295, 310, -1, 313, 282, 283, -1,
                                313, 283, 284, -1, 313, 311, 282, -1,
                                314, 309, 311, -1, 314, 294, 312, -1,
                                314, 312, 309, -1, 315, 284, 285, -1,
                                315, 285, 286, -1, 315, 313, 284, -1,
                                316, 311, 313, -1, 316, 294, 314, -1,
                                316, 314, 311, -1, 317, 286, 287, -1,
                                317, 287, 288, -1, 317, 315, 286, -1,
                                318, 313, 315, -1, 318, 316, 313, -1,
                                318, 294, 316, -1, 319, 317, 288, -1,
                                319, 288, 289, -1, 319, 289, 290, -1,
                                319, 290, 292, -1, 320, 315, 317, -1,
                                320, 318, 315, -1, 320, 294, 318, -1,
                                321, 320, 317, -1, 321, 292, 293, -1,
                                321, 319, 292, -1, 321, 294, 320, -1,
                                321, 293, 294, -1, 321, 317, 319, -1,
                                324, 322, 323, -1, 325, 322, 324, -1,
                                329, 326, 327, -1, 329, 327, 328, -1,
                                333, 330, 331, -1, 333, 331, 332, -1,
                                337, 334, 335, -1, 337, 335, 336, -1,
                                359, 358, 340, -1, 357, 340, 358, -1,
                                360, 359, 340, -1, 356, 340, 357, -1,
                                361, 360, 340, -1, 355, 340, 356, -1,
                                362, 361, 340, -1, 341, 363, 362, -1,
                                341, 362, 340, -1, 364, 363, 341, -1,
                                365, 364, 341, -1, 338, 352, 351, -1,
                                338, 353, 352, -1, 338, 354, 353, -1,
                                338, 355, 354, -1, 338, 340, 355, -1,
                                366, 365, 341, -1, 350, 338, 351, -1,
                                367, 366, 341, -1, 349, 338, 350, -1,
                                342, 367, 341, -1, 339, 343, 342, -1,
                                339, 344, 343, -1, 339, 345, 344, -1,
                                339, 346, 345, -1, 339, 347, 346, -1,
                                339, 348, 347, -1, 339, 349, 348, -1,
                                339, 338, 349, -1, 339, 342, 341, -1,
                                370, 368, 369, -1, 371, 368, 370, -1,
                                372, 401, 373, -1, 373, 401, 374, -1,
                                374, 402, 375, -1, 401, 402, 374, -1,
                                375, 403, 376, -1, 402, 403, 375, -1,
                                376, 404, 377, -1, 377, 404, 378, -1,
                                403, 404, 376, -1, 404, 405, 378, -1,
                                378, 406, 379, -1, 379, 406, 380, -1,
                                405, 406, 378, -1, 406, 407, 380, -1,
                                380, 408, 381, -1, 381, 408, 382, -1,
                                407, 408, 380, -1, 382, 409, 383, -1,
                                408, 409, 382, -1, 409, 410, 383, -1,
                                410, 411, 383, -1, 383, 411, 384, -1,
                                411, 412, 384, -1, 384, 412, 385, -1,
                                385, 412, 386, -1, 412, 413, 386, -1,
                                413, 414, 386, -1, 386, 414, 387, -1,
                                414, 415, 387, -1, 387, 415, 388, -1,
                                388, 415, 389, -1, 415, 416, 389, -1,
                                389, 417, 390, -1, 416, 417, 389, -1,
                                390, 418, 391, -1, 417, 418, 390, -1,
                                391, 419, 392, -1, 418, 419, 391, -1,
                                392, 420, 393, -1, 419, 420, 392, -1,
                                393, 421, 394, -1, 420, 421, 393, -1,
                                394, 422, 395, -1, 421, 422, 394, -1,
                                395, 423, 396, -1, 396, 423, 397, -1,
                                422, 423, 395, -1, 423, 424, 397, -1,
                                397, 424, 398, -1, 424, 425, 398, -1,
                                398, 400, 399, -1, 425, 400, 398, -1,
                                469, 442, 443, -1, 469, 468, 442, -1,
                                467, 441, 442, -1, 467, 442, 468, -1,
                                470, 443, 444, -1, 470, 469, 443, -1,
                                440, 441, 467, -1, 466, 440, 467, -1,
                                471, 444, 445, -1, 471, 470, 444, -1,
                                465, 439, 440, -1, 465, 440, 466, -1,
                                472, 445, 446, -1, 472, 471, 445, -1,
                                438, 439, 465, -1, 464, 438, 465, -1,
                                473, 446, 447, -1, 473, 472, 446, -1,
                                463, 437, 438, -1, 463, 438, 464, -1,
                                474, 447, 448, -1, 474, 473, 447, -1,
                                462, 436, 437, -1, 462, 437, 463, -1,
                                449, 475, 474, -1, 449, 474, 448, -1,
                                435, 436, 462, -1, 435, 462, 461, -1,
                                450, 475, 449, -1, 450, 476, 475, -1,
                                434, 435, 461, -1, 434, 461, 460, -1,
                                451, 476, 450, -1, 451, 477, 476, -1,
                                459, 434, 460, -1, 433, 434, 459, -1,
                                452, 477, 451, -1, 426, 452, 451, -1,
                                432, 433, 459, -1, 432, 459, 458, -1,
                                427, 453, 452, -1, 427, 452, 426, -1,
                                431, 458, 457, -1, 431, 432, 458, -1,
                                428, 454, 453, -1, 428, 453, 427, -1,
                                430, 457, 456, -1, 430, 431, 457, -1,
                                455, 454, 428, -1, 429, 456, 455, -1,
                                429, 455, 428, -1, 429, 430, 456, -1,
                                478, 507, 479, -1, 479, 507, 480, -1,
                                480, 508, 481, -1, 507, 508, 480, -1,
                                481, 509, 482, -1, 508, 509, 481, -1,
                                482, 510, 483, -1, 509, 510, 482, -1,
                                483, 511, 484, -1, 510, 511, 483, -1,
                                484, 512, 485, -1, 511, 512, 484, -1,
                                485, 513, 486, -1, 512, 513, 485, -1,
                                486, 514, 487, -1, 513, 514, 486, -1,
                                487, 515, 488, -1, 514, 515, 487, -1,
                                488, 516, 489, -1, 515, 516, 488, -1,
                                516, 517, 489, -1, 489, 517, 490, -1,
                                517, 518, 490, -1, 490, 518, 491, -1,
                                518, 519, 491, -1, 491, 519, 492, -1,
                                492, 520, 493, -1, 519, 520, 492, -1,
                                493, 521, 494, -1, 494, 521, 495, -1,
                                520, 521, 493, -1, 521, 522, 495, -1,
                                495, 523, 496, -1, 522, 523, 495, -1,
                                496, 524, 497, -1, 523, 524, 496, -1,
                                497, 525, 498, -1, 524, 525, 497, -1,
                                498, 526, 499, -1, 525, 526, 498, -1,
                                499, 527, 500, -1, 526, 527, 499, -1,
                                500, 528, 501, -1, 527, 528, 500, -1,
                                501, 529, 502, -1, 528, 529, 501, -1,
                                502, 530, 503, -1, 529, 530, 502, -1,
                                503, 531, 504, -1, 504, 531, 505, -1,
                                530, 531, 503, -1, 531, 506, 505, -1,
                                575, 548, 549, -1, 575, 574, 548, -1,
                                573, 547, 548, -1, 573, 548, 574, -1,
                                576, 549, 550, -1, 576, 575, 549, -1,
                                572, 545, 546, -1, 572, 546, 547, -1,
                                572, 547, 573, -1, 577, 550, 551, -1,
                                577, 576, 550, -1, 571, 545, 572, -1,
                                578, 551, 552, -1, 578, 577, 551, -1,
                                570, 544, 545, -1, 570, 545, 571, -1,
                                579, 552, 553, -1, 579, 578, 552, -1,
                                569, 543, 544, -1, 569, 544, 570, -1,
                                580, 553, 554, -1, 580, 579, 553, -1,
                                568, 542, 543, -1, 568, 543, 569, -1,
                                581, 580, 554, -1, 555, 581, 554, -1,
                                567, 542, 568, -1, 582, 581, 555, -1,
                                541, 542, 567, -1, 556, 582, 555, -1,
                                540, 541, 567, -1, 540, 567, 566, -1,
                                557, 582, 556, -1, 557, 583, 582, -1,
                                539, 540, 566, -1, 539, 566, 565, -1,
                                532, 583, 557, -1, 532, 558, 583, -1,
                                538, 564, 563, -1, 538, 565, 564, -1,
                                538, 539, 565, -1, 533, 559, 558, -1,
                                533, 560, 559, -1, 533, 558, 532, -1,
                                537, 538, 563, -1, 534, 560, 533, -1,
                                536, 562, 561, -1, 536, 563, 562, -1,
                                536, 537, 563, -1, 535, 536, 561, -1,
                                535, 560, 534, -1, 535, 561, 560, -1,
                                584, 613, 585, -1, 585, 613, 586, -1,
                                586, 614, 587, -1, 613, 614, 586, -1,
                                587, 615, 588, -1, 614, 615, 587, -1,
                                588, 616, 589, -1, 589, 616, 590, -1,
                                615, 616, 588, -1, 616, 617, 590, -1,
                                590, 618, 591, -1, 591, 618, 592, -1,
                                617, 618, 590, -1, 618, 619, 592, -1,
                                592, 620, 593, -1, 619, 620, 592, -1,
                                593, 621, 594, -1, 594, 621, 595, -1,
                                620, 621, 593, -1, 621, 622, 595, -1,
                                622, 623, 595, -1, 595, 623, 596, -1,
                                623, 624, 596, -1, 596, 624, 597, -1,
                                597, 624, 598, -1, 624, 625, 598, -1,
                                625, 626, 598, -1, 598, 626, 599, -1,
                                599, 627, 600, -1, 600, 627, 601, -1,
                                626, 627, 599, -1, 627, 628, 601, -1,
                                601, 629, 602, -1, 628, 629, 601, -1,
                                602, 630, 603, -1, 629, 630, 602, -1,
                                603, 631, 604, -1, 630, 631, 603, -1,
                                604, 632, 605, -1, 605, 632, 606, -1,
                                631, 632, 604, -1, 632, 633, 606, -1,
                                606, 634, 607, -1, 607, 634, 608, -1,
                                633, 634, 606, -1, 634, 635, 608, -1,
                                608, 636, 609, -1, 609, 636, 610, -1,
                                635, 636, 608, -1, 636, 637, 610, -1,
                                610, 612, 611, -1, 637, 612, 610, -1,
                                655, 656, 657, -1, 641, 638, 639, -1,
                                641, 639, 640, -1, 641, 661, 662, -1,
                                641, 662, 663, -1, 641, 663, 638, -1,
                                653, 654, 655, -1, 653, 657, 658, -1,
                                653, 655, 657, -1, 644, 641, 642, -1,
                                644, 642, 643, -1, 651, 652, 653, -1,
                                650, 651, 653, -1, 647, 644, 645, -1,
                                647, 645, 646, -1, 647, 641, 644, -1,
                                648, 649, 650, -1, 648, 658, 659, -1,
                                648, 659, 660, -1, 648, 660, 661, -1,
                                648, 653, 658, -1, 648, 661, 641, -1,
                                648, 650, 653, -1, 648, 641, 647, -1 ]
                            colorIndex [ 0, 0, 1, 1, 2, 2, 3, 3,
                                3, 3, 3, 3, 3, 3, 3, 3,
                                3, 3, 3, 3, 3, 3, 3, 3,
                                3, 3, 3, 3, 3, 3, 3, 3,
                                3, 3, 3, 3, 3, 3, 3, 3,
                                3, 3, 3, 3, 3, 3, 3, 3,
                                3, 3, 3, 3, 3, 3, 3, 3,
                                3, 3, 3, 3, 3, 3, 3, 3,
                                4, 4, 5, 5, 6, 6, 7, 7,
                                8, 8, 8, 8, 8, 8, 8, 8,
                                8, 8, 8, 8, 8, 8, 8, 8,
                                8, 8, 8, 8, 8, 8, 8, 8,
                                8, 8, 8, 8, 8, 8, 8, 8,
                                8, 8, 8, 8, 8, 8, 8, 8,
                                8, 8, 8, 8, 8, 8, 8, 8,
                                8, 8, 8, 8, 9, 9, 9, 9,
                                9, 9, 9, 9, 9, 9, 9, 9,
                                9, 9, 9, 9, 9, 9, 9, 9,
                                9, 9, 9, 9, 9, 9, 9, 9,
                                9, 9, 9, 9, 9, 9, 9, 9,
                                9, 9, 9, 9, 9, 9, 9, 9,
                                9, 9, 9, 9, 9, 9, 9, 9,
                                10, 10, 11, 11, 12, 12, 13, 13,
                                14, 14, 14, 14, 14, 14, 14, 14,
                                14, 14, 14, 14, 14, 14, 14, 14,
                                14, 14, 14, 14, 14, 14, 14, 14,
                                14, 14, 14, 14, 14, 14, 14, 14,
                                14, 14, 14, 14, 14, 14, 14, 14,
                                14, 14, 14, 14, 14, 14, 14, 14,
                                14, 14, 14, 14, 14, 14, 14, 14,
                                14, 14, 14, 14, 14, 14, 14, 14,
                                14, 14, 14, 14, 14, 14, 14, 14,
                                14, 14, 14, 14, 14, 14, 14, 15,
                                15, 15, 15, 15, 15, 15, 15, 15,
                                15, 15, 15, 15, 15, 15, 15, 15,
                                15, 15, 15, 15, 15, 15, 15, 15,
                                15, 15, 15, 15, 15, 15, 15, 15,
                                15, 15, 15, 15, 15, 15, 15, 15,
                                15, 15, 15, 15, 15, 15, 15, 15,
                                15, 15, 15, 15, 15, 15, 15, 15,
                                15, 15, 15, 15, 15, 15, 15, 15,
                                15, 15, 15, 15, 15, 15, 15, 15,
                                15, 15, 15, 15, 15, 15, 16, 16,
                                17, 17, 18, 18, 19, 19, 20, 20,
                                20, 20, 20, 20, 20, 20, 20, 20,
                                20, 20, 20, 20, 20, 20, 20, 20,
                                20, 20, 20, 20, 20, 20, 20, 20,
                                20, 20, 20, 20, 21, 21, 22, 22,
                                22, 22, 22, 22, 22, 22, 22, 22,
                                22, 22, 22, 22, 22, 22, 22, 22,
                                22, 22, 22, 22, 22, 22, 22, 22,
                                22, 22, 22, 22, 22, 22, 22, 22,
                                22, 22, 22, 22, 22, 22, 22, 22,
                                22, 22, 22, 22, 22, 22, 22, 22,
                                22, 22, 23, 23, 23, 23, 23, 23,
                                23, 23, 23, 23, 23, 23, 23, 23,
                                23, 23, 23, 23, 23, 23, 23, 23,
                                23, 23, 23, 23, 23, 23, 23, 23,
                                23, 23, 23, 23, 23, 23, 23, 23,
                                23, 23, 23, 23, 23, 23, 23, 23,
                                23, 23, 23, 23, 23, 23, 24, 24,
                                24, 24, 24, 24, 24, 24, 24, 24,
                                24, 24, 24, 24, 24, 24, 24, 24,
                                24, 24, 24, 24, 24, 24, 24, 24,
                                24, 24, 24, 24, 24, 24, 24, 24,
                                24, 24, 24, 24, 24, 24, 24, 24,
                                24, 24, 24, 24, 24, 24, 24, 24,
                                24, 24, 25, 25, 25, 25, 25, 25,
                                25, 25, 25, 25, 25, 25, 25, 25,
                                25, 25, 25, 25, 25, 25, 25, 25,
                                25, 25, 25, 25, 25, 25, 25, 25,
                                25, 25, 25, 25, 25, 25, 25, 25,
                                25, 25, 25, 25, 25, 25, 25, 25,
                                25, 25, 25, 25, 25, 25, 26, 26,
                                26, 26, 26, 26, 26, 26, 26, 26,
                                26, 26, 26, 26, 26, 26, 26, 26,
                                26, 26, 26, 26, 26, 26, 26, 26,
                                26, 26, 26, 26, 26, 26, 26, 26,
                                26, 26, 26, 26, 26, 26, 26, 26,
                                26, 26, 26, 26, 26, 26, 26, 26,
                                26, 26, 27, 27, 27, 27, 27, 27,
                                27, 27, 27, 27, 27, 27, 27, 27,
                                27, 27, 27, 27, 27, 27, 27, 27,
                                27, 27 ]
                            ccw TRUE
                            solid FALSE
                            convex TRUE
                            creaseAngle 0

                          }

                        }

                    } ]

                }

            }

        }

    }

}
