#VRML V2.0 utf8


Group {
  children 
    DEF o0 Group {
      children 
        DEF o1 Group {
          children 
            DEF o2 Transform {
              translation -0 -0 -0
              rotation 0 0 1  0
              scale 1 1 1
              scaleOrientation 0 0 1  0
              center 0 0 0
              children 
                DEF o3 Group {
                  children [ 
                    DEF o4 Group {
                      children 
                        DEF o5 Transform {
                          translation 0 0 0
                          rotation 0 0 1  0
                          scale 1 1 1
                          scaleOrientation 0 0 1  0
                          center 0 0 0

                        }

                    },
                      
                    DEF o6 Group {
                      children 
                        DEF o7 Transform {
                          translation 0 0 0
                          rotation 0 0 1  0
                          scale 1 1 1
                          scaleOrientation 0 0 1  0
                          center 0 0 0

                        }

                    },
                      
                    DEF o8 Group {
                      children 
                        DEF o9 Transform {
                          translation 0 0 0
                          rotation 0 0 1  0
                          scale 1 1 1
                          scaleOrientation 0 0 1  0
                          center 0 0 0

                        }

                    },
                      
                    DEF o10 Group {
                      children 
                        DEF o11 Transform {
                          translation 0 0 4
                          rotation 0 0 1  0
                          scale 1 1 1
                          scaleOrientation 0 0 1  0
                          center 0 0 0

                        }

                    },
                      
                    DEF o12 Group {
                      children 
                        DEF o13 Transform {
                          translation 0 0 0
                          rotation 1 0 0  1.5707964
                          scale 1 1 1
                          scaleOrientation 0 0 1  0
                          center 0 0 0

                        }

                    },
                      
                    DEF o14 Group {
                      children 
                        DEF o15 Transform {
                          translation 0 0 0
                          rotation 0 0 1  0
                          scale 1 1 1
                          scaleOrientation 0 0 1  0
                          center 0 0 0
                          children 
                            DEF o16 Group {
                              children [ 
                                DEF o17 Group {
                                  children 
                                    DEF o18 Shape {
                                      appearance 
                                      Appearance {
                                        material 
                                        Material {
                                          emissiveColor 0.098039217 0.098039217 0.098039217

                                        }

                                      }
                                      geometry 
                                      PointSet {
                                        coord 
                                        DEF o19 Coordinate {
                                          point [ 1 0 0,
                                              1 0 4,
                                              0.9749279 0.22252093 4,
                                              0.90096885 0.43388373 4,
                                              0.7818315 0.6234898 4,
                                              0.6234898 0.7818315 4,
                                              0.43388373 0.90096885 4,
                                              0.22252093 0.9749279 4,
                                              6.1232343e-017 1 4,
                                              -0.22252093 0.9749279 4,
                                              -0.43388373 0.90096885 4,
                                              -0.6234898 0.7818315 4,
                                              -0.7818315 0.6234898 4,
                                              -0.90096885 0.43388373 4,
                                              -0.9749279 0.22252093 4,
                                              -1 1.2246469e-016 4,
                                              -0.9749279 -0.22252093 4,
                                              -0.90096885 -0.43388373 4,
                                              -0.7818315 -0.6234898 4,
                                              -0.6234898 -0.7818315 4,
                                              -0.43388373 -0.90096885 4,
                                              -0.22252093 -0.9749279 4,
                                              -1.8369701e-016 -1 4,
                                              0.22252093 -0.9749279 4,
                                              0.43388373 -0.90096885 4,
                                              0.6234898 -0.7818315 4,
                                              0.7818315 -0.6234898 4,
                                              0.90096885 -0.43388373 4,
                                              0.9749279 -0.22252093 4,
                                              1 0 4,
                                              1 0 0,
                                              0.9749279 0.22252093 0,
                                              0.90096885 0.43388373 0,
                                              0.7818315 0.6234898 0,
                                              0.6234898 0.7818315 0,
                                              0.43388373 0.90096885 0,
                                              0.22252093 0.9749279 0,
                                              6.1232343e-017 1 0,
                                              -0.22252093 0.9749279 0,
                                              -0.43388373 0.90096885 0,
                                              -0.6234898 0.7818315 0,
                                              -0.7818315 0.6234898 0,
                                              -0.90096885 0.43388373 0,
                                              -0.9749279 0.22252093 0,
                                              -1 1.2246469e-016 0,
                                              -0.9749279 -0.22252093 0,
                                              -0.90096885 -0.43388373 0,
                                              -0.7818315 -0.6234898 0,
                                              -0.6234898 -0.7818315 0,
                                              -0.43388373 -0.90096885 0,
                                              -0.22252093 -0.9749279 0,
                                              -1.8369701e-016 -1 0,
                                              0.22252093 -0.9749279 0,
                                              0.43388373 -0.90096885 0,
                                              0.6234898 -0.7818315 0,
                                              0.7818315 -0.6234898 0,
                                              0.90096885 -0.43388373 0,
                                              0.9749279 -0.22252093 0,
                                              1 0 0,
                                              0.9749279 0.22252093 0,
                                              0.90096885 0.43388373 0,
                                              0.7818315 0.6234898 0,
                                              0.6234898 0.7818315 0,
                                              0.43388373 0.90096885 0,
                                              0.22252093 0.9749279 0,
                                              6.1232343e-017 1 0,
                                              -0.22252093 0.9749279 0,
                                              -0.43388373 0.90096885 0,
                                              -0.6234898 0.7818315 0,
                                              -0.7818315 0.6234898 0,
                                              -0.90096885 0.43388373 0,
                                              -0.9749279 0.22252093 0,
                                              -1 1.2246469e-016 0,
                                              -0.9749279 -0.22252093 0,
                                              -0.90096885 -0.43388373 0,
                                              -0.7818315 -0.6234898 0,
                                              -0.6234898 -0.7818315 0,
                                              -0.43388373 -0.90096885 0,
                                              -0.22252093 -0.9749279 0,
                                              -1.8369701e-016 -1 0,
                                              0.22252093 -0.9749279 0,
                                              0.43388373 -0.90096885 0,
                                              0.6234898 -0.7818315 0,
                                              0.7818315 -0.6234898 0,
                                              0.90096885 -0.43388373 0,
                                              0.9749279 -0.22252093 0,
                                              1 0 4,
                                              0.9749279 0.22252093 4,
                                              0.90096885 0.43388373 4,
                                              0.7818315 0.6234898 4,
                                              0.6234898 0.7818315 4,
                                              0.43388373 0.90096885 4,
                                              0.22252093 0.9749279 4,
                                              6.1232343e-017 1 4,
                                              -0.22252093 0.9749279 4,
                                              -0.43388373 0.90096885 4,
                                              -0.6234898 0.7818315 4,
                                              -0.7818315 0.6234898 4,
                                              -0.90096885 0.43388373 4,
                                              -0.9749279 0.22252093 4,
                                              -1 1.2246469e-016 4,
                                              -0.9749279 -0.22252093 4,
                                              -0.90096885 -0.43388373 4,
                                              -0.7818315 -0.6234898 4,
                                              -0.6234898 -0.7818315 4,
                                              -0.43388373 -0.90096885 4,
                                              -0.22252093 -0.9749279 4,
                                              -1.8369701e-016 -1 4,
                                              0.22252093 -0.9749279 4,
                                              0.43388373 -0.90096885 4,
                                              0.6234898 -0.7818315 4,
                                              0.7818315 -0.6234898 4,
                                              0.90096885 -0.43388373 4,
                                              0.9749279 -0.22252093 4,
                                              0.125 -1.5343383e-017 4,
                                              0.1220563 -0.026967827 4,
                                              0.11329018 -0.052823611 4,
                                              0.099054292 -0.07624466 4,
                                              0.080012731 -0.096036248 4,
                                              0.057090789 -0.11120085 4,
                                              0.03140799 -0.12098982 4,
                                              0.00421939 -0.12492875 4,
                                              -0.023154246 -0.12283681 4,
                                              -0.049394213 -0.11482689 4,
                                              -0.073243707 -0.10129342 4,
                                              -0.093563139 -0.082891122 4,
                                              -0.10938092 -0.060504679 4,
                                              -0.11993869 -0.035209544 4,
                                              -0.12472923 -0.0082232803 4,
                                              -0.12352347 0.01915608 4,
                                              -0.11637878 0.045617778 4,
                                              -0.10363789 0.069886975 4,
                                              -0.085912593 0.090796612 4,
                                              -0.064051703 0.10734235 4,
                                              -0.039099894 0.11872742 4,
                                              -0.012250076 0.12439828 4,
                                              0.015209266 0.12407125 4,
                                              0.041951135 0.11775015 4,
                                              0.066672072 0.10573473 4,
                                              0.088164568 0.088611551 4,
                                              0.10537852 0.067233682 4,
                                              0.1174862 0.042684793 4,
                                              0.12311772 0.021610914 4,
                                              0.125 -1.5343383e-017 4,
                                              0.1220563 -0.026967827 4,
                                              0.11329018 -0.052823611 4,
                                              0.099054292 -0.07624466 4,
                                              0.080012731 -0.096036248 4,
                                              0.057090789 -0.11120085 4,
                                              0.03140799 -0.12098982 4,
                                              0.00421939 -0.12492875 4,
                                              -0.023154246 -0.12283681 4,
                                              -0.049394213 -0.11482689 4,
                                              -0.073243707 -0.10129342 4,
                                              -0.093563139 -0.082891122 4,
                                              -0.10938092 -0.060504679 4,
                                              -0.11993869 -0.035209544 4,
                                              -0.12472923 -0.0082232803 4,
                                              -0.12352347 0.01915608 4,
                                              -0.11637878 0.045617778 4,
                                              -0.10363789 0.069886975 4,
                                              -0.085912593 0.090796612 4,
                                              -0.064051703 0.10734235 4,
                                              -0.039099894 0.11872742 4,
                                              -0.012250076 0.12439828 4,
                                              0.015209266 0.12407125 4,
                                              0.041951135 0.11775015 4,
                                              0.066672072 0.10573473 4,
                                              0.088164568 0.088611551 4,
                                              0.10537852 0.067233682 4,
                                              0.1174862 0.042684793 4,
                                              0.12311772 0.021610914 4,
                                              0.125 -1.5343383e-017 4,
                                              0.16308913 1.1255766e-016 4.5758572,
                                              0.26612353 2.1281887e-016 5.0274749,
                                              0.38019884 2.7115108e-016 5.2900624,
                                              0.52128875 3.1550934e-016 5.4898839,
                                              0.66551781 3.4363428e-016 5.6164508,
                                              0.80816013 3.603262e-016 5.6918292,
                                              0.9638893 3.6965788e-016 5.7337193,
                                              1.1337485 3.7171787e-016 5.7429905,
                                              1.317461 3.6649247e-016 5.7192035,
                                              1.5133333 3.5368575e-016 5.6618075,
                                              1.7890999 3.2507579e-016 5.5329638,
                                              2.1119888 2.7737052e-016 5.3180676,
                                              2.5464089 1.8992534e-016 4.924304,
                                              2.9860981 7.21448e-017 4.3938918,
                                              3.3612356 -5.7345262e-017 3.8106971,
                                              3.6951761 -2.0505438e-016 3.1454763,
                                              3.972023 -3.6661696e-016 2.4178243,
                                              4.1811662 -5.3800526e-016 1.645974,
                                              4.3154483 -7.1403295e-016 0.85326225,
                                              4.3750648 -9.0041635e-016 0.013838832,
                                              4.3750648 -9.0041635e-016 0.013838832,
                                              4.378696 0.029914457 0.01393004,
                                              4.3893785 0.058090396 0.014198364,
                                              4.4064913 0.082890332 0.014628209,
                                              4.42904 0.10287298 0.015194596,
                                              4.4557142 0.11687703 0.015864605,
                                              4.4849634 0.12408861 0.016599301,
                                              4.5150881 0.12408861 0.017355986,
                                              4.5443373 0.11687703 0.018090682,
                                              4.5710115 0.10287298 0.018760692,
                                              4.5935597 0.082890332 0.019327078,
                                              4.610673 0.058090396 0.019756924,
                                              4.6213551 0.029914457 0.020025248,
                                              4.6249862 -7.5738129e-016 0.020116456,
                                              4.6213551 -0.029914457 0.020025248,
                                              4.610673 -0.058090396 0.019756924,
                                              4.5935597 -0.082890332 0.019327078,
                                              4.5710115 -0.10287298 0.018760692,
                                              4.5443373 -0.11687703 0.018090682,
                                              4.5150881 -0.12408861 0.017355986,
                                              4.4849634 -0.12408861 0.016599301,
                                              4.4557142 -0.11687703 0.015864605,
                                              4.42904 -0.10287298 0.015194596,
                                              4.4064913 -0.082890332 0.014628209,
                                              4.3893785 -0.058090396 0.014198364,
                                              4.378696 -0.029914457 0.01393004,
                                              0.16308913 1.1255766e-016 4.5758572,
                                              0.26612353 2.1281887e-016 5.0274749,
                                              0.38019884 2.7115108e-016 5.2900624,
                                              0.52128875 3.1550934e-016 5.4898839,
                                              0.66551781 3.4363428e-016 5.6164508,
                                              0.80816013 3.603262e-016 5.6918292,
                                              0.9638893 3.6965788e-016 5.7337193,
                                              1.1337485 3.7171787e-016 5.7429905,
                                              1.317461 3.6649247e-016 5.7192035,
                                              1.5133333 3.5368575e-016 5.6618075,
                                              1.7890999 3.2507579e-016 5.5329638,
                                              2.1119888 2.7737052e-016 5.3180676,
                                              2.5464089 1.8992534e-016 4.924304,
                                              2.9860981 7.21448e-017 4.3938918,
                                              3.3612356 -5.7345262e-017 3.8106971,
                                              3.6951761 -2.0505438e-016 3.1454763,
                                              3.972023 -3.6661696e-016 2.4178243,
                                              4.1811662 -5.3800526e-016 1.645974,
                                              4.3154483 -7.1403295e-016 0.85326225,
                                              0.27097654 0.088138469 5.1451383,
                                              0.27097654 -0.088138469 5.1451383,
                                              0.72798967 0.088138469 5.6956358,
                                              0.72798967 -0.088138469 5.6956358,
                                              1.0281407 0.088138469 5.777667,
                                              1.0281407 -0.088138469 5.777667,
                                              2.1540418 0.088138469 5.3314948,
                                              2.1540418 -0.088138469 5.3314948,
                                              2.5598779 0.088138469 4.9628067,
                                              2.6234989 0.12499997 5.0243945,
                                              2.208303 0.12499997 5.4014692,
                                              2.6870685 0.088391013 5.0859318,
                                              2.2625201 0.088391013 5.4713864,
                                              2.2849569 9.4591007e-016 5.5003209,
                                              2.7133758 2.4886858e-016 5.1113982,
                                              2.6870685 -0.088391013 5.0859318,
                                              2.2625201 -0.088391013 5.4713864,
                                              2.6234989 -0.12499997 5.0243945,
                                              2.208303 -0.12499997 5.4014692,
                                              2.5598779 -0.088138469 4.9628067,
                                              2.9567215 0.088138469 4.4947972,
                                              3.0273032 0.12499997 4.5482664,
                                              3.0978272 0.088391013 4.6016917,
                                              3.1270127 1.4305079e-016 4.6238008,
                                              3.0978272 -0.088391013 4.6016917,
                                              3.0273032 -0.12499997 4.5482664,
                                              2.9567215 -0.088138469 4.4947972,
                                              0.11983983 0.060151882 4.3046579,
                                              0.1125977 0.071804792 4.30512,
                                              0.068382896 0.10765205 4.208519,
                                              0.034516558 0.12143643 4.2099237,
                                              0.051954269 0.1157921 4.2092004,
                                              0.10411207 0.082605265 4.3056607,
                                              0.016448326 0.1244652 4.2106733,
                                              0.09448608 0.092414267 4.3062749,
                                              -0.0018604678 0.12481632 4.2114329,
                                              0.083837867 0.10110743 4.3069534,
                                              0.072298288 0.10857614 4.3076897,
                                              -0.020016367 0.1224856 4.2121859,
                                              0.060008958 0.11472821 4.3084731,
                                              -0.037630014 0.1175263 4.2129164,
                                              0.047120407 0.11948852 4.3092947,
                                              0.033790406 0.12279952 4.3101449,
                                              0.020182338 0.12462187 4.3110123,
                                              0.0064631617 0.12493497 4.3118873,
                                              -0.0091749066 -0.12420282 4.2117362,
                                              -0.027159819 -0.12080938 4.212482,
                                              0.0091198115 -0.12492889 4.2109771,
                                              0.027331611 -0.1229687 4.2102218,
                                              0.045068212 -0.11836113 4.209486,
                                              0.061945509 -0.11120292 4.208786,
                                              0.077595718 -0.10164821 4.2081366,
                                              0.014689781 -0.12492903 4.3113627,
                                              0.028362468 -0.12370995 4.3104911,
                                              0.041823752 -0.12099169 4.3096328,
                                              0.054908462 -0.11680613 4.3087983,
                                              0.067456387 -0.11120363 4.3079982,
                                              0.079313889 -0.10425229 4.3072419,
                                              0.090335585 -0.096037567 4.3065395,
                                              0.10038606 -0.086661555 4.3058987,
                                              0.10934184 -0.07624241 4.3053274,
                                              0.11709349 -0.064913481 4.3048334,
                                              0.25078455 0.088138469 5.0931883,
                                              0.20099849 0.088138469 4.9397154,
                                              0.21266542 0.11540393 5.107183,
                                              0.18886267 0.12499997 5.1782742,
                                              0.30825752 0.088138469 5.2297115,
                                              0.24430239 0.12069788 5.2252436,
                                              0.27154598 0.11540393 5.2470665,
                                              0.4086065 0.088138469 5.4052768,
                                              0.47355315 0.088138469 5.4905653,
                                              0.21266542 -0.11540393 5.107183,
                                              0.18886267 -0.12499997 5.1782742,
                                              0.25078455 -0.088138469 5.0931883,
                                              0.20099849 -0.088138469 4.9397154,
                                              0.38443086 0.12069788 5.4681649,
                                              0.40581295 0.12499997 5.5475912,
                                              0.37503976 0.11540393 5.4281287,
                                              0.24430239 -0.12069788 5.2252436,
                                              0.48385236 0.088138469 5.5025201,
                                              0.18870045 -0.047835544 5.4395771,
                                              0.18870045 0.047835544 5.4395771,
                                              0.14592049 0.032352395 5.3732615,
                                              0.30825752 -0.088138469 5.2297115,
                                              0.27154598 -0.11540393 5.2470665,
                                              0.54919058 0.062156841 5.5425878,
                                              0.22484004 -0.032352395 5.5072575,
                                              0.48849517 0.12069788 5.5894213,
                                              0.55642879 0.088138469 5.5765405,
                                              0.52904451 0.11540393 5.606524,
                                              0.38443086 -0.12069788 5.4681649,
                                              0.47355315 -0.088138469 5.4905653,
                                              0.40581295 -0.12499997 5.5475912,
                                              0.4086065 -0.088138469 5.4052768,
                                              0.37503976 -0.11540393 5.4281287,
                                              0.55763006 0.12499997 5.6926274,
                                              0.68593919 0.088138469 5.6725016,
                                              0.41121039 -0.032352395 5.7274737,
                                              0.41121039 0.032352395 5.7274737,
                                              0.31011736 4.1886626e-016 5.6281509,
                                              0.66512847 0.11540393 5.7073708,
                                              0.68753272 0.12499997 5.7744007,
                                              0.48385236 -0.088138469 5.5025201,
                                              0.46675891 -0.047835544 5.7682738,
                                              0.46675891 0.047835544 5.7682738,
                                              0.76106906 0.088138469 5.7114778,
                                              0.74430579 0.11540393 5.7484632,
                                              0.54919058 -0.062156841 5.5425878,
                                              0.48849517 -0.12069788 5.5894213,
                                              0.55642879 -0.088138469 5.5765405,
                                              0.52904451 -0.11540393 5.606524,
                                              0.55763006 -0.12499997 5.6926274,
                                              0.75781417 0.062500454 5.9218373,
                                              0.64710873 0.088391013 5.8531017,
                                              0.63037986 3.5388359e-016 5.8856707,
                                              0.66512847 -0.11540393 5.7073708,
                                              0.68753272 -0.12499997 5.7744007,
                                              0.68593919 -0.088138469 5.6725016,
                                              0.99284691 0.088138469 5.7743435,
                                              0.9246223 0.088138469 5.7636318,
                                              0.75781417 -0.062500454 5.9218373,
                                              0.64710873 -0.088391013 5.8531017,
                                              0.98807573 0.11540393 5.8146691,
                                              1.0213314 0.12499997 5.8659525,
                                              0.74430579 -0.11540393 5.7484632,
                                              0.76106906 -0.088138469 5.7114778,
                                              0.88065231 0.032352395 5.9683561,
                                              0.81794411 0.047835544 5.9480343,
                                              0.81794411 -0.047835544 5.9480343,
                                              1.0810266 0.088138469 5.7800112,
                                              0.88065231 -0.032352395 5.9683561,
                                              1.0802602 0.11540393 5.820611,
                                              1.2727131 0.062156841 5.7446642,
                                              1.2518077 0.088138469 5.7680926,
                                              0.98807573 -0.11540393 5.8146691,
                                              1.0213314 -0.12499997 5.8659525,
                                              0.99284691 -0.088138469 5.7743435,
                                              0.9246223 -0.088138469 5.7636318,
                                              1.3017881 0.12069788 5.816617,
                                              1.2577045 0.11540393 5.8082695,
                                              1.2147607 0.047835544 5.9783239,
                                              1.0145277 0.088391013 5.9541664,
                                              1.0117121 4.0712639e-016 5.9906721,
                                              1.3489408 0.088138469 5.7494359,
                                              1.3731219 0.088138469 5.7435665,
                                              1.0802602 -0.11540393 5.820611,
                                              1.2147607 -0.047835544 5.9783239,
                                              1.0145277 -0.088391013 5.9541664,
                                              1.0810266 -0.088138469 5.7800112,
                                              1.4487801 0.088138469 5.7222023,
                                              1.4389689 0.12069788 5.7837896,
                                              1.3945221 0.12499997 5.8294892,
                                              1.4607396 0.11540393 5.7610078,
                                              1.3017881 -0.12069788 5.816617,
                                              1.2577045 -0.11540393 5.8082695,
                                              1.2518077 -0.088138469 5.7680926,
                                              1.6385345 0.088138469 5.6498141,
                                              1.7534173 0.088138469 5.5937614,
                                              1.2727131 -0.062156841 5.7446642,
                                              1.7005262 0.12069788 5.6829991,
                                              1.6550468 0.11540393 5.6869121,
                                              1.7944117 0.12499997 5.6722479,
                                              1.3489408 -0.088138469 5.7494359,
                                              1.3731219 -0.088138469 5.7435665,
                                              1.4389689 -0.12069788 5.7837896,
                                              1.3945221 -0.12499997 5.8294892,
                                              1.7800637 0.088138469 5.5795021,
                                              1.4487801 -0.088138469 5.7222023,
                                              1.4607396 -0.11540393 5.7610078,
                                              1.9793389 0.088138469 5.4583302,
                                              1.7005262 -0.12069788 5.6829991,
                                              1.7534173 -0.088138469 5.5937614,
                                              1.7944117 -0.12499997 5.6722479,
                                              1.6385345 -0.088138469 5.6498141,
                                              1.6550468 -0.11540393 5.6869121,
                                              1.7800637 -0.088138469 5.5795021,
                                              1.9793389 -0.088138469 5.4583302,
                                              2.9861567 0.088138469 4.455337,
                                              3.1759572 0.088138469 4.1829762,
                                              3.3310416 0.088138469 3.9348519,
                                              2.9861567 -0.088138469 4.455337,
                                              3.3620448 0.088138469 3.8821428,
                                              3.4070194 0.12499997 3.9803276,
                                              3.1759572 -0.088138469 4.1829762,
                                              3.3310416 -0.088138469 3.9348519,
                                              3.534929 0.088138469 3.566442,
                                              3.6697011 0.088138469 3.2903984,
                                              3.3620448 -0.088138469 3.8821428,
                                              3.4070194 -0.12499997 3.9803276,
                                              3.6992803 0.088138469 3.2256444,
                                              3.7499518 0.12499997 3.3278215,
                                              3.534929 -0.088138469 3.566442,
                                              3.6697011 -0.088138469 3.2903984,
                                              3.8487325 0.088138469 2.8705158,
                                              3.9597938 0.088138469 2.5688388,
                                              3.6992803 -0.088138469 3.2256444,
                                              3.7499518 -0.12499997 3.3278215,
                                              3.9834447 0.088138469 2.4992883,
                                              4.0434055 0.12499997 2.5979903,
                                              3.8487325 -0.088138469 2.8705158,
                                              3.9597938 -0.088138469 2.5688388,
                                              4.1033101 0.088138469 2.1088052,
                                              4.1885538 0.088138469 1.7775271,
                                              4.202816 0.088138469 1.7158722,
                                              4.274684 0.12499997 1.7980771,
                                              3.9834447 -0.088138469 2.4992883,
                                              4.0434055 -0.12499997 2.5979903,
                                              4.2873349 0.088138469 1.2940882,
                                              4.3433037 0.088138469 0.9237569,
                                              4.1033101 -0.088138469 2.1088052,
                                              4.1885538 -0.088138469 1.7775271,
                                              4.3474803 0.088138469 0.89078224,
                                              4.4310927 0.12499997 0.93532455,
                                              4.202816 -0.088138469 1.7158722,
                                              4.274684 -0.12499997 1.7980771,
                                              4.3771133 0.070767686 0.44066963,
                                              4.2873349 -0.088138469 1.2940882,
                                              4.3433037 -0.088138469 0.9237569,
                                              4.3474803 -0.088138469 0.89078224,
                                              4.4310927 -0.12499997 0.93532455,
                                              4.3771133 -0.070767686 0.44066963,
                                              0.11005785 0.061753426 4.1050816,
                                              -0.10795352 0.060514834 4.1094975,
                                              -0.054323934 0.11004807 4.2136092,
                                              0.1303471 0.062549666 4.4453368,
                                              0.082164079 0.10718804 4.4031544,
                                              0.12676668 0.068398193 4.4456925,
                                              0.12286923 0.07404419 4.4460797,
                                              0.11866634 0.079469584 4.4464974,
                                              0.11417093 0.084656782 4.4469442,
                                              0.10939721 0.089588769 4.4474187,
                                              -0.12245358 -0.0063979528 4.1456804,
                                              -0.10067011 -0.072128713 4.1093497,
                                              -0.044449329 -0.11482462 4.2131996,
                                              -0.11307608 -0.032568254 4.2681389,
                                              -0.1093877 0.041320596 4.2851343,
                                              -0.11986462 -0.0054847598 4.2163277,
                                              -0.11419251 -0.0041138604 4.3195806,
                                              -0.098986574 -0.066804305 4.2501688,
                                              0.16902779 0.069118865 4.737433,
                                              0.14757116 0.11540393 4.8974805,
                                              0.1537929 0.088138469 4.7403636,
                                              0.11229096 -0.086664312 4.4471312,
                                              0.11689963 -0.081577383 4.4466729,
                                              0.12122134 -0.076245338 4.4462438,
                                              0.12524262 -0.070685573 4.4458442,
                                              0.15271968 0.12069788 4.9749403,
                                              0.10110149 0.12499997 4.909265,
                                              0.096527398 0.12075133 5.0134144,
                                              0.12895137 -0.064915992 4.4454756,
                                              0.00010203658 -0.052827474 4.9708481,
                                              -0.0055764909 0.016315775 4.9903259,
                                              -0.020150278 2.0056246e-016 4.9400139,
                                              0.0077244574 2.4540884e-016 5.0399652,
                                              0.014194947 0.062500454 5.0026331,
                                              0.15532477 0.12260807 5.1600404,
                                              0.063129783 0.076096416 5.1264701,
                                              0.072861619 2.4633073e-016 5.2250848,
                                              0.10681559 0.088391013 5.2113829,
                                              0.16902779 -0.069118865 4.737433,
                                              0.14757116 -0.11540393 4.8974805,
                                              0.1537929 -0.088138469 4.7403636,
                                              0.10606502 -0.10742584 4.6083035,
                                              0.028053652 4.1420181e-016 5.1038518,
                                              0.17179269 0.12075133 5.2214484,
                                              0.20736419 0.12204725 5.2867656,
                                              0.063129783 -0.076096416 5.1264701,
                                              0.10681559 -0.088391013 5.2113829,
                                              0.35381484 0.088138469 5.317349,
                                              0.28251517 0.12499997 5.3710322,
                                              0.1528881 0.10239964 5.275928,
                                              0.15271968 -0.12069788 4.9749403,
                                              0.10110149 -0.12499997 4.909265,
                                              0.096527398 -0.12075133 5.0134144,
                                              0.17724949 0.10826056 5.3059783,
                                              0.19094674 0.11211775 5.3174553,
                                              0.2208185 0.1192252 5.3369756,
                                              0.20080224 0.099173963 5.3811769,
                                              0.11012972 -0.032352395 5.3003502,
                                              0.15532477 -0.12260807 5.1600404,
                                              0.22531779 0.10393977 5.4109883,
                                              0.27409056 0.12075133 5.4201603,
                                              0.13769019 -0.088391013 5.2828422,
                                              0.17179269 -0.12075133 5.2214484,
                                              0.27104217 0.11549469 5.4445157,
                                              0.30868173 0.12311041 5.45439,
                                              0.15392388 -0.088391013 5.3172317,
                                              0.27620468 0.11211775 5.4662333,
                                              0.1886038 -0.11549469 5.2957554,
                                              0.1666192 -0.093983628 5.3294992,
                                              0.17119114 -0.080350086 5.3676476,
                                              0.2405863 0.076096416 5.4919639,
                                              0.26912388 0.088391013 5.5147982,
                                              0.21516491 -0.11549469 5.348248,
                                              0.35621908 0.12075133 5.5381045,
                                              0.33812785 0.088391013 5.6045709,
                                              0.29150501 0.088391013 5.5458317,
                                              0.22531779 -0.10393977 5.4109883,
                                              0.23727125 -0.12075133 5.3566308,
                                              0.28251517 -0.12499997 5.3710322,
                                              0.23888934 -0.099173963 5.4464731,
                                              0.26792163 0.032352395 5.5683246,
                                              0.41139826 0.12075133 5.6028247,
                                              0.28240639 -0.1192252 5.4432573,
                                              0.28454608 -0.11211775 5.4787526,
                                              0.35381484 -0.088138469 5.317349,
                                              0.2903963 -0.10826056 5.5000262,
                                              0.40269229 0.10239964 5.6508646,
                                              0.31735578 -0.12204725 5.4766574,
                                              0.46646175 0.12204725 5.6508732,
                                              0.30492547 -0.10239964 5.5358982,
                                              0.43594453 0.10826056 5.6708369,
                                              0.45749435 0.11211775 5.6810803,
                                              0.62811238 0.088138469 5.6346445,
                                              0.35621908 -0.12075133 5.5381045,
                                              0.33812785 -0.088391013 5.6045709,
                                              0.48664695 0.11549469 5.6968813,
                                              0.5103361 0.12075133 5.6965156,
                                              0.45643321 0.095759571 5.7137613,
                                              0.50548989 0.10393977 5.7402143,
                                              0.52497685 0.062500454 5.8028679,
                                              0.40269229 -0.10239964 5.6508646,
                                              0.41139826 -0.12075133 5.6028247,
                                              0.53534085 0.10826056 5.7540488,
                                              0.59177625 0.11837673 5.7656798,
                                              0.43594453 -0.10826056 5.6708369,
                                              0.45643321 -0.095759571 5.7137613,
                                              0.45749435 -0.11211775 5.6810803,
                                              0.46646175 -0.12204725 5.6508732,
                                              0.6081357 0.11088461 5.7964926,
                                              0.65204376 0.12260807 5.7832313,
                                              0.51535672 4.1815785e-016 5.8165765,
                                              0.52497685 -0.062500454 5.8028679,
                                              0.48664695 -0.11549469 5.6968813,
                                              0.50548989 -0.10393977 5.7402143,
                                              0.5103361 -0.12075133 5.6965156,
                                              0.6953094 0.12260807 5.8054943,
                                              0.82026267 0.088138469 5.7350965,
                                              0.53534085 -0.10826056 5.7540488,
                                              0.85515618 0.069118865 5.7301955,
                                              0.89912045 0.11540393 5.7997389,
                                              0.84544706 0.098980561 5.7563095,
                                              0.81951332 0.12499997 5.8281031,
                                              0.74382436 0.11837673 5.8439832,
                                              0.59177625 -0.11837673 5.7656798,
                                              0.6081357 -0.11088461 5.7964926,
                                              0.62811238 -0.088138469 5.6346445,
                                              0.78679889 0.10826056 5.8833308,
                                              0.65204376 -0.12260807 5.7832313,
                                              0.84359443 0.12075133 5.868814,
                                              0.81437677 0.10393977 5.8991742,
                                              0.8568908 0.11549469 5.8882546,
                                              0.7522766 3.8482247e-016 5.9376426,
                                              0.6953094 -0.12260807 5.8054943,
                                              0.88509142 0.11211775 5.9024038,
                                              0.86219794 0.095759571 5.9229879,
                                              0.92114311 0.12311041 5.8752284,
                                              0.74382436 -0.11837673 5.8439832,
                                              0.9346621 0.11211775 5.9116054,
                                              0.78679889 -0.10826056 5.8833308,
                                              0.96036351 0.10543044 5.9273152,
                                              0.9994548 0.12260807 5.8886204,
                                              0.81437677 -0.10393977 5.8991742,
                                              0.81951332 -0.12499997 5.8281031,
                                              0.86219794 -0.095759571 5.9229879,
                                              0.84359443 -0.12075133 5.868814,
                                              0.89912045 -0.11540393 5.7997389,
                                              1.0490547 0.12260807 5.8920631,
                                              1.1818649 0.12499997 5.8652182,
                                              0.8568908 -0.11549469 5.8882546,
                                              0.82026267 -0.088138469 5.7350965,
                                              0.88509142 -0.11211775 5.9024038,
                                              0.84544706 -0.098980561 5.7563095,
                                              1.1550425 0.088138469 5.7783275,
                                              0.85515618 -0.069118865 5.7301955,
                                              0.9346621 -0.11211775 5.9116054,
                                              0.92114311 -0.12311041 5.8752284,
                                              0.96036351 -0.10543044 5.9273152,
                                              0.9994548 -0.12260807 5.8886204,
                                              1.220062 0.12075133 5.8941569,
                                              1.1987553 0.10393977 5.9335709,
                                              1.2398928 0.11549469 5.9074445,
                                              1.2615321 0.12311041 5.87814,
                                              1.0490547 -0.12260807 5.8920631,
                                              1.1818649 -0.12499997 5.8652182,
                                              1.2630204 0.11211775 5.9118867,
                                              1.3577051 0.12075133 5.8714499,
                                              1.4159049 0.088391013 5.9153419,
                                              1.1987553 -0.10393977 5.9335709,
                                              1.4295985 0.12075133 5.8537865,
                                              1.220062 -0.12075133 5.8941569,
                                              1.2398928 -0.11549469 5.9074445,
                                              1.1550425 -0.088138469 5.7783275,
                                              1.2615321 -0.12311041 5.87814,
                                              1.2630204 -0.11211775 5.9118867,
                                              1.5371029 0.088138469 5.6917477,
                                              1.5800008 0.12499997 5.7701554,
                                              1.4807429 0.088391013 5.8975153,
                                              1.4247539 3.989864e-016 5.9508705,
                                              1.3577051 -0.12075133 5.8714499,
                                              1.4159049 -0.088391013 5.9153419,
                                              1.5577166 3.549468e-016 5.9113364,
                                              1.513312 0.088391013 5.8874621,
                                              1.4807429 -0.088391013 5.8975153,
                                              1.4295985 -0.12075133 5.8537865,
                                              1.513312 -0.088391013 5.8874621,
                                              1.7179047 0.11329753 5.7690797,
                                              1.7687201 0.12075133 5.721859,
                                              1.8353727 0.088391013 5.7506709,
                                              1.7002839 3.9288085e-016 5.8560638,
                                              1.8523238 3.7502085e-016 5.7831249,
                                              1.7231052 0.088391013 5.8058448,
                                              1.7881968 0.099173963 5.7610641,
                                              1.8449734 0.062156841 5.5198312,
                                              1.9171195 0.10812271 5.5294771,
                                              1.8801464 0.12393872 5.6436925,
                                              1.7231052 -0.088391013 5.8058448,
                                              1.8809382 0.10239964 5.7069631,
                                              1.5371029 -0.088138469 5.6917477,
                                              1.5800008 -0.12499997 5.7701554,
                                              1.9030701 0.10826056 5.6838422,
                                              1.7179047 -0.11329753 5.7690797,
                                              1.7881968 -0.099173963 5.7610641,
                                              1.8353727 -0.088391013 5.7506709,
                                              1.7687201 -0.12075133 5.721859,
                                              1.8809382 -0.10239964 5.7069631,
                                              2.1182892 0.12499997 5.469255,
                                              2.0682881 0.12453048 5.5180693,
                                              2.114738 0.10826056 5.5486708,
                                              1.8801464 -0.12393872 5.6436925,
                                              1.9030701 -0.10826056 5.6838422,
                                              2.1463077 0.11549469 5.5081077,
                                              2.185478 0.10826056 5.4975362,
                                              1.8449734 -0.062156841 5.5198312,
                                              1.9171195 -0.10812271 5.5294771,
                                              2.185478 -0.10826056 5.4975362,
                                              2.1182892 -0.12499997 5.469255,
                                              2.0682881 -0.12453048 5.5180693,
                                              2.114738 -0.10826056 5.5486708,
                                              2.1463077 -0.11549469 5.5081077,
                                              3.0436904 0.062156841 4.3419046,
                                              3.1251726 0.10812271 4.3049664,
                                              3.1157162 0.12393872 4.4556923,
                                              3.13536 0.10239964 4.5230441,
                                              3.1531639 0.10826056 4.4828062,
                                              3.13536 -0.10239964 4.5230441,
                                              3.3291774 0.12499997 4.108017,
                                              3.2880719 0.12453048 4.1930804,
                                              3.1157162 -0.12393872 4.4556923,
                                              3.1531639 -0.10826056 4.4828062,
                                              3.3697169 0.11549469 4.133534,
                                              3.3460207 0.10826056 4.1984634,
                                              3.408509 0.10826056 4.0988159,
                                              3.4829354 0.088391013 4.0257664,
                                              3.4135716 0.062156841 3.7514117,
                                              3.4912508 0.10812271 3.704777,
                                              3.0436904 -0.062156841 4.3419046,
                                              3.1251726 -0.10812271 4.3049664,
                                              3.4915841 0.12393872 3.8672237,
                                              3.5161841 0.10239964 3.9358964,
                                              3.5143521 3.155078e-017 4.0445709,
                                              3.5317321 0.10826056 3.8901508,
                                              3.3697169 -0.11549469 4.133534,
                                              3.3460207 -0.10826056 4.1984634,
                                              3.2880719 -0.12453048 4.1930804,
                                              3.408509 -0.10826056 4.0988159,
                                              3.4829354 -0.088391013 4.0257664,
                                              3.3291774 -0.12499997 4.108017,
                                              3.5161841 -0.10239964 3.9358964,
                                              3.6827424 0.12499997 3.469198,
                                              3.6477754 0.12453048 3.564101,
                                              3.4915841 -0.12393872 3.8672237,
                                              3.5317321 -0.10826056 3.8901508,
                                              3.7257211 0.11549469 3.49035,
                                              3.7060869 0.10826056 3.5631504,
                                              3.7617116 0.10826056 3.449681,
                                              3.8301375 0.088391013 3.3652141,
                                              3.7418585 0.062156841 3.0793746,
                                              3.8150301 0.10812271 3.0234077,
                                              3.4135716 -0.062156841 3.7514117,
                                              3.4912508 -0.10812271 3.704777,
                                              3.8273492 0.12393872 3.195801,
                                              3.8572598 0.10239964 3.2651985,
                                              3.8633211 -1.1288334e-016 3.3806884,
                                              3.8696337 0.10826056 3.2144966,
                                              3.7257211 -0.11549469 3.49035,
                                              3.7060869 -0.10826056 3.5631504,
                                              3.6477754 -0.12453048 3.564101,
                                              3.7617116 -0.10826056 3.449681,
                                              3.8301375 -0.088391013 3.3652141,
                                              3.6827424 -0.12499997 3.469198,
                                              3.8572598 -0.10239964 3.2651985,
                                              3.9884713 0.12499997 2.7519979,
                                              3.9306579 0.12307706 2.8439758,
                                              3.9760301 0.12393872 2.8319299,
                                              3.8273492 -0.12393872 3.195801,
                                              3.8696337 -0.10826056 3.2144966,
                                              4.0562067 0.10239964 2.775774,
                                              4.1269488 0.088391013 2.6271181,
                                              4.0192027 0.10826056 2.8484709,
                                              4.0137682 0.062156841 2.3413661,
                                              4.0828047 0.10812271 2.2723179,
                                              3.7418585 -0.062156841 3.0793746,
                                              3.8150301 -0.10812271 3.0234077,
                                              4.1098571 0.12393872 2.4506876,
                                              4.1457076 0.10239964 2.5194368,
                                              4.1615219 -2.906206e-016 2.6391721,
                                              4.1538067 0.10826056 2.4650381,
                                              4.0562067 -0.10239964 2.775774,
                                              4.1269488 -0.088391013 2.6271181,
                                              4.0192027 -0.10826056 2.8484709,
                                              3.9760301 -0.12393872 2.8319299,
                                              3.9884713 -0.12499997 2.7519979,
                                              3.9306579 -0.12307706 2.8439758,
                                              4.1457076 -0.10239964 2.5194368,
                                              4.2331066 0.12499997 1.9668379,
                                              4.1832604 0.12307706 2.0701511,
                                              4.2277336 0.12393872 2.0515876,
                                              4.1098571 -0.12393872 2.4506876,
                                              4.1538067 -0.10826056 2.4650381,
                                              4.3030715 0.10239964 1.9829733,
                                              4.360744 0.088391013 1.8186104,
                                              4.2723522 0.10826056 2.0636981,
                                              4.2181048 0.062156841 1.5519987,
                                              4.2826924 0.10812271 1.462461,
                                              4.0137682 -0.062156841 2.3413661,
                                              4.0828047 -0.10812271 2.2723179,
                                              4.3267999 0.12393872 1.6409447,
                                              4.369123 0.10239964 1.7070005,
                                              4.3963585 -5.1521885e-016 1.8271078,
                                              4.3719721 0.10826056 1.6507918,
                                              4.3030715 -0.10239964 1.9829733,
                                              4.2723522 -0.10826056 2.0636981,
                                              4.2277336 -0.12393872 2.0515876,
                                              4.360744 -0.088391013 1.8186104,
                                              4.2331066 -0.12499997 1.9668379,
                                              4.1832604 -0.12307706 2.0701511,
                                              4.369123 -0.10239964 1.7070005,
                                              4.4047289 0.12499997 1.1237165,
                                              4.3967943 0.12453048 1.2435529,
                                              4.3267999 -0.12393872 1.6409447,
                                              4.3719721 -0.10826056 1.6507918,
                                              4.4520698 0.11549469 1.1310251,
                                              4.4533429 0.10826056 1.2178731,
                                              4.4758625 0.10826056 1.0702943,
                                              4.5188098 0.088391013 0.94688284,
                                              4.2181048 -0.062156841 1.5519987,
                                              4.2826924 -0.10812271 1.462461,
                                              4.4427452 0.1247676 0.7738772,
                                              4.505827 0.11182301 0.78098822,
                                              4.4958124 0.11933584 0.69759107,
                                              4.4474921 0.12448136 0.69260424,
                                              4.4520698 -0.11549469 1.1310251,
                                              4.4533429 -0.10826056 1.2178731,
                                              4.3967943 -0.12453048 1.2435529,
                                              4.4758625 -0.10826056 1.0702943,
                                              4.5188098 -0.088391013 0.94688284,
                                              4.4047289 -0.12499997 1.1237165,
                                              4.505827 -0.11182301 0.78098822,
                                              4.495584 0.12499999 0.16194724,
                                              4.4699616 0.12293691 0.23286791,
                                              4.4849567 0.12476857 0.23361626,
                                              4.5000625 0.12477352 0.23437011,
                                              4.4552999 0.1193061 0.23213619,
                                              4.4427452 -0.1247676 0.7738772,
                                              4.4958124 -0.11933584 0.69759107,
                                              4.5156412 0.1233848 0.16278271,
                                              4.5150509 0.12295309 0.23511814,
                                              4.5351777 0.11856712 0.16359651,
                                              4.4474921 -0.12448136 0.69260424,
                                              4.5536828 0.11067466 0.16436735,
                                              4.5536828 -0.11067466 0.16436735,
                                              4.5351777 -0.11856712 0.16359651,
                                              4.5150509 -0.12295309 0.23511814,
                                              4.5156412 -0.1233848 0.16278271,
                                              4.5000625 -0.12477352 0.23437011,
                                              4.495584 -0.12499999 0.16194724,
                                              4.4699616 -0.12293691 0.23286791,
                                              4.4552999 -0.1193061 0.23213619,
                                              4.4849567 -0.12476857 0.23361626,
                                              -0.10370371 0.06171114 4.2156572,
                                              -0.064432308 0.10075723 4.2995477,
                                              -0.080575801 0.085433766 4.3174372,
                                              0.14806074 0.062750824 4.5900865,
                                              0.10370994 0.10880648 4.6086459,
                                              -0.044773836 0.10741329 4.4232678,
                                              -0.10218787 0.039297897 4.3953123,
                                              -0.090163879 0.059507754 4.4318919,
                                              -0.064233467 0.088068895 4.4781179,
                                              0.011995401 0.12301707 4.556798,
                                              -0.032205235 0.10820463 4.5289264,
                                              -0.074768461 -0.091252543 4.3170667,
                                              -0.049992919 -0.11047434 4.2817955,
                                              -0.077788554 0.061642092 4.5364804,
                                              -0.019551666 0.10739292 4.6329322,
                                              0.066355951 0.12459185 4.6996698,
                                              0.018352494 0.12038911 4.6784015,
                                              -0.031358387 0.094722994 4.6714139,
                                              -0.046128549 0.061308887 4.7465878,
                                              0.047224082 0.12384754 4.7452793,
                                              -0.039935652 -0.10993459 4.4273434,
                                              -0.076971576 -0.083117351 4.3932586,
                                              -0.075384289 -0.064860873 4.5406141,
                                              0.064321451 0.12448999 4.8017592,
                                              0.012577057 -0.1247529 4.4341116,
                                              0.012753462 -0.12422835 4.4937692,
                                              0.018201338 0.10791595 4.8336444,
                                              0.0064722691 -0.12126733 4.5771289,
                                              -0.038868867 -0.097069241 4.6028986,
                                              0.044515047 -0.12431604 4.5331545,
                                              -0.016612282 -0.10910784 4.6324992,
                                              -0.047892433 -0.043824807 4.7808285,
                                              -0.078960054 -0.0020572089 4.6481442,
                                              0.015340598 0.088391013 4.9310136,
                                              -0.0069853752 0.07999929 4.8718233,
                                              0.049168114 0.10826056 4.9576845,
                                              0.041332554 -0.12462439 4.6705518,
                                              0.0089819925 -0.11588454 4.7021894,
                                              -0.025613235 -0.063093424 4.843122,
                                              -0.015819617 -0.089115493 4.7913227,
                                              0.14873591 -0.061561037 4.5899906,
                                              0.0379568 -0.12092698 4.7746501,
                                              0.13170823 0.12075133 5.119741,
                                              0.015340598 -0.088391013 4.9310136,
                                              -0.027708523 -0.043181907 4.8765569,
                                              0.040250346 -0.10543044 4.9424148,
                                              0.032473698 -0.076096416 5.0325656,
                                              0.29151043 0.12138012 5.3262239,
                                              0.11216672 0.042752583 5.2969346,
                                              0.13170823 -0.12075133 5.119741,
                                              0.334326 0.12075133 5.5094423,
                                              0.4503012 0.12069788 5.5492697,
                                              0.2995598 -0.12069788 5.3353558,
                                              0.26934189 -0.042752583 5.5647488,
                                              0.610874 0.12169947 5.6959467,
                                              0.4503012 -0.12069788 5.5492697,
                                              0.55403501 0.064847201 5.8207235,
                                              0.61052054 0.064847201 5.8545756,
                                              0.55403501 -0.064847201 5.8207235,
                                              0.78471798 0.12169947 5.7861414,
                                              0.61052054 -0.064847201 5.8545756,
                                              0.610874 -0.12169947 5.6959467,
                                              0.78471798 -0.12169947 5.7861414,
                                              0.98374736 0.060123965 5.9727411,
                                              0.98374736 -0.060123965 5.9727411,
                                              1.3527571 0.12069788 5.8061433,
                                              1.2534668 0.016315775 5.9824548,
                                              1.243166 -0.044031333 5.9767351,
                                              1.272627 4.4808694e-016 5.9809532,
                                              1.3448192 0.066009074 5.9495554,
                                              1.3230989 4.3986156e-016 5.9728374,
                                              1.3951287 0.076096416 5.9315052,
                                              1.4609277 0.12075133 5.8449039,
                                              1.4766426 0.12075133 5.8401833,
                                              1.4880137 0.12260807 5.8282962,
                                              1.3448192 -0.066009074 5.9495554,
                                              1.3951287 -0.076096416 5.9315052,
                                              1.5787252 0.088391013 5.8651042,
                                              1.6246201 4.4819113e-016 5.8870173,
                                              1.3527571 -0.12069788 5.8061433,
                                              1.6115597 0.088391013 5.8528113,
                                              1.6486503 0.088391013 5.8380795,
                                              1.4609277 -0.12075133 5.8449039,
                                              1.4766426 -0.12075133 5.8401833,
                                              1.4880137 -0.12260807 5.8282962,
                                              1.5787252 -0.088391013 5.8651042,
                                              1.6115597 -0.088391013 5.8528113,
                                              1.6486503 -0.088391013 5.8380795,
                                              1.8581872 0.11200466 5.5734916,
                                              1.9110192 0.12499997 5.6066151,
                                              1.9563496 0.10826056 5.6523514,
                                              1.9393115 0.062500454 5.7157426,
                                              1.9613436 3.8654124e-016 5.7222295,
                                              1.9830276 0.10826056 5.6359401,
                                              1.9664232 0.062500454 5.6997204,
                                              2.0159323 4.0736935e-016 5.6890917,
                                              2.0123296 0.11617839 5.5979662,
                                              1.9393115 -0.062500454 5.7157426,
                                              2.0564771 0.084450886 5.6241379,
                                              2.1002469 0.088138469 5.3725786,
                                              1.9664232 -0.062500454 5.6997204,
                                              2.0765958 0.059325393 5.6322627,
                                              2.1056397 3.5717026e-016 5.6308384,
                                              2.1008425 0.084450886 5.5943899,
                                              2.1186109 0.062500454 5.6017179,
                                              1.9563496 -0.10826056 5.6523514,
                                              2.1544991 0.062500454 5.5766244,
                                              1.9110192 -0.12499997 5.6066151,
                                              1.9830276 -0.10826056 5.6359401,
                                              2.0765958 -0.059325393 5.6322627,
                                              1.8581872 -0.11200466 5.5734916,
                                              2.0123296 -0.11617839 5.5979662,
                                              2.0564771 -0.084450886 5.6241379,
                                              2.1186109 -0.062500454 5.6017179,
                                              2.1008425 -0.084450886 5.5943899,
                                              2.2436957 0.062500454 5.5109892,
                                              2.1544991 -0.062500454 5.5766244,
                                              2.2436957 -0.062500454 5.5109892,
                                              2.1002469 -0.088138469 5.3725786,
                                              3.0722399 0.11200466 4.3931694,
                                              3.1397042 0.12499997 4.393774,
                                              3.2032588 0.10826056 4.4121208,
                                              3.2028954 0.062500454 4.4919806,
                                              3.2291629 1.1478478e-016 4.4839478,
                                              3.2281289 0.10826056 4.3762279,
                                              3.228132 0.062500454 4.4563732,
                                              3.2795303 1.0097685e-016 4.4118052,
                                              3.2492595 0.11617839 4.3160925,
                                              3.2028954 -0.062500454 4.4919806,
                                              3.3046899 0.084450886 4.316052,
                                              3.228132 -0.062500454 4.4563732,
                                              3.325515 0.062500454 4.3137984,
                                              3.3592443 2.3296467e-017 4.2930632,
                                              3.3649268 0.062500454 4.253655,
                                              3.2032588 -0.10826056 4.4121208,
                                              3.3966589 0.062500454 4.2041578,
                                              3.1397042 -0.12499997 4.393774,
                                              3.2281289 -0.10826056 4.3762279,
                                              3.325515 -0.062500454 4.3137984,
                                              3.0722399 -0.11200466 4.3931694,
                                              3.3046899 -0.084450886 4.316052,
                                              3.2492595 -0.11617839 4.3160925,
                                              3.3649268 -0.062500454 4.253655,
                                              3.4445703 0.11200466 3.8045268,
                                              3.4737957 0.062500454 4.0796494,
                                              3.3966589 -0.062500454 4.2041578,
                                              3.5120199 0.12499997 3.797318,
                                              3.4737957 -0.062500454 4.0796494,
                                              3.578233 0.10826056 3.8068354,
                                              3.583241 0.062500454 3.8920143,
                                              3.6095631 -2.1453994e-018 3.8793004,
                                              3.6066437 0.062500454 3.8500862,
                                              3.6561222 -2.0200349e-017 3.7945447,
                                              3.583241 -0.062500454 3.8920143,
                                              3.6741645 0.084450886 3.6906526,
                                              3.6179941 0.11617839 3.6985724,
                                              3.6012199 0.10826056 3.7646518,
                                              3.6066437 -0.062500454 3.8500862,
                                              3.6946993 0.062500454 3.6860883,
                                              3.7271047 -1.052522e-016 3.6598878,
                                              3.7296484 0.062500454 3.6180813,
                                              3.578233 -0.10826056 3.8068354,
                                              3.7579973 0.062500454 3.5616095,
                                              3.5120199 -0.12499997 3.797318,
                                              3.6946993 -0.062500454 3.6860883,
                                              3.4445703 -0.11200466 3.8045268,
                                              3.6741645 -0.084450886 3.6906526,
                                              3.6179941 -0.11617839 3.6985724,
                                              3.6012199 -0.10826056 3.7646518,
                                              3.7296484 -0.062500454 3.6180813,
                                              3.776166 0.11200466 3.1336398,
                                              3.8256466 0.062500454 3.4217911,
                                              3.7579973 -0.062500454 3.5616095,
                                              3.8428671 0.12499997 3.1187572,
                                              3.8256466 -0.062500454 3.4217911,
                                              3.9104719 0.10826056 3.1196544,
                                              3.9218488 0.062500454 3.2092764,
                                              3.9475105 -1.56183e-016 3.192137,
                                              3.94239 0.062500454 3.1615753,
                                              3.9882059 -1.7853248e-016 3.0958717,
                                              3.9174325 0.12499997 2.9376702,
                                              3.9606686 0.10826056 2.9980643,
                                              3.9218488 -0.062500454 3.2092764,
                                              3.94239 -0.062500454 3.1615753,
                                              4.018003 0.062500454 2.9779661,
                                              4.0483732 -2.6931881e-016 2.9465942,
                                              4.047442 0.062500454 2.9027369,
                                              3.9104719 -0.10826056 3.1196544,
                                              3.8428671 -0.12499997 3.1187572,
                                              4.018003 -0.062500454 2.9779661,
                                              3.776166 -0.11200466 3.1336398,
                                              3.9606686 -0.10826056 2.9980643,
                                              4.0871797 -2.3835531e-016 2.8454196,
                                              4.047442 -0.062500454 2.9027369,
                                              4.1061797 -2.5099976e-016 2.7943418,
                                              4.05302 0.11200466 2.3929479,
                                              4.1249061 -2.6391598e-016 2.7429397,
                                              3.9174325 -0.12499997 2.9376702,
                                              4.1188412 0.12499997 2.3684227,
                                              4.1866121 0.10826056 2.3611777,
                                              4.205667 0.062500454 2.4532449,
                                              4.2299047 -3.4641866e-016 2.4322646,
                                              4.2221622 0.062500454 2.4010253,
                                              4.2623825 -3.759048e-016 2.3270233,
                                              4.1781335 0.12499997 2.1696968,
                                              4.2265477 0.10826056 2.2277815,
                                              4.205667 -0.062500454 2.4532449,
                                              4.2221622 -0.062500454 2.4010253,
                                              4.2822452 0.062500454 2.1996779,
                                              4.3099675 -4.7809367e-016 2.1630676,
                                              4.3052769 0.062500454 2.1171846,
                                              4.1866121 -0.10826056 2.3611777,
                                              4.1188412 -0.12499997 2.3684227,
                                              4.2822452 -0.062500454 2.1996779,
                                              4.05302 -0.11200466 2.3929479,
                                              4.3400912 -4.5401898e-016 2.0522587,
                                              4.3052769 -0.062500454 2.1171846,
                                              4.2265477 -0.10826056 2.2277815,
                                              4.3546615 -4.6963668e-016 1.9964094,
                                              4.2633648 0.11200466 1.5943141,
                                              4.3688984 -4.85091e-016 1.9402663,
                                              4.1781335 -0.12499997 2.1696968,
                                              4.3278461 0.12499997 1.5563083,
                                              4.3946691 0.10826056 1.5416583,
                                              4.422514 0.062500454 1.6332033,
                                              4.4446454 -5.6795057e-016 1.6092641,
                                              4.4055328 0.10826056 1.4867188,
                                              4.4339247 0.062500454 1.578343,
                                              4.4668612 -5.9160206e-016 1.4988296,
                                              4.4041815 0.11617839 1.4059874,
                                              4.422514 -0.062500454 1.6332033,
                                              4.4565659 0.084450886 1.3753159,
                                              4.4339247 -0.062500454 1.578343,
                                              4.475451 0.062500454 1.3611518,
                                              4.4998503 -6.8166009e-016 1.3189205,
                                              4.4910393 0.062500454 1.2707427,
                                              4.3946691 -0.10826056 1.5416583,
                                              4.5030222 0.062500454 1.1970114,
                                              4.3278461 -0.12499997 1.5563083,
                                              4.4055328 -0.10826056 1.4867188,
                                              4.475451 -0.062500454 1.3611518,
                                              4.2633648 -0.11200466 1.5943141,
                                              4.3576365 0.084042206 0.77101672,
                                              4.4565659 -0.084450886 1.3753159,
                                              4.4041815 -0.11617839 1.4059874,
                                              4.4910393 -0.062500454 1.2707427,
                                              4.5300455 0.062500454 1.0133529,
                                              4.5551105 -6.9365926e-016 0.95166606,
                                              4.5030222 -0.062500454 1.1970114,
                                              4.5466433 0.065727487 0.86815572,
                                              4.5300455 -0.062500454 1.0133529,
                                              4.4558225 0.12380935 0.53670484,
                                              4.5530882 0.099915348 0.47700793,
                                              4.568378 -5.5120584e-016 0.84324133,
                                              4.5665436 0.051286586 0.76020676,
                                              4.4589806 0.1233706 0.45825976,
                                              4.5745296 -4.5372458e-016 0.78873289,
                                              4.5466433 -0.065727487 0.86815572,
                                              4.5785279 0.010050026 0.74767983,
                                              4.4632707 0.12323168 0.38345104,
                                              4.4411845 0.11392982 0.23143175,
                                              4.583147 -3.0966723e-016 0.70660442,
                                              4.5719843 -0.045098916 0.7331385,
                                              4.5859227 0.051286586 0.5555107,
                                              4.3918605 0.067571431 0.12187204,
                                              4.5918665 0.021284508 0.59395897,
                                              4.5844431 -0.037977621 0.63114911,
                                              4.5530882 -0.099915348 0.47700793,
                                              4.6028271 -4.9427311e-016 0.48085046,
                                              4.6018248 0.044315279 0.37638703,
                                              4.6126246 0.010058247 0.32468688,
                                              4.3576365 -0.084042206 0.77101672,
                                              4.4558225 -0.12380935 0.53670484,
                                              4.60993 -0.037977621 0.27203131,
                                              4.6050439 0.064653471 0.093179211,
                                              4.6205201 -4.6820916e-016 0.16715148,
                                              4.4589806 -0.1233706 0.45825976,
                                              4.6222749 -4.6836565e-016 0.11827029,
                                              4.4632707 -0.12323168 0.38345104,
                                              4.4411845 -0.11392982 0.23143175,
                                              4.6050439 -0.064653471 0.093179211,
                                              4.3918605 -0.067571431 0.12187204,
                                              0.018667968 0.12499989 4.4131455,
                                              -0.10592673 -0.025298083 4.3956165,
                                              -0.099584773 -0.0030856391 4.4885178,
                                              -0.093654096 -0.0018658976 4.5405693,
                                              -0.063810609 0.060860142 4.6426702,
                                              -0.061945144 -0.064126544 4.6423936,
                                              -0.051996514 -0.070724741 4.6784906,
                                              -0.044041306 0.020917678 4.8304386,
                                              -0.03343612 0.021255648 4.8778653,
                                              0.10011683 -0.120608 4.7565656,
                                              0.54414284 5.309752e-016 5.8359246,
                                              0.57268625 6.518962e-016 5.8537054,
                                              0.60169649 6.083856e-016 5.8704205,
                                              0.9821437 4.0746051e-016 5.9880672,
                                              1.2700301 0.066009074 5.9622827,
                                              1.2700301 -0.066009074 5.9622827,
                                              1.6544758 0.12260807 5.7661924,
                                              1.6544758 -0.12260807 5.7661924,
                                              1.9940367 0.12238792 5.5244756,
                                              2.0071173 0.062500454 5.6748524,
                                              2.0071173 -0.062500454 5.6748524,
                                              2.1641517 6.1339876e-016 5.5903096,
                                              2.2089918 9.1934447e-016 5.5579009,
                                              1.9940367 -0.12238792 5.5244756,
                                              2.2538066 1.0757081e-015 5.5243397,
                                              3.2093959 0.12238792 4.2470217,
                                              3.2657599 0.062500454 4.4022741,
                                              3.2657599 -0.062500454 4.4022741,
                                              3.4107707 6.3918668e-017 4.2131758,
                                              3.4496267 5.2220167e-017 4.1512189,
                                              3.2093959 -0.12238792 4.2470217,
                                              3.488101 4.013077e-017 4.088357,
                                              3.5462608 0.12499997 3.7347283,
                                              3.5730073 0.12238792 3.630358,
                                              3.6414139 0.062500454 3.7865365,
                                              3.6414139 -0.062500454 3.7865365,
                                              3.5462608 -0.12499997 3.7347283,
                                              3.7729738 -7.0080409e-017 3.5691042,
                                              3.8071246 -8.5835884e-017 3.4994454,
                                              3.5730073 -0.12238792 3.630358,
                                              3.8407748 -1.0186331e-016 3.4289749,
                                              3.8728111 0.12499997 3.0475857,
                                              3.9305382 0.10826056 3.0717411,
                                              3.9727566 0.062500454 3.0894072,
                                              3.9727566 -0.062500454 3.0894072,
                                              3.9305382 -0.10826056 3.0717411,
                                              3.8728111 -0.12499997 3.0475857,
                                              4.1427217 0.12499997 2.2905707,
                                              4.2025828 0.10826056 2.3088064,
                                              4.2463622 0.062500454 2.3221431,
                                              4.2463622 -0.062500454 2.3221431,
                                              4.2025828 -0.10826056 2.3088064,
                                              4.1427217 -0.12499997 2.2905707,
                                              4.3418298 0.12238792 1.3490186,
                                              4.4504318 0.062500454 1.4955852,
                                              4.4504318 -0.062500454 1.4955852,
                                              4.519556 -6.4738114e-016 1.1996763,
                                              4.5335522 -6.6369118e-016 1.1079732,
                                              4.3418298 -0.12238792 1.3490186,
                                              4.5466323 -6.8087775e-016 1.0156635,
                                              4.4364161 0.10969254 0.14152035,
                                              4.5690379 0.096009232 0.30611774,
                                              4.5964346 0.068908915 0.24506061,
                                              4.6025167 0.064653471 0.16640154,
                                              4.5742779 -0.093825005 0.25410333,
                                              4.4364161 -0.10969254 0.14152035,
                                              4.3750648 -9.0041635e-016 0.013838832,
                                              4.378696 0.029914457 0.01393004,
                                              4.3893785 0.058090396 0.014198364,
                                              4.4064913 0.082890332 0.014628209,
                                              4.42904 0.10287298 0.015194596,
                                              4.4557142 0.11687703 0.015864605,
                                              4.4849634 0.12408861 0.016599301,
                                              4.5150881 0.12408861 0.017355986,
                                              4.5443373 0.11687703 0.018090682,
                                              4.5710115 0.10287298 0.018760692,
                                              4.5935597 0.082890332 0.019327078,
                                              4.610673 0.058090396 0.019756924,
                                              4.6213551 0.029914457 0.020025248,
                                              4.6249862 -7.5738129e-016 0.020116456,
                                              4.6213551 -0.029914457 0.020025248,
                                              4.610673 -0.058090396 0.019756924,
                                              4.5935597 -0.082890332 0.019327078,
                                              4.5710115 -0.10287298 0.018760692,
                                              4.5443373 -0.11687703 0.018090682,
                                              4.5150881 -0.12408861 0.017355986,
                                              4.4849634 -0.12408861 0.016599301,
                                              4.4557142 -0.11687703 0.015864605,
                                              4.42904 -0.10287298 0.015194596,
                                              4.4064913 -0.082890332 0.014628209,
                                              4.3893785 -0.058090396 0.014198364,
                                              4.378696 -0.029914457 0.01393004,
                                              1 0 0,
                                              1 0 4,
                                              0.125 -1.5343383e-017 4,
                                              4.3750648 -9.0041635e-016 0.013838832 ]

                                        }

                                      }

                                    }

                                },
                                  
                                DEF o20 Group {
                                  children 
                                    DEF o21 Shape {
                                      appearance 
                                      Appearance {
                                        material 
                                        Material {
                                          diffuseColor 0.098039217 0.098039217 0.098039217
                                          shininess 1

                                        }

                                      }
                                      geometry 
                                      IndexedLineSet {
                                        coord 
                                        USE o19
                                        coordIndex [ 30, 29, -1, 0, 31, 32, 33, 34,
                                            35, 36, 37, 38, 39, 40, 41, 42,
                                            43, 44, 45, 46, 47, 48, 49, 50,
                                            51, 52, 53, 54, 55, 56, 57, 30,
                                            -1, 1, 2, 3, 4, 5, 6, 7,
                                            8, 9, 10, 11, 12, 13, 14, 15,
                                            16, 17, 18, 19, 20, 21, 22, 23,
                                            24, 25, 26, 27, 28, 29, -1, 114,
                                            115, 116, 117, 118, 119, 120, 121, 122,
                                            123, 124, 125, 126, 127, 128, 129, 130,
                                            131, 132, 133, 134, 135, 136, 137, 138,
                                            139, 140, 141, 142, 114, -1, 172, 219,
                                            220, 221, 222, 223, 224, 225, 226, 227,
                                            228, 229, 230, 231, 232, 233, 234, 235,
                                            236, 237, 193, -1, 193, 194, 195, 196,
                                            197, 198, 199, 200, 201, 202, 203, 204,
                                            205, 206, 207, 208, 209, 210, 211, 212,
                                            213, 214, 215, 216, 217, 218, 192, -1 ]

                                      }

                                    }

                                },
                                  
                                DEF o22 Group {
                                  children 
                                    DEF o23 Shape {
                                      appearance 
                                      Appearance {
                                        material 
                                        Material {

                                        }

                                      }
                                      geometry 
                                      IndexedFaceSet {
                                        coord 
                                        USE o19
                                        coordIndex [ 0, 31, 1, -1, 1, 31, 2, -1,
                                            2, 32, 3, -1, 31, 32, 2, -1,
                                            3, 33, 4, -1, 32, 33, 3, -1,
                                            4, 34, 5, -1, 33, 34, 4, -1,
                                            5, 35, 6, -1, 34, 35, 5, -1,
                                            6, 36, 7, -1, 35, 36, 6, -1,
                                            7, 37, 8, -1, 36, 37, 7, -1,
                                            8, 38, 9, -1, 9, 38, 10, -1,
                                            37, 38, 8, -1, 10, 39, 11, -1,
                                            38, 39, 10, -1, 39, 40, 11, -1,
                                            40, 41, 11, -1, 11, 41, 12, -1,
                                            41, 42, 12, -1, 12, 42, 13, -1,
                                            13, 43, 14, -1, 42, 43, 13, -1,
                                            14, 43, 15, -1, 43, 44, 15, -1,
                                            44, 45, 15, -1, 15, 45, 16, -1,
                                            16, 46, 17, -1, 17, 46, 18, -1,
                                            45, 46, 16, -1, 46, 47, 18, -1,
                                            18, 48, 19, -1, 47, 48, 18, -1,
                                            19, 49, 20, -1, 48, 49, 19, -1,
                                            20, 50, 21, -1, 49, 50, 20, -1,
                                            21, 51, 22, -1, 50, 51, 21, -1,
                                            22, 52, 23, -1, 51, 52, 22, -1,
                                            23, 53, 24, -1, 52, 53, 23, -1,
                                            24, 54, 25, -1, 53, 54, 24, -1,
                                            25, 55, 26, -1, 54, 55, 25, -1,
                                            26, 56, 27, -1, 55, 56, 26, -1,
                                            27, 57, 28, -1, 56, 57, 27, -1,
                                            28, 30, 29, -1, 57, 30, 28, -1,
                                            80, 83, 81, -1, 81, 83, 82, -1,
                                            68, 67, 69, -1, 69, 67, 70, -1,
                                            84, 58, 85, -1, 58, 60, 59, -1,
                                            84, 60, 58, -1, 64, 63, 65, -1,
                                            65, 63, 66, -1, 60, 62, 61, -1,
                                            66, 62, 67, -1, 70, 62, 71, -1,
                                            71, 62, 72, -1, 72, 62, 73, -1,
                                            73, 62, 74, -1, 74, 62, 75, -1,
                                            75, 62, 76, -1, 76, 62, 77, -1,
                                            77, 62, 78, -1, 78, 62, 79, -1,
                                            79, 62, 80, -1, 83, 62, 84, -1,
                                            80, 62, 83, -1, 84, 62, 60, -1,
                                            67, 62, 70, -1, 63, 62, 66, -1,
                                            125, 103, 104, -1, 124, 104, 105, -1,
                                            124, 125, 104, -1, 126, 102, 103, -1,
                                            126, 103, 125, -1, 123, 105, 106, -1,
                                            123, 124, 105, -1, 127, 101, 102, -1,
                                            127, 102, 126, -1, 122, 106, 107, -1,
                                            122, 123, 106, -1, 128, 100, 101, -1,
                                            128, 101, 127, -1, 121, 107, 108, -1,
                                            121, 122, 107, -1, 129, 100, 128, -1,
                                            129, 99, 100, -1, 120, 108, 109, -1,
                                            120, 121, 108, -1, 130, 99, 129, -1,
                                            130, 98, 99, -1, 119, 109, 110, -1,
                                            119, 120, 109, -1, 131, 98, 130, -1,
                                            131, 97, 98, -1, 118, 119, 110, -1,
                                            132, 97, 131, -1, 111, 118, 110, -1,
                                            111, 117, 118, -1, 96, 97, 132, -1,
                                            96, 132, 133, -1, 112, 117, 111, -1,
                                            112, 116, 117, -1, 95, 133, 134, -1,
                                            95, 96, 133, -1, 113, 115, 116, -1,
                                            113, 116, 112, -1, 94, 95, 134, -1,
                                            94, 134, 135, -1, 86, 114, 115, -1,
                                            86, 115, 113, -1, 86, 142, 114, -1,
                                            93, 94, 135, -1, 93, 135, 136, -1,
                                            87, 141, 142, -1, 87, 142, 86, -1,
                                            92, 136, 137, -1, 92, 93, 136, -1,
                                            88, 140, 141, -1, 88, 141, 87, -1,
                                            91, 92, 137, -1, 91, 137, 138, -1,
                                            89, 139, 140, -1, 89, 140, 88, -1,
                                            90, 138, 139, -1, 90, 139, 89, -1,
                                            90, 91, 138, -1, 238, 221, 220, -1,
                                            239, 174, 175, -1, 240, 224, 223, -1,
                                            241, 177, 178, -1, 242, 226, 225, -1,
                                            243, 179, 180, -1, 244, 231, 230, -1,
                                            245, 184, 185, -1, 246, 231, 244, -1,
                                            247, 246, 244, -1, 247, 244, 248, -1,
                                            249, 247, 248, -1, 249, 248, 250, -1,
                                            249, 250, 251, -1, 252, 249, 251, -1,
                                            253, 251, 254, -1, 253, 252, 251, -1,
                                            255, 254, 256, -1, 255, 253, 254, -1,
                                            257, 255, 256, -1, 257, 245, 185, -1,
                                            257, 256, 245, -1, 258, 232, 231, -1,
                                            258, 231, 246, -1, 259, 246, 247, -1,
                                            259, 258, 246, -1, 260, 247, 249, -1,
                                            260, 259, 247, -1, 261, 249, 252, -1,
                                            261, 252, 253, -1, 261, 260, 249, -1,
                                            262, 261, 253, -1, 263, 253, 255, -1,
                                            263, 262, 253, -1, 264, 185, 186, -1,
                                            264, 255, 257, -1, 264, 257, 185, -1,
                                            264, 263, 255, -1, 265, 219, 172, -1,
                                            266, 265, 267, -1, 268, 166, 165, -1,
                                            268, 269, 166, -1, 270, 266, 267, -1,
                                            271, 268, 165, -1, 272, 270, 267, -1,
                                            273, 165, 164, -1, 273, 271, 165, -1,
                                            274, 272, 267, -1, 275, 274, 267, -1,
                                            276, 164, 163, -1, 276, 273, 164, -1,
                                            277, 275, 267, -1, 277, 267, 269, -1,
                                            278, 276, 163, -1, 279, 277, 269, -1,
                                            279, 269, 268, -1, 280, 268, 271, -1,
                                            280, 279, 268, -1, 281, 280, 271, -1,
                                            282, 271, 273, -1, 282, 273, 276, -1,
                                            282, 281, 271, -1, 282, 276, 278, -1,
                                            283, 151, 150, -1, 283, 284, 151, -1,
                                            285, 283, 150, -1, 286, 150, 149, -1,
                                            286, 285, 150, -1, 287, 149, 148, -1,
                                            287, 286, 149, -1, 288, 287, 148, -1,
                                            289, 144, 143, -1, 289, 145, 144, -1,
                                            289, 146, 145, -1, 289, 147, 146, -1,
                                            289, 148, 147, -1, 289, 288, 148, -1,
                                            290, 283, 285, -1, 291, 285, 286, -1,
                                            291, 290, 285, -1, 292, 291, 286, -1,
                                            292, 286, 287, -1, 293, 287, 288, -1,
                                            293, 292, 287, -1, 294, 293, 288, -1,
                                            295, 288, 289, -1, 295, 294, 288, -1,
                                            296, 295, 289, -1, 297, 296, 289, -1,
                                            298, 297, 289, -1, 299, 289, 143, -1,
                                            299, 143, 173, -1, 299, 298, 289, -1,
                                            300, 238, 220, -1, 300, 220, 301, -1,
                                            302, 303, 238, -1, 302, 238, 300, -1,
                                            304, 221, 238, -1, 305, 238, 303, -1,
                                            305, 304, 238, -1, 306, 304, 305, -1,
                                            307, 308, 222, -1, 307, 222, 221, -1,
                                            309, 239, 310, -1, 311, 312, 174, -1,
                                            311, 239, 309, -1, 311, 174, 239, -1,
                                            313, 314, 308, -1, 313, 307, 315, -1,
                                            313, 308, 307, -1, 316, 310, 239, -1,
                                            317, 222, 308, -1, 318, 319, 320, -1,
                                            321, 322, 316, -1, 321, 316, 239, -1,
                                            321, 239, 175, -1, 323, 222, 317, -1,
                                            323, 223, 222, -1, 324, 319, 318, -1,
                                            325, 323, 317, -1, 326, 323, 325, -1,
                                            326, 223, 323, -1, 327, 326, 325, -1,
                                            328, 329, 330, -1, 331, 175, 176, -1,
                                            331, 176, 329, -1, 331, 328, 332, -1,
                                            331, 329, 328, -1, 333, 326, 327, -1,
                                            334, 240, 223, -1, 335, 336, 337, -1,
                                            338, 339, 240, -1, 338, 240, 334, -1,
                                            340, 329, 176, -1, 341, 342, 336, -1,
                                            341, 336, 335, -1, 343, 224, 240, -1,
                                            344, 240, 339, -1, 344, 343, 240, -1,
                                            345, 346, 340, -1, 345, 340, 176, -1,
                                            345, 176, 177, -1, 347, 348, 346, -1,
                                            347, 346, 345, -1, 347, 345, 177, -1,
                                            349, 348, 347, -1, 350, 351, 352, -1,
                                            353, 241, 354, -1, 355, 241, 353, -1,
                                            355, 177, 241, -1, 356, 242, 225, -1,
                                            356, 225, 357, -1, 358, 352, 359, -1,
                                            360, 242, 356, -1, 360, 361, 242, -1,
                                            360, 356, 357, -1, 362, 354, 241, -1,
                                            363, 241, 178, -1, 363, 362, 241, -1,
                                            364, 365, 366, -1, 367, 226, 242, -1,
                                            368, 364, 366, -1, 369, 242, 361, -1,
                                            369, 367, 242, -1, 370, 226, 371, -1,
                                            370, 227, 226, -1, 372, 243, 373, -1,
                                            374, 372, 375, -1, 374, 375, 179, -1,
                                            374, 243, 372, -1, 374, 179, 243, -1,
                                            376, 371, 377, -1, 376, 370, 371, -1,
                                            378, 379, 380, -1, 381, 370, 376, -1,
                                            381, 227, 370, -1, 381, 382, 227, -1,
                                            383, 373, 243, -1, 384, 378, 380, -1,
                                            384, 380, 385, -1, 386, 383, 243, -1,
                                            386, 243, 180, -1, 387, 227, 382, -1,
                                            387, 228, 227, -1, 388, 382, 389, -1,
                                            388, 387, 382, -1, 390, 387, 388, -1,
                                            391, 392, 393, -1, 394, 229, 228, -1,
                                            394, 395, 229, -1, 396, 180, 181, -1,
                                            396, 393, 180, -1, 396, 391, 393, -1,
                                            397, 395, 394, -1, 397, 394, 398, -1,
                                            397, 399, 395, -1, 400, 396, 181, -1,
                                            400, 391, 396, -1, 400, 181, 401, -1,
                                            402, 403, 401, -1, 404, 229, 395, -1,
                                            404, 395, 399, -1, 405, 181, 182, -1,
                                            405, 402, 401, -1, 405, 406, 402, -1,
                                            405, 401, 181, -1, 407, 230, 229, -1,
                                            408, 409, 410, -1, 411, 409, 408, -1,
                                            411, 408, 412, -1, 411, 183, 409, -1,
                                            411, 182, 183, -1, 413, 410, 409, -1,
                                            413, 409, 183, -1, 414, 183, 184, -1,
                                            415, 258, 259, -1, 415, 232, 258, -1,
                                            416, 417, 233, -1, 416, 233, 232, -1,
                                            418, 264, 186, -1, 418, 263, 264, -1,
                                            419, 233, 417, -1, 419, 417, 420, -1,
                                            421, 186, 187, -1, 421, 187, 422, -1,
                                            423, 424, 234, -1, 423, 234, 233, -1,
                                            425, 422, 187, -1, 425, 426, 422, -1,
                                            427, 234, 424, -1, 427, 424, 428, -1,
                                            429, 188, 430, -1, 429, 187, 188, -1,
                                            431, 432, 235, -1, 431, 235, 234, -1,
                                            433, 434, 430, -1, 433, 430, 188, -1,
                                            435, 235, 432, -1, 435, 432, 436, -1,
                                            437, 189, 438, -1, 437, 188, 189, -1,
                                            439, 440, 236, -1, 439, 236, 235, -1,
                                            441, 440, 442, -1, 441, 236, 440, -1,
                                            443, 438, 189, -1, 443, 444, 438, -1,
                                            445, 446, 237, -1, 445, 237, 236, -1,
                                            447, 189, 190, -1, 447, 190, 448, -1,
                                            449, 237, 446, -1, 449, 446, 450, -1,
                                            451, 448, 190, -1, 451, 452, 448, -1,
                                            453, 193, 237, -1, 454, 190, 191, -1,
                                            454, 191, 455, -1, 456, 455, 191, -1,
                                            456, 457, 455, -1, 458, 191, 192, -1,
                                            459, 167, 166, -1, 459, 168, 167, -1,
                                            459, 169, 168, -1, 459, 269, 267, -1,
                                            459, 170, 169, -1, 459, 171, 170, -1,
                                            459, 172, 171, -1, 459, 267, 265, -1,
                                            459, 166, 269, -1, 459, 265, 172, -1,
                                            460, 159, 158, -1, 460, 160, 159, -1,
                                            460, 161, 160, -1, 460, 162, 161, -1,
                                            460, 163, 162, -1, 460, 461, 278, -1,
                                            460, 278, 163, -1, 462, 219, 265, -1,
                                            463, 270, 272, -1, 463, 277, 279, -1,
                                            463, 272, 274, -1, 463, 274, 275, -1,
                                            463, 275, 277, -1, 463, 462, 265, -1,
                                            463, 464, 462, -1, 463, 265, 266, -1,
                                            463, 465, 464, -1, 463, 266, 270, -1,
                                            466, 465, 463, -1, 467, 466, 463, -1,
                                            468, 467, 463, -1, 469, 157, 156, -1,
                                            469, 158, 157, -1, 469, 460, 158, -1,
                                            470, 152, 151, -1, 470, 153, 152, -1,
                                            470, 154, 153, -1, 470, 155, 154, -1,
                                            470, 156, 155, -1, 470, 284, 471, -1,
                                            470, 151, 284, -1, 470, 469, 156, -1,
                                            472, 473, 474, -1, 475, 473, 472, -1,
                                            476, 470, 471, -1, 476, 469, 470, -1,
                                            476, 474, 469, -1, 476, 472, 474, -1,
                                            477, 478, 301, -1, 477, 220, 219, -1,
                                            477, 301, 220, -1, 479, 478, 477, -1,
                                            480, 294, 295, -1, 480, 295, 296, -1,
                                            480, 296, 297, -1, 481, 480, 297, -1,
                                            481, 297, 298, -1, 482, 481, 298, -1,
                                            483, 298, 299, -1, 483, 482, 298, -1,
                                            484, 300, 301, -1, 484, 302, 300, -1,
                                            484, 301, 478, -1, 484, 478, 485, -1,
                                            484, 486, 302, -1, 487, 299, 173, -1,
                                            487, 483, 299, -1, 488, 489, 490, -1,
                                            491, 492, 489, -1, 491, 489, 488, -1,
                                            493, 303, 302, -1, 494, 486, 492, -1,
                                            494, 495, 496, -1, 497, 312, 498, -1,
                                            497, 499, 500, -1, 497, 174, 312, -1,
                                            497, 173, 174, -1, 497, 498, 499, -1,
                                            501, 492, 491, -1, 501, 494, 492, -1,
                                            501, 495, 494, -1, 502, 303, 493, -1,
                                            502, 305, 303, -1, 502, 493, 496, -1,
                                            503, 305, 502, -1, 503, 306, 305, -1,
                                            504, 505, 495, -1, 504, 495, 501, -1,
                                            506, 221, 304, -1, 506, 507, 315, -1,
                                            506, 315, 307, -1, 506, 307, 221, -1,
                                            508, 502, 496, -1, 508, 503, 502, -1,
                                            509, 510, 498, -1, 509, 498, 312, -1,
                                            509, 309, 511, -1, 509, 311, 309, -1,
                                            509, 312, 311, -1, 509, 511, 510, -1,
                                            512, 503, 508, -1, 513, 503, 512, -1,
                                            513, 512, 320, -1, 514, 503, 513, -1,
                                            515, 320, 319, -1, 515, 513, 320, -1,
                                            515, 514, 513, -1, 515, 507, 514, -1,
                                            516, 495, 505, -1, 517, 309, 310, -1,
                                            518, 515, 319, -1, 518, 507, 515, -1,
                                            519, 315, 507, -1, 519, 507, 518, -1,
                                            520, 516, 505, -1, 521, 520, 505, -1,
                                            521, 505, 517, -1, 521, 310, 316, -1,
                                            521, 517, 310, -1, 522, 519, 518, -1,
                                            523, 315, 519, -1, 523, 313, 315, -1,
                                            523, 519, 522, -1, 524, 516, 520, -1,
                                            525, 523, 522, -1, 526, 316, 322, -1,
                                            526, 520, 521, -1, 526, 521, 316, -1,
                                            526, 524, 520, -1, 526, 527, 524, -1,
                                            528, 318, 320, -1, 528, 320, 516, -1,
                                            528, 516, 524, -1, 528, 524, 527, -1,
                                            529, 518, 319, -1, 529, 319, 324, -1,
                                            529, 522, 518, -1, 529, 525, 522, -1,
                                            530, 525, 529, -1, 530, 523, 525, -1,
                                            531, 526, 322, -1, 531, 527, 526, -1,
                                            531, 528, 527, -1, 532, 314, 313, -1,
                                            532, 533, 314, -1, 534, 533, 532, -1,
                                            535, 531, 536, -1, 535, 528, 531, -1,
                                            535, 536, 537, -1, 535, 318, 528, -1,
                                            538, 318, 535, -1, 538, 324, 318, -1,
                                            539, 533, 534, -1, 539, 530, 529, -1,
                                            539, 529, 324, -1, 539, 337, 533, -1,
                                            539, 534, 530, -1, 540, 314, 533, -1,
                                            541, 538, 535, -1, 541, 535, 537, -1,
                                            541, 537, 332, -1, 542, 324, 538, -1,
                                            542, 538, 541, -1, 543, 321, 175, -1,
                                            543, 332, 537, -1, 543, 175, 331, -1,
                                            543, 331, 332, -1, 544, 324, 542, -1,
                                            545, 337, 336, -1, 545, 540, 533, -1,
                                            545, 325, 540, -1, 545, 533, 337, -1,
                                            546, 541, 332, -1, 546, 544, 542, -1,
                                            546, 542, 541, -1, 546, 332, 328, -1,
                                            547, 325, 545, -1, 547, 327, 325, -1,
                                            548, 544, 546, -1, 549, 547, 545, -1,
                                            549, 545, 336, -1, 550, 547, 549, -1,
                                            551, 223, 326, -1, 551, 326, 333, -1,
                                            551, 334, 223, -1, 552, 548, 546, -1,
                                            552, 546, 328, -1, 552, 553, 548, -1,
                                            552, 330, 553, -1, 552, 328, 330, -1,
                                            554, 327, 547, -1, 554, 547, 550, -1,
                                            555, 333, 327, -1, 555, 327, 554, -1,
                                            556, 336, 342, -1, 556, 549, 336, -1,
                                            556, 550, 549, -1, 556, 554, 550, -1,
                                            557, 342, 558, -1, 557, 556, 342, -1,
                                            557, 555, 554, -1, 557, 554, 556, -1,
                                            557, 333, 555, -1, 559, 337, 553, -1,
                                            559, 335, 337, -1, 560, 553, 330, -1,
                                            560, 346, 559, -1, 560, 559, 553, -1,
                                            561, 333, 557, -1, 561, 557, 558, -1,
                                            562, 561, 558, -1, 563, 335, 559, -1,
                                            564, 335, 563, -1, 564, 341, 335, -1,
                                            564, 563, 565, -1, 566, 563, 559, -1,
                                            566, 346, 348, -1, 566, 559, 346, -1,
                                            566, 565, 563, -1, 567, 338, 562, -1,
                                            568, 338, 567, -1, 568, 339, 338, -1,
                                            569, 342, 341, -1, 569, 341, 570, -1,
                                            569, 558, 342, -1, 571, 564, 565, -1,
                                            571, 566, 348, -1, 571, 565, 566, -1,
                                            572, 564, 571, -1, 572, 570, 341, -1,
                                            572, 341, 564, -1, 573, 349, 572, -1,
                                            573, 348, 349, -1, 573, 572, 571, -1,
                                            573, 571, 348, -1, 574, 568, 351, -1,
                                            574, 339, 568, -1, 574, 344, 339, -1,
                                            575, 224, 343, -1, 576, 570, 572, -1,
                                            576, 572, 349, -1, 577, 224, 575, -1,
                                            577, 357, 225, -1, 577, 578, 357, -1,
                                            577, 225, 224, -1, 579, 577, 575, -1,
                                            579, 578, 577, -1, 579, 580, 578, -1,
                                            581, 344, 574, -1, 581, 351, 350, -1,
                                            581, 574, 351, -1, 582, 570, 576, -1,
                                            583, 582, 353, -1, 584, 347, 177, -1,
                                            584, 177, 355, -1, 584, 349, 347, -1,
                                            585, 581, 350, -1, 586, 353, 354, -1,
                                            586, 583, 353, -1, 587, 578, 580, -1,
                                            588, 580, 585, -1, 588, 585, 350, -1,
                                            588, 350, 365, -1, 588, 587, 580, -1,
                                            589, 578, 587, -1, 589, 587, 588, -1,
                                            590, 366, 365, -1, 590, 350, 352, -1,
                                            590, 365, 350, -1, 590, 352, 358, -1,
                                            590, 358, 366, -1, 591, 586, 354, -1,
                                            591, 359, 586, -1, 591, 354, 362, -1,
                                            592, 578, 589, -1, 593, 588, 365, -1,
                                            593, 364, 592, -1, 593, 365, 364, -1,
                                            593, 592, 589, -1, 593, 589, 588, -1,
                                            594, 357, 578, -1, 594, 360, 357, -1,
                                            594, 578, 592, -1, 595, 359, 591, -1,
                                            595, 358, 359, -1, 595, 591, 362, -1,
                                            596, 592, 364, -1, 596, 594, 592, -1,
                                            596, 360, 594, -1, 597, 358, 595, -1,
                                            598, 596, 364, -1, 599, 361, 360, -1,
                                            599, 596, 598, -1, 599, 598, 379, -1,
                                            599, 360, 596, -1, 600, 366, 358, -1,
                                            600, 597, 601, -1, 600, 358, 597, -1,
                                            602, 368, 366, -1, 602, 366, 600, -1,
                                            603, 600, 601, -1, 603, 601, 604, -1,
                                            605, 606, 369, -1, 605, 361, 599, -1,
                                            605, 599, 379, -1, 605, 369, 361, -1,
                                            607, 600, 603, -1, 607, 602, 600, -1,
                                            607, 603, 604, -1, 608, 363, 178, -1,
                                            609, 602, 607, -1, 609, 368, 602, -1,
                                            609, 607, 604, -1, 610, 604, 601, -1,
                                            611, 369, 606, -1, 611, 377, 371, -1,
                                            611, 606, 377, -1, 611, 371, 226, -1,
                                            611, 226, 367, -1, 611, 367, 369, -1,
                                            612, 179, 375, -1, 612, 610, 608, -1,
                                            612, 604, 610, -1, 612, 375, 604, -1,
                                            612, 178, 179, -1, 612, 608, 178, -1,
                                            613, 368, 609, -1, 614, 375, 372, -1,
                                            614, 613, 609, -1, 614, 609, 604, -1,
                                            614, 372, 613, -1, 614, 604, 375, -1,
                                            615, 368, 613, -1, 616, 613, 372, -1,
                                            616, 615, 613, -1, 616, 385, 615, -1,
                                            616, 372, 373, -1, 617, 377, 606, -1,
                                            618, 379, 378, -1, 618, 617, 606, -1,
                                            618, 605, 379, -1, 618, 606, 605, -1,
                                            619, 618, 378, -1, 619, 617, 618, -1,
                                            620, 376, 377, -1, 620, 377, 617, -1,
                                            620, 617, 619, -1, 621, 383, 622, -1,
                                            621, 616, 373, -1, 621, 373, 383, -1,
                                            621, 385, 616, -1, 623, 620, 619, -1,
                                            624, 620, 623, -1, 624, 625, 389, -1,
                                            624, 376, 620, -1, 626, 384, 385, -1,
                                            626, 385, 621, -1, 626, 621, 622, -1,
                                            627, 388, 389, -1, 627, 389, 625, -1,
                                            628, 622, 392, -1, 628, 626, 622, -1,
                                            629, 626, 628, -1, 630, 622, 383, -1,
                                            630, 392, 622, -1, 630, 383, 386, -1,
                                            630, 386, 180, -1, 630, 180, 393, -1,
                                            630, 393, 392, -1, 631, 628, 392, -1,
                                            631, 629, 628, -1, 631, 392, 391, -1,
                                            631, 632, 629, -1, 633, 390, 634, -1,
                                            633, 228, 387, -1, 633, 387, 390, -1,
                                            633, 634, 398, -1, 633, 398, 394, -1,
                                            633, 394, 228, -1, 635, 627, 625, -1,
                                            635, 625, 636, -1, 637, 631, 391, -1,
                                            637, 632, 631, -1, 637, 403, 638, -1,
                                            639, 640, 635, -1, 639, 635, 636, -1,
                                            641, 636, 638, -1, 641, 639, 636, -1,
                                            642, 403, 402, -1, 642, 638, 403, -1,
                                            642, 641, 638, -1, 643, 639, 641, -1,
                                            644, 397, 398, -1, 645, 399, 397, -1,
                                            645, 397, 644, -1, 645, 646, 399, -1,
                                            647, 648, 649, -1, 650, 649, 648, -1,
                                            650, 645, 644, -1, 650, 644, 649, -1,
                                            650, 648, 646, -1, 650, 646, 645, -1,
                                            651, 229, 404, -1, 651, 407, 229, -1,
                                            651, 652, 407, -1, 653, 404, 399, -1,
                                            654, 648, 647, -1, 655, 653, 399, -1,
                                            655, 399, 646, -1, 655, 646, 648, -1,
                                            656, 182, 411, -1, 656, 411, 412, -1,
                                            656, 412, 657, -1, 656, 406, 405, -1,
                                            656, 657, 406, -1, 656, 405, 182, -1,
                                            658, 653, 655, -1, 659, 412, 408, -1,
                                            660, 648, 654, -1, 660, 654, 659, -1,
                                            660, 661, 648, -1, 662, 410, 661, -1,
                                            662, 659, 408, -1, 662, 660, 659, -1,
                                            662, 661, 660, -1, 662, 408, 410, -1,
                                            663, 661, 410, -1, 663, 648, 661, -1,
                                            664, 407, 665, -1, 666, 664, 665, -1,
                                            667, 410, 413, -1, 667, 663, 410, -1,
                                            667, 668, 663, -1, 669, 664, 666, -1,
                                            670, 250, 248, -1, 670, 664, 669, -1,
                                            670, 248, 664, -1, 671, 413, 183, -1,
                                            671, 183, 414, -1, 671, 414, 672, -1,
                                            673, 256, 254, -1, 674, 256, 673, -1,
                                            674, 675, 414, -1, 674, 676, 675, -1,
                                            674, 677, 676, -1, 674, 673, 677, -1,
                                            678, 679, 416, -1, 678, 416, 232, -1,
                                            678, 232, 415, -1, 680, 415, 259, -1,
                                            681, 260, 261, -1, 681, 259, 260, -1,
                                            681, 680, 259, -1, 682, 680, 681, -1,
                                            683, 261, 262, -1, 683, 262, 263, -1,
                                            684, 416, 685, -1, 684, 417, 416, -1,
                                            684, 420, 417, -1, 686, 683, 263, -1,
                                            686, 687, 683, -1, 686, 263, 418, -1,
                                            688, 685, 689, -1, 688, 684, 685, -1,
                                            690, 684, 688, -1, 690, 420, 684, -1,
                                            690, 691, 420, -1, 692, 423, 233, -1,
                                            692, 233, 419, -1, 692, 693, 423, -1,
                                            694, 421, 695, -1, 694, 186, 421, -1,
                                            694, 418, 186, -1, 696, 419, 420, -1,
                                            697, 696, 420, -1, 697, 691, 698, -1,
                                            697, 420, 691, -1, 699, 696, 697, -1,
                                            700, 701, 702, -1, 703, 426, 704, -1,
                                            705, 421, 422, -1, 705, 700, 702, -1,
                                            705, 702, 421, -1, 705, 703, 700, -1,
                                            705, 426, 703, -1, 705, 422, 426, -1,
                                            706, 698, 704, -1, 706, 704, 426, -1,
                                            707, 423, 708, -1, 707, 424, 423, -1,
                                            707, 428, 424, -1, 709, 426, 425, -1,
                                            709, 706, 426, -1, 709, 710, 706, -1,
                                            711, 707, 708, -1, 711, 708, 712, -1,
                                            713, 714, 428, -1, 713, 428, 707, -1,
                                            713, 707, 711, -1, 715, 234, 427, -1,
                                            715, 716, 431, -1, 715, 431, 234, -1,
                                            717, 187, 429, -1, 717, 429, 718, -1,
                                            717, 425, 187, -1, 719, 427, 428, -1,
                                            720, 428, 714, -1, 720, 714, 721, -1,
                                            720, 719, 428, -1, 722, 719, 720, -1,
                                            723, 724, 725, -1, 726, 434, 727, -1,
                                            728, 430, 434, -1, 728, 725, 429, -1,
                                            728, 723, 725, -1, 728, 726, 723, -1,
                                            728, 434, 726, -1, 728, 429, 430, -1,
                                            729, 721, 727, -1, 729, 727, 434, -1,
                                            730, 436, 432, -1, 730, 431, 731, -1,
                                            730, 731, 732, -1, 730, 432, 431, -1,
                                            733, 434, 433, -1, 733, 729, 434, -1,
                                            733, 734, 729, -1, 735, 736, 436, -1,
                                            735, 436, 730, -1, 735, 730, 732, -1,
                                            735, 732, 737, -1, 738, 235, 435, -1,
                                            738, 439, 235, -1, 738, 739, 439, -1,
                                            740, 437, 741, -1, 740, 188, 437, -1,
                                            740, 433, 188, -1, 742, 435, 436, -1,
                                            743, 436, 736, -1, 743, 736, 744, -1,
                                            743, 742, 436, -1, 745, 742, 743, -1,
                                            746, 444, 747, -1, 746, 748, 749, -1,
                                            750, 438, 444, -1, 750, 444, 746, -1,
                                            750, 437, 438, -1, 750, 751, 437, -1,
                                            750, 746, 749, -1, 750, 749, 751, -1,
                                            752, 744, 747, -1, 752, 747, 444, -1,
                                            753, 442, 440, -1, 753, 440, 439, -1,
                                            753, 754, 755, -1, 753, 439, 754, -1,
                                            756, 752, 444, -1, 756, 444, 443, -1,
                                            756, 757, 752, -1, 758, 753, 755, -1,
                                            758, 759, 442, -1, 758, 755, 760, -1,
                                            758, 442, 753, -1, 761, 236, 441, -1,
                                            761, 762, 445, -1, 761, 445, 236, -1,
                                            763, 447, 764, -1, 763, 189, 447, -1,
                                            763, 443, 189, -1, 765, 441, 442, -1,
                                            766, 442, 759, -1, 766, 759, 767, -1,
                                            766, 765, 442, -1, 768, 765, 766, -1,
                                            769, 770, 771, -1, 769, 452, 772, -1,
                                            773, 769, 771, -1, 773, 452, 769, -1,
                                            773, 771, 774, -1, 773, 774, 447, -1,
                                            773, 448, 452, -1, 773, 447, 448, -1,
                                            775, 767, 772, -1, 775, 772, 452, -1,
                                            776, 450, 446, -1, 776, 445, 777, -1,
                                            776, 446, 445, -1, 778, 775, 452, -1,
                                            778, 452, 451, -1, 778, 779, 775, -1,
                                            780, 776, 777, -1, 780, 777, 781, -1,
                                            782, 783, 450, -1, 782, 776, 780, -1,
                                            782, 450, 776, -1, 784, 190, 454, -1,
                                            784, 454, 785, -1, 784, 451, 190, -1,
                                            786, 449, 450, -1, 787, 450, 783, -1,
                                            787, 786, 450, -1, 788, 789, 786, -1,
                                            788, 786, 787, -1, 790, 791, 792, -1,
                                            793, 457, 794, -1, 795, 790, 792, -1,
                                            795, 793, 790, -1, 795, 454, 455, -1,
                                            795, 457, 793, -1, 795, 455, 457, -1,
                                            795, 792, 454, -1, 796, 794, 457, -1,
                                            797, 798, 799, -1, 797, 799, 800, -1,
                                            797, 200, 199, -1, 797, 801, 798, -1,
                                            802, 796, 457, -1, 802, 457, 456, -1,
                                            803, 796, 802, -1, 804, 797, 800, -1,
                                            804, 800, 805, -1, 804, 200, 797, -1,
                                            806, 804, 805, -1, 806, 200, 804, -1,
                                            806, 201, 200, -1, 807, 803, 802, -1,
                                            808, 201, 806, -1, 808, 806, 805, -1,
                                            808, 202, 201, -1, 809, 211, 210, -1,
                                            810, 211, 809, -1, 810, 212, 211, -1,
                                            810, 809, 811, -1, 812, 810, 811, -1,
                                            812, 811, 813, -1, 812, 212, 810, -1,
                                            814, 815, 816, -1, 814, 213, 212, -1,
                                            814, 812, 813, -1, 814, 813, 817, -1,
                                            814, 817, 815, -1, 814, 212, 812, -1,
                                            818, 461, 460, -1, 818, 460, 469, -1,
                                            818, 469, 474, -1, 818, 474, 473, -1,
                                            819, 278, 461, -1, 819, 461, 818, -1,
                                            819, 282, 278, -1, 819, 818, 473, -1,
                                            820, 819, 473, -1, 821, 219, 462, -1,
                                            821, 462, 464, -1, 821, 465, 466, -1,
                                            821, 822, 479, -1, 821, 466, 467, -1,
                                            821, 467, 468, -1, 821, 468, 822, -1,
                                            821, 477, 219, -1, 821, 479, 477, -1,
                                            821, 464, 465, -1, 823, 282, 819, -1,
                                            823, 819, 820, -1, 824, 473, 475, -1,
                                            824, 820, 473, -1, 825, 820, 824, -1,
                                            825, 823, 820, -1, 826, 823, 825, -1,
                                            827, 822, 468, -1, 828, 823, 826, -1,
                                            829, 475, 472, -1, 829, 472, 476, -1,
                                            830, 290, 829, -1, 830, 829, 476, -1,
                                            830, 471, 284, -1, 830, 284, 283, -1,
                                            830, 283, 290, -1, 830, 476, 471, -1,
                                            831, 826, 825, -1, 831, 828, 826, -1,
                                            832, 827, 828, -1, 832, 828, 831, -1,
                                            833, 479, 822, -1, 834, 827, 832, -1,
                                            834, 822, 827, -1, 834, 833, 822, -1,
                                            835, 834, 832, -1, 835, 836, 834, -1,
                                            837, 479, 833, -1, 837, 833, 834, -1,
                                            837, 834, 836, -1, 838, 829, 290, -1,
                                            838, 839, 829, -1, 838, 840, 839, -1,
                                            841, 479, 837, -1, 841, 478, 479, -1,
                                            841, 485, 478, -1, 842, 838, 290, -1,
                                            842, 290, 291, -1, 842, 291, 292, -1,
                                            842, 292, 293, -1, 842, 293, 294, -1,
                                            842, 294, 480, -1, 843, 838, 842, -1,
                                            843, 842, 480, -1, 843, 840, 838, -1,
                                            844, 837, 836, -1, 844, 485, 841, -1,
                                            844, 841, 837, -1, 845, 840, 843, -1,
                                            845, 846, 840, -1, 847, 845, 843, -1,
                                            847, 500, 845, -1, 847, 843, 480, -1,
                                            848, 846, 845, -1, 849, 836, 850, -1,
                                            851, 489, 492, -1, 851, 490, 489, -1,
                                            851, 485, 844, -1, 851, 844, 852, -1,
                                            853, 492, 486, -1, 853, 851, 492, -1,
                                            853, 485, 851, -1, 853, 484, 485, -1,
                                            853, 486, 484, -1, 854, 500, 499, -1,
                                            854, 845, 500, -1, 854, 848, 845, -1,
                                            854, 855, 848, -1, 856, 849, 857, -1,
                                            858, 497, 500, -1, 858, 173, 497, -1,
                                            858, 847, 480, -1, 858, 500, 847, -1,
                                            858, 480, 481, -1, 858, 481, 482, -1,
                                            858, 482, 483, -1, 858, 487, 173, -1,
                                            858, 483, 487, -1, 859, 857, 855, -1,
                                            859, 856, 857, -1, 860, 493, 302, -1,
                                            860, 496, 493, -1, 860, 486, 494, -1,
                                            860, 494, 496, -1, 860, 302, 486, -1,
                                            861, 488, 490, -1, 861, 490, 862, -1,
                                            861, 856, 859, -1, 861, 859, 510, -1,
                                            861, 862, 856, -1, 863, 861, 510, -1,
                                            863, 488, 861, -1, 863, 510, 511, -1,
                                            864, 491, 488, -1, 864, 501, 491, -1,
                                            864, 488, 863, -1, 864, 511, 504, -1,
                                            864, 504, 501, -1, 864, 863, 511, -1,
                                            865, 506, 304, -1, 865, 304, 306, -1,
                                            865, 306, 503, -1, 865, 507, 506, -1,
                                            865, 503, 514, -1, 865, 514, 507, -1,
                                            866, 495, 516, -1, 866, 496, 495, -1,
                                            866, 508, 496, -1, 866, 512, 508, -1,
                                            866, 320, 512, -1, 866, 516, 320, -1,
                                            867, 511, 309, -1, 867, 504, 511, -1,
                                            867, 505, 504, -1, 867, 517, 505, -1,
                                            867, 309, 517, -1, 868, 534, 532, -1,
                                            868, 523, 530, -1, 868, 532, 313, -1,
                                            868, 530, 534, -1, 868, 313, 523, -1,
                                            869, 308, 314, -1, 869, 314, 540, -1,
                                            869, 317, 308, -1, 869, 540, 325, -1,
                                            869, 325, 317, -1, 870, 536, 531, -1,
                                            870, 537, 536, -1, 870, 321, 543, -1,
                                            870, 531, 322, -1, 870, 322, 321, -1,
                                            870, 543, 537, -1, 871, 539, 324, -1,
                                            871, 337, 539, -1, 871, 544, 548, -1,
                                            871, 548, 553, -1, 871, 553, 337, -1,
                                            871, 324, 544, -1, 872, 338, 334, -1,
                                            872, 334, 551, -1, 872, 562, 338, -1,
                                            872, 333, 561, -1, 872, 561, 562, -1,
                                            872, 551, 333, -1, 873, 340, 346, -1,
                                            873, 329, 340, -1, 873, 346, 560, -1,
                                            873, 560, 330, -1, 873, 330, 329, -1,
                                            874, 567, 562, -1, 874, 562, 558, -1,
                                            875, 568, 567, -1, 875, 351, 568, -1,
                                            875, 567, 874, -1, 875, 352, 351, -1,
                                            876, 582, 583, -1, 876, 570, 582, -1,
                                            877, 585, 580, -1, 877, 575, 343, -1,
                                            877, 579, 575, -1, 877, 580, 579, -1,
                                            877, 344, 581, -1, 877, 581, 585, -1,
                                            877, 343, 344, -1, 878, 876, 583, -1,
                                            878, 586, 359, -1, 878, 583, 586, -1,
                                            878, 359, 352, -1, 879, 576, 349, -1,
                                            879, 582, 576, -1, 879, 353, 582, -1,
                                            879, 349, 584, -1, 879, 584, 355, -1,
                                            879, 355, 353, -1, 880, 363, 608, -1,
                                            880, 608, 610, -1, 880, 610, 601, -1,
                                            880, 595, 362, -1, 880, 362, 363, -1,
                                            880, 597, 595, -1, 880, 601, 597, -1,
                                            881, 379, 598, -1, 881, 598, 364, -1,
                                            881, 380, 379, -1, 882, 368, 615, -1,
                                            882, 615, 385, -1, 882, 385, 380, -1,
                                            883, 389, 382, -1, 883, 376, 624, -1,
                                            883, 381, 376, -1, 883, 382, 381, -1,
                                            883, 624, 389, -1, 884, 378, 384, -1,
                                            885, 384, 626, -1, 885, 626, 629, -1,
                                            885, 884, 384, -1, 885, 886, 884, -1,
                                            887, 624, 623, -1, 888, 636, 887, -1,
                                            889, 887, 636, -1, 889, 625, 624, -1,
                                            889, 636, 625, -1, 889, 624, 887, -1,
                                            890, 388, 627, -1, 890, 627, 635, -1,
                                            891, 388, 890, -1, 891, 635, 640, -1,
                                            891, 890, 635, -1, 892, 634, 390, -1,
                                            892, 390, 388, -1, 892, 388, 891, -1,
                                            892, 891, 640, -1, 893, 632, 637, -1,
                                            893, 636, 888, -1, 894, 893, 637, -1,
                                            894, 638, 636, -1, 894, 637, 638, -1,
                                            894, 636, 893, -1, 895, 892, 640, -1,
                                            895, 639, 896, -1, 895, 640, 639, -1,
                                            895, 634, 892, -1, 897, 391, 400, -1,
                                            897, 400, 401, -1, 897, 637, 391, -1,
                                            897, 403, 637, -1, 897, 401, 403, -1,
                                            898, 634, 895, -1, 898, 895, 896, -1,
                                            899, 896, 647, -1, 899, 898, 896, -1,
                                            899, 647, 649, -1, 899, 634, 898, -1,
                                            900, 642, 402, -1, 900, 641, 642, -1,
                                            901, 641, 900, -1, 901, 643, 641, -1,
                                            901, 900, 402, -1, 902, 643, 901, -1,
                                            902, 402, 406, -1, 902, 406, 657, -1,
                                            902, 901, 402, -1, 903, 896, 639, -1,
                                            903, 643, 902, -1, 903, 902, 657, -1,
                                            903, 639, 643, -1, 904, 896, 903, -1,
                                            904, 903, 657, -1, 905, 654, 647, -1,
                                            905, 647, 896, -1, 905, 896, 904, -1,
                                            905, 904, 657, -1, 906, 651, 404, -1,
                                            906, 652, 651, -1, 906, 404, 653, -1,
                                            907, 652, 906, -1, 907, 906, 653, -1,
                                            908, 653, 658, -1, 908, 907, 653, -1,
                                            909, 655, 648, -1, 909, 658, 655, -1,
                                            909, 648, 910, -1, 911, 907, 908, -1,
                                            912, 658, 909, -1, 912, 908, 658, -1,
                                            912, 909, 910, -1, 912, 910, 913, -1,
                                            914, 652, 907, -1, 914, 907, 911, -1,
                                            915, 648, 663, -1, 915, 663, 668, -1,
                                            915, 910, 648, -1, 916, 914, 911, -1,
                                            917, 244, 230, -1, 917, 248, 244, -1,
                                            917, 230, 407, -1, 917, 407, 664, -1,
                                            917, 664, 248, -1, 918, 913, 910, -1,
                                            918, 910, 915, -1, 919, 913, 920, -1,
                                            921, 666, 665, -1, 921, 665, 914, -1,
                                            921, 914, 916, -1, 921, 916, 919, -1,
                                            922, 919, 920, -1, 922, 921, 919, -1,
                                            923, 915, 668, -1, 923, 668, 667, -1,
                                            923, 918, 915, -1, 924, 666, 921, -1,
                                            924, 669, 666, -1, 924, 921, 922, -1,
                                            924, 670, 669, -1, 925, 926, 923, -1,
                                            925, 923, 667, -1, 927, 920, 913, -1,
                                            928, 413, 671, -1, 928, 667, 413, -1,
                                            928, 672, 925, -1, 928, 671, 672, -1,
                                            928, 925, 667, -1, 929, 930, 926, -1,
                                            929, 925, 672, -1, 929, 926, 925, -1,
                                            931, 920, 927, -1, 932, 929, 675, -1,
                                            932, 931, 927, -1, 932, 675, 676, -1,
                                            932, 930, 929, -1, 932, 927, 930, -1,
                                            933, 250, 670, -1, 933, 670, 924, -1,
                                            933, 251, 250, -1, 934, 932, 676, -1,
                                            934, 676, 677, -1, 934, 677, 673, -1,
                                            934, 931, 932, -1, 935, 934, 673, -1,
                                            935, 254, 251, -1, 935, 673, 254, -1,
                                            936, 414, 184, -1, 936, 245, 256, -1,
                                            936, 184, 245, -1, 936, 256, 674, -1,
                                            936, 674, 414, -1, 937, 415, 680, -1,
                                            937, 678, 415, -1, 937, 679, 678, -1,
                                            938, 680, 682, -1, 938, 937, 680, -1,
                                            938, 679, 937, -1, 939, 938, 682, -1,
                                            940, 939, 682, -1, 940, 261, 941, -1,
                                            940, 681, 261, -1, 940, 682, 681, -1,
                                            942, 938, 939, -1, 943, 939, 940, -1,
                                            943, 941, 944, -1, 943, 940, 941, -1,
                                            945, 679, 938, -1, 945, 938, 942, -1,
                                            946, 261, 683, -1, 946, 683, 687, -1,
                                            946, 941, 261, -1, 947, 689, 685, -1,
                                            947, 685, 945, -1, 947, 945, 942, -1,
                                            948, 944, 941, -1, 948, 941, 946, -1,
                                            949, 944, 950, -1, 951, 689, 947, -1,
                                            951, 949, 950, -1, 951, 947, 949, -1,
                                            952, 948, 946, -1, 952, 946, 687, -1,
                                            953, 688, 689, -1, 953, 689, 951, -1,
                                            953, 690, 688, -1, 954, 687, 686, -1,
                                            954, 952, 687, -1, 954, 955, 952, -1,
                                            956, 950, 944, -1, 957, 686, 418, -1,
                                            957, 954, 686, -1, 957, 418, 694, -1,
                                            957, 695, 954, -1, 957, 694, 695, -1,
                                            958, 702, 701, -1, 959, 954, 695, -1,
                                            959, 955, 954, -1, 959, 958, 955, -1,
                                            959, 702, 958, -1, 960, 950, 956, -1,
                                            960, 958, 701, -1, 960, 956, 958, -1,
                                            961, 419, 696, -1, 961, 692, 419, -1,
                                            961, 693, 692, -1, 962, 691, 690, -1,
                                            962, 698, 691, -1, 962, 690, 953, -1,
                                            963, 701, 700, -1, 963, 700, 703, -1,
                                            963, 960, 701, -1, 964, 696, 699, -1,
                                            964, 961, 696, -1, 964, 693, 961, -1,
                                            965, 963, 703, -1, 965, 703, 704, -1,
                                            965, 704, 698, -1, 966, 964, 699, -1,
                                            967, 697, 698, -1, 967, 699, 697, -1,
                                            967, 698, 968, -1, 969, 967, 968, -1,
                                            969, 966, 699, -1, 969, 699, 967, -1,
                                            969, 968, 970, -1, 971, 968, 698, -1,
                                            971, 706, 710, -1, 971, 698, 706, -1,
                                            972, 973, 974, -1, 972, 708, 973, -1,
                                            972, 712, 708, -1, 975, 968, 971, -1,
                                            975, 970, 968, -1, 976, 970, 977, -1,
                                            978, 712, 972, -1, 978, 972, 976, -1,
                                            978, 976, 977, -1, 979, 971, 710, -1,
                                            979, 975, 971, -1, 980, 711, 712, -1,
                                            980, 712, 978, -1, 980, 713, 711, -1,
                                            981, 979, 710, -1, 981, 710, 709, -1,
                                            982, 977, 970, -1, 983, 717, 718, -1,
                                            983, 425, 717, -1, 983, 718, 981, -1,
                                            983, 709, 425, -1, 983, 981, 709, -1,
                                            984, 725, 724, -1, 985, 725, 984, -1,
                                            985, 984, 986, -1, 987, 984, 724, -1,
                                            987, 977, 982, -1, 987, 982, 984, -1,
                                            988, 715, 427, -1, 988, 716, 715, -1,
                                            988, 427, 719, -1, 989, 721, 714, -1,
                                            989, 714, 713, -1, 989, 713, 980, -1,
                                            990, 987, 724, -1, 990, 723, 726, -1,
                                            990, 724, 723, -1, 991, 988, 719, -1,
                                            991, 719, 722, -1, 991, 716, 988, -1,
                                            992, 727, 721, -1, 992, 990, 726, -1,
                                            992, 726, 727, -1, 993, 991, 722, -1,
                                            994, 722, 720, -1, 994, 721, 995, -1,
                                            994, 720, 721, -1, 996, 722, 994, -1,
                                            996, 995, 997, -1, 996, 993, 722, -1,
                                            996, 994, 995, -1, 998, 731, 431, -1,
                                            998, 732, 731, -1, 998, 737, 732, -1,
                                            998, 431, 716, -1, 999, 737, 998, -1,
                                            1000, 721, 729, -1, 1000, 995, 721, -1,
                                            1000, 729, 734, -1, 1001, 997, 995, -1,
                                            1001, 995, 1000, -1, 1002, 997, 1003, -1,
                                            1004, 735, 737, -1, 1004, 737, 999, -1,
                                            1004, 1002, 1003, -1, 1004, 999, 1002, -1,
                                            1005, 1000, 734, -1, 1005, 1001, 1000, -1,
                                            1006, 734, 733, -1, 1006, 1005, 734, -1,
                                            1007, 1003, 997, -1, 1008, 733, 433, -1,
                                            1008, 1006, 733, -1, 1008, 740, 741, -1,
                                            1008, 433, 740, -1, 1008, 741, 1006, -1,
                                            1009, 748, 1007, -1, 1010, 735, 1004, -1,
                                            1010, 1004, 1003, -1, 1011, 1003, 1007, -1,
                                            1011, 1007, 748, -1, 1011, 746, 1010, -1,
                                            1011, 1010, 1003, -1, 1011, 748, 746, -1,
                                            1012, 735, 1010, -1, 1012, 1010, 746, -1,
                                            1013, 738, 435, -1, 1013, 739, 738, -1,
                                            1013, 435, 742, -1, 1014, 744, 736, -1,
                                            1014, 747, 744, -1, 1014, 746, 747, -1,
                                            1014, 1012, 746, -1, 1014, 736, 735, -1,
                                            1014, 735, 1012, -1, 1015, 741, 437, -1,
                                            1015, 748, 1009, -1, 1015, 437, 751, -1,
                                            1015, 749, 748, -1, 1015, 751, 749, -1,
                                            1016, 739, 1013, -1, 1016, 1013, 742, -1,
                                            1016, 742, 745, -1, 1017, 1016, 745, -1,
                                            1018, 743, 744, -1, 1018, 744, 1019, -1,
                                            1018, 745, 743, -1, 1020, 1019, 1021, -1,
                                            1020, 1017, 745, -1, 1020, 745, 1018, -1,
                                            1020, 1018, 1019, -1, 1022, 760, 755, -1,
                                            1022, 439, 739, -1, 1022, 755, 754, -1,
                                            1022, 754, 439, -1, 1023, 760, 1022, -1,
                                            1024, 744, 752, -1, 1024, 1019, 744, -1,
                                            1024, 752, 757, -1, 1025, 1021, 1019, -1,
                                            1025, 1019, 1024, -1, 1026, 760, 1023, -1,
                                            1026, 1021, 1027, -1, 1028, 758, 760, -1,
                                            1028, 760, 1026, -1, 1028, 1026, 1027, -1,
                                            1029, 1025, 1024, -1, 1029, 1024, 757, -1,
                                            1030, 757, 756, -1, 1030, 1029, 757, -1,
                                            1031, 1027, 1021, -1, 1032, 756, 443, -1,
                                            1032, 443, 763, -1, 1032, 1030, 756, -1,
                                            1032, 764, 1030, -1, 1032, 763, 764, -1,
                                            1033, 758, 1028, -1, 1033, 1028, 1027, -1,
                                            1034, 1027, 1031, -1, 1034, 1031, 1035, -1,
                                            1034, 770, 769, -1, 1034, 1033, 1027, -1,
                                            1034, 1035, 770, -1, 1034, 769, 1033, -1,
                                            1036, 1033, 769, -1, 1036, 758, 1033, -1,
                                            1037, 762, 761, -1, 1037, 441, 765, -1,
                                            1037, 761, 441, -1, 1038, 759, 758, -1,
                                            1038, 767, 759, -1, 1038, 769, 772, -1,
                                            1038, 772, 767, -1, 1038, 758, 1036, -1,
                                            1038, 1036, 769, -1, 1039, 771, 770, -1,
                                            1039, 764, 447, -1, 1039, 774, 771, -1,
                                            1039, 447, 774, -1, 1039, 770, 1035, -1,
                                            1040, 762, 1037, -1, 1040, 1037, 765, -1,
                                            1040, 765, 768, -1, 1041, 1040, 768, -1,
                                            1042, 767, 1043, -1, 1042, 766, 767, -1,
                                            1042, 768, 766, -1, 1042, 1041, 768, -1,
                                            1044, 1040, 1041, -1, 1045, 1042, 1043, -1,
                                            1045, 1043, 1046, -1, 1045, 1041, 1042, -1,
                                            1047, 1040, 1044, -1, 1047, 762, 1040, -1,
                                            1048, 1043, 767, -1, 1048, 767, 775, -1,
                                            1048, 775, 779, -1, 1049, 1047, 1044, -1,
                                            1049, 777, 1047, -1, 1049, 781, 777, -1,
                                            1050, 1048, 779, -1, 1050, 1046, 1043, -1,
                                            1050, 1043, 1048, -1, 1051, 1046, 1052, -1,
                                            1053, 781, 1049, -1, 1053, 1049, 1051, -1,
                                            1053, 1051, 1052, -1, 1054, 1050, 779, -1,
                                            1055, 781, 1053, -1, 1055, 780, 781, -1,
                                            1055, 782, 780, -1, 1056, 1054, 779, -1,
                                            1056, 1057, 1054, -1, 1056, 779, 778, -1,
                                            1058, 1052, 1046, -1, 1059, 785, 1056, -1,
                                            1059, 1056, 778, -1, 1059, 778, 451, -1,
                                            1059, 784, 785, -1, 1059, 451, 784, -1,
                                            1060, 453, 237, -1, 1060, 449, 786, -1,
                                            1060, 237, 449, -1, 1060, 786, 789, -1,
                                            1061, 792, 791, -1, 1062, 1056, 785, -1,
                                            1062, 792, 1061, -1, 1062, 1061, 1057, -1,
                                            1062, 1057, 1056, -1, 1063, 1061, 791, -1,
                                            1063, 1052, 1058, -1, 1063, 1058, 1061, -1,
                                            1064, 782, 1055, -1, 1064, 1065, 783, -1,
                                            1064, 783, 782, -1, 1066, 790, 793, -1,
                                            1066, 1063, 791, -1, 1066, 791, 790, -1,
                                            1067, 787, 783, -1, 1067, 783, 1065, -1,
                                            1068, 793, 794, -1, 1068, 794, 1065, -1,
                                            1068, 1066, 793, -1, 1069, 788, 1070, -1,
                                            1069, 1060, 789, -1, 1069, 453, 1060, -1,
                                            1069, 789, 788, -1, 1071, 1067, 1065, -1,
                                            1072, 788, 787, -1, 1072, 1067, 1071, -1,
                                            1072, 787, 1067, -1, 1073, 453, 1069, -1,
                                            1073, 1069, 1070, -1, 1074, 1072, 1071, -1,
                                            1075, 794, 796, -1, 1075, 1065, 794, -1,
                                            1075, 1071, 1065, -1, 1075, 1074, 1071, -1,
                                            1076, 1072, 1074, -1, 1077, 801, 1078, -1,
                                            1077, 799, 798, -1, 1077, 800, 799, -1,
                                            1077, 805, 800, -1, 1077, 798, 801, -1,
                                            1077, 1073, 1070, -1, 1077, 453, 1073, -1,
                                            1077, 1078, 453, -1, 1079, 1072, 1076, -1,
                                            1080, 1079, 1076, -1, 1080, 1075, 796, -1,
                                            1080, 796, 803, -1, 1080, 1074, 1075, -1,
                                            1080, 1076, 1074, -1, 1081, 1070, 788, -1,
                                            1081, 788, 1072, -1, 1082, 193, 453, -1,
                                            1082, 194, 193, -1, 1082, 195, 194, -1,
                                            1082, 196, 195, -1, 1082, 197, 196, -1,
                                            1082, 453, 1078, -1, 1083, 1072, 1079, -1,
                                            1083, 1081, 1072, -1, 1084, 803, 1085, -1,
                                            1084, 1083, 1079, -1, 1084, 1080, 803, -1,
                                            1084, 1079, 1080, -1, 1086, 1081, 1083, -1,
                                            1086, 1084, 1085, -1, 1086, 1083, 1084, -1,
                                            1087, 1070, 1081, -1, 1087, 1081, 1086, -1,
                                            1088, 1087, 1086, -1, 1089, 456, 191, -1,
                                            1089, 807, 802, -1, 1089, 802, 456, -1,
                                            1089, 191, 458, -1, 1090, 1085, 803, -1,
                                            1090, 807, 1089, -1, 1090, 1089, 458, -1,
                                            1090, 803, 807, -1, 1091, 1088, 1086, -1,
                                            1091, 1086, 1085, -1, 1092, 202, 808, -1,
                                            1092, 203, 202, -1, 1092, 204, 203, -1,
                                            1092, 205, 204, -1, 1093, 1088, 1091, -1,
                                            1094, 1090, 458, -1, 1094, 1085, 1090, -1,
                                            1095, 205, 1092, -1, 1095, 206, 205, -1,
                                            1095, 207, 206, -1, 1096, 816, 815, -1,
                                            1096, 813, 811, -1, 1096, 1085, 1094, -1,
                                            1096, 817, 813, -1, 1096, 815, 817, -1,
                                            1096, 1094, 458, -1, 1096, 458, 1097, -1,
                                            1096, 1097, 816, -1, 1098, 1093, 1091, -1,
                                            1098, 1095, 1093, -1, 1098, 207, 1095, -1,
                                            1098, 208, 207, -1, 1098, 209, 208, -1,
                                            1098, 210, 209, -1, 1098, 809, 210, -1,
                                            1099, 458, 192, -1, 1099, 216, 215, -1,
                                            1099, 217, 216, -1, 1099, 218, 217, -1,
                                            1099, 192, 218, -1, 1099, 1097, 458, -1,
                                            1100, 463, 279, -1, 1100, 828, 827, -1,
                                            1100, 823, 828, -1, 1100, 280, 281, -1,
                                            1100, 281, 282, -1, 1100, 468, 463, -1,
                                            1100, 282, 823, -1, 1100, 827, 468, -1,
                                            1100, 279, 280, -1, 1101, 824, 475, -1,
                                            1101, 829, 839, -1, 1101, 475, 829, -1,
                                            1102, 831, 825, -1, 1102, 825, 824, -1,
                                            1102, 839, 840, -1, 1102, 1101, 839, -1,
                                            1102, 824, 1101, -1, 1103, 1102, 840, -1,
                                            1103, 831, 1102, -1, 1104, 835, 832, -1,
                                            1104, 836, 835, -1, 1104, 1103, 850, -1,
                                            1104, 831, 1103, -1, 1104, 850, 836, -1,
                                            1104, 832, 831, -1, 1105, 840, 846, -1,
                                            1105, 1103, 840, -1, 1105, 850, 1103, -1,
                                            1105, 846, 848, -1, 1106, 850, 1105, -1,
                                            1106, 1105, 848, -1, 1106, 849, 850, -1,
                                            1106, 848, 855, -1, 1106, 857, 849, -1,
                                            1106, 855, 857, -1, 1107, 844, 836, -1,
                                            1107, 852, 844, -1, 1107, 836, 849, -1,
                                            1107, 849, 856, -1, 1107, 856, 862, -1,
                                            1108, 490, 851, -1, 1108, 862, 490, -1,
                                            1108, 1107, 862, -1, 1108, 852, 1107, -1,
                                            1108, 851, 852, -1, 1109, 859, 855, -1,
                                            1109, 498, 510, -1, 1109, 499, 498, -1,
                                            1109, 854, 499, -1, 1109, 855, 854, -1,
                                            1109, 510, 859, -1, 1110, 569, 570, -1,
                                            1110, 558, 569, -1, 1110, 874, 558, -1,
                                            1110, 570, 876, -1, 1111, 874, 1110, -1,
                                            1111, 875, 874, -1, 1111, 876, 878, -1,
                                            1111, 1110, 876, -1, 1112, 352, 875, -1,
                                            1112, 875, 1111, -1, 1112, 878, 352, -1,
                                            1112, 1111, 878, -1, 1113, 368, 882, -1,
                                            1113, 881, 364, -1, 1113, 380, 881, -1,
                                            1113, 882, 380, -1, 1113, 364, 368, -1,
                                            1114, 619, 378, -1, 1114, 623, 619, -1,
                                            1114, 378, 884, -1, 1114, 888, 887, -1,
                                            1114, 884, 886, -1, 1114, 887, 623, -1,
                                            1114, 886, 888, -1, 1115, 632, 893, -1,
                                            1115, 893, 888, -1, 1115, 629, 632, -1,
                                            1115, 886, 885, -1, 1115, 885, 629, -1,
                                            1115, 888, 886, -1, 1116, 634, 899, -1,
                                            1116, 899, 649, -1, 1116, 398, 634, -1,
                                            1116, 649, 644, -1, 1116, 644, 398, -1,
                                            1117, 412, 659, -1, 1117, 659, 654, -1,
                                            1117, 905, 657, -1, 1117, 657, 412, -1,
                                            1117, 654, 905, -1, 1118, 914, 665, -1,
                                            1118, 665, 407, -1, 1118, 652, 914, -1,
                                            1118, 407, 652, -1, 1119, 911, 908, -1,
                                            1119, 908, 912, -1, 1119, 912, 913, -1,
                                            1119, 916, 911, -1, 1119, 919, 916, -1,
                                            1119, 913, 919, -1, 1120, 926, 930, -1,
                                            1120, 927, 913, -1, 1120, 923, 926, -1,
                                            1120, 918, 923, -1, 1120, 913, 918, -1,
                                            1120, 930, 927, -1, 1121, 920, 931, -1,
                                            1121, 931, 934, -1, 1121, 922, 920, -1,
                                            1121, 924, 922, -1, 1122, 934, 935, -1,
                                            1122, 924, 1121, -1, 1122, 933, 924, -1,
                                            1122, 1121, 934, -1, 1123, 675, 929, -1,
                                            1123, 929, 672, -1, 1123, 672, 414, -1,
                                            1123, 414, 675, -1, 1124, 251, 933, -1,
                                            1124, 1122, 935, -1, 1124, 935, 251, -1,
                                            1124, 933, 1122, -1, 1125, 945, 685, -1,
                                            1125, 685, 416, -1, 1125, 416, 679, -1,
                                            1125, 679, 945, -1, 1126, 939, 943, -1,
                                            1126, 943, 944, -1, 1126, 944, 949, -1,
                                            1126, 947, 942, -1, 1126, 949, 947, -1,
                                            1126, 942, 939, -1, 1127, 944, 948, -1,
                                            1127, 956, 944, -1, 1127, 948, 952, -1,
                                            1127, 952, 955, -1, 1127, 955, 958, -1,
                                            1127, 958, 956, -1, 1128, 953, 951, -1,
                                            1128, 960, 963, -1, 1128, 951, 950, -1,
                                            1128, 950, 960, -1, 1129, 963, 965, -1,
                                            1129, 1128, 963, -1, 1129, 962, 953, -1,
                                            1129, 953, 1128, -1, 1130, 695, 421, -1,
                                            1130, 702, 959, -1, 1130, 421, 702, -1,
                                            1130, 959, 695, -1, 1131, 1129, 965, -1,
                                            1131, 962, 1129, -1, 1131, 698, 962, -1,
                                            1131, 965, 698, -1, 1132, 966, 974, -1,
                                            1132, 974, 973, -1, 1132, 964, 966, -1,
                                            1132, 693, 964, -1, 1133, 708, 423, -1,
                                            1133, 693, 1132, -1, 1133, 973, 708, -1,
                                            1133, 1132, 973, -1, 1133, 423, 693, -1,
                                            1134, 974, 966, -1, 1134, 966, 969, -1,
                                            1134, 969, 970, -1, 1134, 972, 974, -1,
                                            1134, 976, 972, -1, 1134, 970, 976, -1,
                                            1135, 975, 979, -1, 1135, 979, 986, -1,
                                            1135, 982, 970, -1, 1135, 984, 982, -1,
                                            1135, 986, 984, -1, 1135, 970, 975, -1,
                                            1136, 981, 718, -1, 1136, 986, 979, -1,
                                            1136, 979, 981, -1, 1136, 985, 986, -1,
                                            1137, 980, 978, -1, 1137, 978, 977, -1,
                                            1137, 987, 990, -1, 1137, 977, 987, -1,
                                            1138, 989, 980, -1, 1138, 980, 1137, -1,
                                            1138, 990, 992, -1, 1138, 1137, 990, -1,
                                            1139, 725, 985, -1, 1139, 429, 725, -1,
                                            1139, 1136, 718, -1, 1139, 718, 429, -1,
                                            1139, 985, 1136, -1, 1140, 721, 989, -1,
                                            1140, 989, 1138, -1, 1140, 1138, 992, -1,
                                            1140, 992, 721, -1, 1141, 716, 991, -1,
                                            1141, 991, 993, -1, 1141, 993, 1142, -1,
                                            1141, 1142, 999, -1, 1141, 998, 716, -1,
                                            1141, 999, 998, -1, 1143, 996, 997, -1,
                                            1143, 997, 1002, -1, 1143, 1142, 993, -1,
                                            1143, 999, 1142, -1, 1143, 993, 996, -1,
                                            1143, 1002, 999, -1, 1144, 1005, 1145, -1,
                                            1144, 1007, 997, -1, 1144, 1145, 1009, -1,
                                            1144, 1009, 1007, -1, 1144, 997, 1001, -1,
                                            1144, 1001, 1005, -1, 1146, 1145, 1005, -1,
                                            1146, 1009, 1145, -1, 1146, 1015, 1009, -1,
                                            1146, 741, 1015, -1, 1146, 1005, 1006, -1,
                                            1146, 1006, 741, -1, 1147, 1017, 1148, -1,
                                            1147, 1016, 1017, -1, 1147, 1023, 1022, -1,
                                            1147, 1148, 1023, -1, 1147, 739, 1016, -1,
                                            1147, 1022, 739, -1, 1149, 1148, 1017, -1,
                                            1149, 1017, 1020, -1, 1149, 1026, 1023, -1,
                                            1149, 1023, 1148, -1, 1149, 1021, 1026, -1,
                                            1149, 1020, 1021, -1, 1150, 1035, 1031, -1,
                                            1150, 1021, 1025, -1, 1150, 1031, 1021, -1,
                                            1150, 1025, 1029, -1, 1150, 1029, 1151, -1,
                                            1150, 1151, 1035, -1, 1152, 1039, 1035, -1,
                                            1152, 1151, 1029, -1, 1152, 1029, 1030, -1,
                                            1152, 1030, 764, -1, 1152, 764, 1039, -1,
                                            1152, 1035, 1151, -1, 1153, 762, 1047, -1,
                                            1153, 1047, 777, -1, 1153, 777, 445, -1,
                                            1153, 445, 762, -1, 1154, 1044, 1041, -1,
                                            1154, 1045, 1046, -1, 1154, 1049, 1044, -1,
                                            1154, 1051, 1049, -1, 1154, 1046, 1051, -1,
                                            1154, 1041, 1045, -1, 1155, 1050, 1054, -1,
                                            1155, 1046, 1050, -1, 1155, 1054, 1057, -1,
                                            1155, 1058, 1046, -1, 1155, 1061, 1058, -1,
                                            1155, 1057, 1061, -1, 1156, 1055, 1053, -1,
                                            1156, 1052, 1063, -1, 1156, 1063, 1066, -1,
                                            1156, 1053, 1052, -1, 1157, 1055, 1156, -1,
                                            1157, 1156, 1066, -1, 1157, 1064, 1055, -1,
                                            1157, 1066, 1068, -1, 1158, 785, 454, -1,
                                            1158, 1062, 785, -1, 1158, 792, 1062, -1,
                                            1158, 454, 792, -1, 1159, 1064, 1157, -1,
                                            1159, 1157, 1068, -1, 1159, 1065, 1064, -1,
                                            1159, 1068, 1065, -1, 1160, 197, 1082, -1,
                                            1160, 1078, 801, -1, 1160, 797, 199, -1,
                                            1160, 1082, 1078, -1, 1160, 198, 197, -1,
                                            1160, 199, 198, -1, 1160, 801, 797, -1,
                                            1161, 1070, 1087, -1, 1161, 805, 1077, -1,
                                            1161, 808, 805, -1, 1161, 1077, 1070, -1,
                                            1162, 1087, 1088, -1, 1162, 808, 1161, -1,
                                            1162, 1088, 1093, -1, 1162, 1161, 1087, -1,
                                            1163, 1162, 1093, -1, 1163, 808, 1162, -1,
                                            1163, 1095, 1092, -1, 1163, 1093, 1095, -1,
                                            1163, 1092, 808, -1, 1164, 1096, 811, -1,
                                            1164, 1085, 1096, -1, 1164, 1098, 1091, -1,
                                            1164, 1091, 1085, -1, 1164, 811, 809, -1,
                                            1164, 809, 1098, -1, 1165, 214, 213, -1,
                                            1165, 215, 214, -1, 1165, 814, 816, -1,
                                            1165, 213, 814, -1, 1165, 1099, 215, -1,
                                            1165, 1097, 1099, -1, 1165, 816, 1097, -1,
                                            1169, 1166, 1167, -1, 1169, 1167, 1168, -1,
                                            1169, 1170, 1171, -1, 1169, 1171, 1172, -1,
                                            1169, 1172, 1173, -1, 1169, 1173, 1174, -1,
                                            1169, 1174, 1175, -1, 1169, 1175, 1176, -1,
                                            1169, 1176, 1177, -1, 1169, 1177, 1178, -1,
                                            1169, 1178, 1179, -1, 1169, 1179, 1180, -1,
                                            1169, 1180, 1181, -1, 1169, 1181, 1182, -1,
                                            1169, 1182, 1183, -1, 1169, 1183, 1184, -1,
                                            1169, 1184, 1185, -1, 1169, 1185, 1186, -1,
                                            1169, 1186, 1187, -1, 1169, 1187, 1188, -1,
                                            1169, 1188, 1189, -1, 1169, 1189, 1190, -1,
                                            1169, 1190, 1191, -1, 1169, 1191, 1166, -1 ]
                                        ccw TRUE
                                        solid FALSE
                                        convex TRUE
                                        creaseAngle 0

                                      }

                                    }

                                } ]

                            }

                        }

                    } ]

                }

            }

        }

    }

}
